dataset_name,model_name,user_id,item_id,rank,score,dominant_factors,fidelity_at_2,fidelity_at_3
ml_latest_small,coupled_nmf,1,1204,1,5.33174991607666,"f12,f22,f37",0.07346383482217789,0.10835236310958862
ml_latest_small,coupled_nmf,1,904,2,5.284067153930664,"f26,f12,f37",0.0788588896393776,0.11571687459945679
ml_latest_small,coupled_nmf,1,898,3,5.281895637512207,"f37,f22,f12",0.07450741529464722,0.10788711905479431
ml_latest_small,coupled_nmf,1,1235,4,5.202785491943359,"f8,f16,f22",0.07418396323919296,0.10953816026449203
ml_latest_small,coupled_nmf,1,1223,5,5.1987433433532715,"f15,f22,f12",0.07581163197755814,0.10972069203853607
ml_latest_small,coupled_nmf,1,1276,6,5.163609504699707,"f12,f37,f22",0.07530772686004639,0.11173741519451141
ml_latest_small,coupled_nmf,1,2160,7,5.149080276489258,"f12,f26,f8",0.07048971951007843,0.1032906249165535
ml_latest_small,coupled_nmf,1,1148,8,5.143245697021484,"f37,f16,f26",0.08481207489967346,0.12041806429624557
ml_latest_small,coupled_nmf,1,908,9,5.142285346984863,"f22,f14,f26",0.07246964424848557,0.1067972183227539
ml_latest_small,coupled_nmf,1,1945,10,5.142037391662598,"f12,f37,f15",0.07390794903039932,0.10914334654808044
ml_latest_small,coupled_nmf,2,1204,1,4.363873481750488,"f22,f21,f6",0.06613843888044357,0.09759155660867691
ml_latest_small,coupled_nmf,2,898,2,4.335440158843994,"f24,f33,f22",0.06724142283201218,0.09917581081390381
ml_latest_small,coupled_nmf,2,908,3,4.272512435913086,"f21,f24,f40",0.07599480450153351,0.11113955825567245
ml_latest_small,coupled_nmf,2,1235,4,4.272252559661865,"f8,f22,f39",0.06936400383710861,0.102411188185215
ml_latest_small,coupled_nmf,2,904,5,4.272190093994141,"f26,f6,f22",0.07128284126520157,0.10598481446504593
ml_latest_small,coupled_nmf,2,2959,6,4.2430572509765625,"f17,f6,f14",0.08409139513969421,0.12532062828540802
ml_latest_small,coupled_nmf,2,1223,7,4.241054534912109,"f22,f15,f9",0.06910981237888336,0.10165493190288544
ml_latest_small,coupled_nmf,2,1104,8,4.235805511474609,"f15,f21,f22",0.06328238546848297,0.09446755051612854
ml_latest_small,coupled_nmf,2,2160,9,4.230771064758301,"f21,f27,f6",0.06660447269678116,0.09900246560573578
ml_latest_small,coupled_nmf,2,750,10,4.227396011352539,"f24,f22,f6",0.07854399085044861,0.11480791121721268
ml_latest_small,coupled_nmf,3,904,1,1.7131949663162231,"f26,f12,f1",0.1079130470752716,0.1518733948469162
ml_latest_small,coupled_nmf,3,1204,2,1.713106393814087,"f26,f12,f4",0.09787797182798386,0.14394527673721313
ml_latest_small,coupled_nmf,3,898,3,1.6834909915924072,"f4,f12,f26",0.10182628780603409,0.14551900327205658
ml_latest_small,coupled_nmf,3,1104,4,1.6792151927947998,"f4,f1,f15",0.10871456563472748,0.15936307609081268
ml_latest_small,coupled_nmf,3,356,5,1.6691335439682007,"f1,f12,f4",0.1496185064315796,0.20044001936912537
ml_latest_small,coupled_nmf,3,1235,6,1.6685032844543457,"f1,f32,f15",0.09408780932426453,0.13905714452266693
ml_latest_small,coupled_nmf,3,1223,7,1.6644742488861084,"f4,f15,f26",0.11213310807943344,0.16018110513687134
ml_latest_small,coupled_nmf,3,2160,8,1.661048173904419,"f26,f12,f4",0.0966709777712822,0.14218109846115112
ml_latest_small,coupled_nmf,3,1945,9,1.6484450101852417,"f4,f12,f15",0.1092870756983757,0.15856434404850006
ml_latest_small,coupled_nmf,3,908,10,1.6465249061584473,"f1,f26,f4",0.10193918645381927,0.14865198731422424
ml_latest_small,coupled_nmf,4,898,1,4.160427093505859,"f21,f3,f30",0.103895403444767,0.14403250813484192
ml_latest_small,coupled_nmf,4,1204,2,4.144308090209961,"f21,f8,f25",0.10154770314693451,0.13995054364204407
ml_latest_small,coupled_nmf,4,1235,3,4.070055961608887,"f21,f8,f25",0.11158248782157898,0.15196844935417175
ml_latest_small,coupled_nmf,4,527,4,4.065465450286865,"f21,f6,f1",0.127044215798378,0.1746402084827423
ml_latest_small,coupled_nmf,4,246,5,4.055129528045654,"f21,f25,f12",0.11479223519563675,0.15187636017799377
ml_latest_small,coupled_nmf,4,2160,6,4.0489044189453125,"f21,f8,f25",0.10778170824050903,0.14989815652370453
ml_latest_small,coupled_nmf,4,750,7,4.046481132507324,"f21,f31,f40",0.11349686235189438,0.15675269067287445
ml_latest_small,coupled_nmf,4,1225,8,4.04059362411499,"f21,f29,f26",0.12847110629081726,0.1726580262184143
ml_latest_small,coupled_nmf,4,1104,9,4.032409191131592,"f21,f3,f8",0.10213915258646011,0.14126606285572052
ml_latest_small,coupled_nmf,4,1233,10,4.0230793952941895,"f21,f6,f31",0.11130571365356445,0.15230658650398254
ml_latest_small,coupled_nmf,5,1204,1,4.350583553314209,"f40,f21,f14",0.06778354942798615,0.09944524616003036
ml_latest_small,coupled_nmf,5,898,2,4.331574440002441,"f40,f21,f33",0.06647789478302002,0.09944089502096176
ml_latest_small,coupled_nmf,5,2959,3,4.3180437088012695,"f16,f17,f14",0.10195997357368469,0.14653022587299347
ml_latest_small,coupled_nmf,5,904,4,4.279025077819824,"f26,f6,f14",0.07274565100669861,0.1074509546160698
ml_latest_small,coupled_nmf,5,908,5,4.278781890869141,"f40,f21,f1",0.08807631582021713,0.12664327025413513
ml_latest_small,coupled_nmf,5,1235,6,4.273209095001221,"f40,f1,f21",0.07665273547172546,0.10987689346075058
ml_latest_small,coupled_nmf,5,1104,7,4.248674392700195,"f1,f40,f23",0.07715198397636414,0.11247549951076508
ml_latest_small,coupled_nmf,5,750,8,4.238471031188965,"f40,f1,f21",0.08812449872493744,0.12532231211662292
ml_latest_small,coupled_nmf,5,4973,9,4.2347540855407715,"f1,f17,f6",0.09820806235074997,0.14178986847400665
ml_latest_small,coupled_nmf,5,2160,10,4.232311725616455,"f40,f21,f1",0.07256367057561874,0.1047901064157486
ml_latest_small,coupled_nmf,6,898,1,4.76070499420166,"f4,f23,f20",0.09640325605869293,0.1404152810573578
ml_latest_small,coupled_nmf,6,908,2,4.7422194480896,"f23,f20,f25",0.08896847069263458,0.13064393401145935
ml_latest_small,coupled_nmf,6,1204,3,4.74001932144165,"f12,f10,f25",0.08779935538768768,0.1291123330593109
ml_latest_small,coupled_nmf,6,356,4,4.694352149963379,"f1,f12,f8",0.12723425030708313,0.1792794018983841
ml_latest_small,coupled_nmf,6,904,5,4.674193382263184,"f23,f10,f12",0.09144763648509979,0.13715846836566925
ml_latest_small,coupled_nmf,6,7371,6,4.654596328735352,"f27,f20,f10",0.0952490046620369,0.1399463713169098
ml_latest_small,coupled_nmf,6,1272,7,4.6474409103393555,"f25,f4,f20",0.09481256455183029,0.1389068365097046
ml_latest_small,coupled_nmf,6,1104,8,4.6242218017578125,"f23,f4,f1",0.1031440868973732,0.14685499668121338
ml_latest_small,coupled_nmf,6,246,9,4.614104270935059,"f4,f12,f25",0.09883566200733185,0.1450583040714264
ml_latest_small,coupled_nmf,6,1235,10,4.608590602874756,"f8,f25,f27",0.09002558141946793,0.13198372721672058
ml_latest_small,coupled_nmf,7,1204,1,4.270883560180664,"f38,f34,f21",0.09606753289699554,0.13881118595600128
ml_latest_small,coupled_nmf,7,2959,2,4.253368854522705,"f38,f5,f26",0.12383093684911728,0.1734546571969986
ml_latest_small,coupled_nmf,7,908,3,4.2194504737854,"f21,f38,f40",0.09706901013851166,0.14105358719825745
ml_latest_small,coupled_nmf,7,318,4,4.216147422790527,"f38,f34,f2",0.11993633955717087,0.1751270741224289
ml_latest_small,coupled_nmf,7,898,5,4.215719223022461,"f34,f21,f38",0.0872158631682396,0.12717100977897644
ml_latest_small,coupled_nmf,7,1235,6,4.180569171905518,"f38,f2,f21",0.0878019705414772,0.13080433011054993
ml_latest_small,coupled_nmf,7,1198,7,4.175630569458008,"f2,f34,f5",0.13761024177074432,0.20054443180561066
ml_latest_small,coupled_nmf,7,527,8,4.175411701202393,"f34,f2,f21",0.11879744380712509,0.16857925057411194
ml_latest_small,coupled_nmf,7,904,9,4.167840003967285,"f26,f2,f34",0.09697782248258591,0.14079192280769348
ml_latest_small,coupled_nmf,7,2160,10,4.138580799102783,"f21,f26,f34",0.08792956173419952,0.1307399719953537
ml_latest_small,coupled_nmf,8,1204,1,4.507411479949951,"f18,f22,f38",0.07449007779359818,0.10809439420700073
ml_latest_small,coupled_nmf,8,2959,2,4.468517303466797,"f16,f38,f17",0.10318662971258163,0.15197253227233887
ml_latest_small,coupled_nmf,8,898,3,4.459131717681885,"f37,f22,f40",0.06832344084978104,0.09993217140436172
ml_latest_small,coupled_nmf,8,904,4,4.433257102966309,"f13,f22,f26",0.07517359405755997,0.10958471149206161
ml_latest_small,coupled_nmf,8,750,5,4.416011333465576,"f40,f38,f22",0.0835593044757843,0.12362226843833923
ml_latest_small,coupled_nmf,8,1235,6,4.413146018981934,"f40,f39,f22",0.07436062395572662,0.11013277620077133
ml_latest_small,coupled_nmf,8,908,7,4.39949893951416,"f40,f22,f24",0.08251307904720306,0.11692431569099426
ml_latest_small,coupled_nmf,8,1104,8,4.386683464050293,"f40,f15,f22",0.06866869330406189,0.10176927596330643
ml_latest_small,coupled_nmf,8,318,9,4.377636432647705,"f13,f38,f36",0.10005424171686172,0.13993336260318756
ml_latest_small,coupled_nmf,8,1223,10,4.376810073852539,"f22,f15,f40",0.07348207384347916,0.1078375056385994
ml_latest_small,coupled_nmf,9,1204,1,4.810249328613281,"f38,f26,f17",0.0642673522233963,0.09491827338933945
ml_latest_small,coupled_nmf,9,2959,2,4.786991119384766,"f16,f38,f17",0.10719753801822662,0.15437309443950653
ml_latest_small,coupled_nmf,9,898,3,4.771782875061035,"f3,f36,f37",0.062472231686115265,0.09352340549230576
ml_latest_small,coupled_nmf,9,904,4,4.739297866821289,"f26,f36,f14",0.07408487051725388,0.10702565312385559
ml_latest_small,coupled_nmf,9,1235,5,4.708286762237549,"f40,f35,f25",0.06836644560098648,0.10004723817110062
ml_latest_small,coupled_nmf,9,908,6,4.699553489685059,"f40,f21,f3",0.0775013118982315,0.1125916838645935
ml_latest_small,coupled_nmf,9,318,7,4.692595481872559,"f36,f13,f38",0.09034024924039841,0.13392385840415955
ml_latest_small,coupled_nmf,9,750,8,4.6798601150512695,"f35,f40,f38",0.08093827962875366,0.11990068107843399
ml_latest_small,coupled_nmf,9,1104,9,4.679161071777344,"f15,f40,f35",0.06577452272176743,0.0969058945775032
ml_latest_small,coupled_nmf,9,1223,10,4.660711288452148,"f15,f17,f22",0.06848520785570145,0.10001936554908752
ml_latest_small,coupled_nmf,10,898,1,3.687011241912842,"f4,f28,f10",0.12561561167240143,0.1730601042509079
ml_latest_small,coupled_nmf,10,1204,2,3.677340030670166,"f4,f28,f10",0.11291015148162842,0.16476742923259735
ml_latest_small,coupled_nmf,10,7371,3,3.637056589126587,"f4,f10,f28",0.114495187997818,0.16617096960544586
ml_latest_small,coupled_nmf,10,1223,4,3.636441707611084,"f4,f28,f29",0.12877927720546722,0.17707401514053345
ml_latest_small,coupled_nmf,10,904,5,3.6356916427612305,"f28,f10,f4",0.110771544277668,0.16359713673591614
ml_latest_small,coupled_nmf,10,1104,6,3.5921173095703125,"f4,f10,f29",0.1206846535205841,0.1645607054233551
ml_latest_small,coupled_nmf,10,246,7,3.587716579437256,"f4,f25,f10",0.12010619044303894,0.16855357587337494
ml_latest_small,coupled_nmf,10,922,8,3.5828726291656494,"f4,f29,f10",0.12325214594602585,0.16902147233486176
ml_latest_small,coupled_nmf,10,76093,9,3.5632219314575195,"f4,f10,f24",0.13801823556423187,0.18610069155693054
ml_latest_small,coupled_nmf,10,2160,10,3.5530953407287598,"f4,f28,f25",0.11267757415771484,0.16094385087490082
ml_latest_small,coupled_nmf,11,1204,1,4.929359436035156,"f38,f18,f21",0.06764564663171768,0.0995662733912468
ml_latest_small,coupled_nmf,11,898,2,4.890435218811035,"f33,f21,f1",0.06852427124977112,0.1002824679017067
ml_latest_small,coupled_nmf,11,904,3,4.825392246246338,"f26,f1,f22",0.06981313973665237,0.1018664687871933
ml_latest_small,coupled_nmf,11,1235,4,4.821077346801758,"f1,f21,f8",0.06865428388118744,0.10039987415075302
ml_latest_small,coupled_nmf,11,2959,5,4.816461563110352,"f16,f38,f17",0.10612055659294128,0.15335369110107422
ml_latest_small,coupled_nmf,11,908,6,4.811298847198486,"f21,f1,f3",0.07822368294000626,0.11115555465221405
ml_latest_small,coupled_nmf,11,1104,7,4.778217315673828,"f1,f21,f38",0.07203534245491028,0.1036621555685997
ml_latest_small,coupled_nmf,11,2160,8,4.771926403045654,"f21,f27,f1",0.0667283684015274,0.09904581308364868
ml_latest_small,coupled_nmf,11,750,9,4.771579265594482,"f1,f38,f35",0.08300299197435379,0.11972757428884506
ml_latest_small,coupled_nmf,11,1223,10,4.764176845550537,"f22,f9,f17",0.06696394830942154,0.09979595243930817
ml_latest_small,coupled_nmf,12,1204,1,5.585182189941406,"f26,f18,f12",0.06967893987894058,0.10085583478212357
ml_latest_small,coupled_nmf,12,898,2,5.561429500579834,"f30,f26,f37",0.0683867335319519,0.09946209192276001
ml_latest_small,coupled_nmf,12,904,3,5.533807754516602,"f26,f13,f36",0.07973480969667435,0.11332102864980698
ml_latest_small,coupled_nmf,12,2959,4,5.485552787780762,"f16,f26,f38",0.09998183697462082,0.1409778892993927
ml_latest_small,coupled_nmf,12,1235,5,5.456315994262695,"f8,f26,f32",0.06389401108026505,0.09530442953109741
ml_latest_small,coupled_nmf,12,1104,6,5.438732147216797,"f26,f23,f1",0.06928806006908417,0.10354063659906387
ml_latest_small,coupled_nmf,12,908,7,5.438511371612549,"f26,f30,f40",0.07211103290319443,0.10591921210289001
ml_latest_small,coupled_nmf,12,318,8,5.42693567276001,"f13,f36,f26",0.09406257420778275,0.13557113707065582
ml_latest_small,coupled_nmf,12,2160,9,5.424626350402832,"f26,f28,f30",0.0679609626531601,0.09826192259788513
ml_latest_small,coupled_nmf,12,1223,10,5.421119213104248,"f26,f28,f15",0.06822194904088974,0.09971989691257477
ml_latest_small,coupled_nmf,13,1204,1,4.938290119171143,"f14,f26,f2",0.06652934104204178,0.09828634560108185
ml_latest_small,coupled_nmf,13,898,2,4.911141395568848,"f33,f37,f14",0.06905112415552139,0.10191693156957626
ml_latest_small,coupled_nmf,13,2959,3,4.904831886291504,"f16,f14,f5",0.1022244244813919,0.14620789885520935
ml_latest_small,coupled_nmf,13,904,4,4.8893656730651855,"f26,f14,f13",0.07585375756025314,0.11233379691839218
ml_latest_small,coupled_nmf,13,1235,5,4.830752372741699,"f2,f39,f35",0.06812117248773575,0.09934321790933609
ml_latest_small,coupled_nmf,13,908,6,4.808818817138672,"f14,f40,f2",0.072599396109581,0.10538315027952194
ml_latest_small,coupled_nmf,13,750,7,4.792034149169922,"f2,f35,f13",0.0762416422367096,0.11295895278453827
ml_latest_small,coupled_nmf,13,1104,8,4.7873029708862305,"f23,f1,f5",0.06647410988807678,0.09730824083089828
ml_latest_small,coupled_nmf,13,260,9,4.786457538604736,"f2,f5,f13",0.11360272765159607,0.15373210608959198
ml_latest_small,coupled_nmf,13,1223,10,4.7844929695129395,"f2,f11,f13",0.06720132380723953,0.09950784593820572
ml_latest_small,coupled_nmf,14,1204,1,4.310653209686279,"f9,f10,f22",0.0666789636015892,0.0992242619395256
ml_latest_small,coupled_nmf,14,898,2,4.300624847412109,"f33,f4,f29",0.0702425017952919,0.10309562087059021
ml_latest_small,coupled_nmf,14,904,3,4.240180969238281,"f29,f10,f26",0.07055612653493881,0.10396964848041534
ml_latest_small,coupled_nmf,14,1235,4,4.212276935577393,"f40,f7,f21",0.06996858865022659,0.10256387293338776
ml_latest_small,coupled_nmf,14,908,5,4.206362724304199,"f40,f21,f3",0.08149252831935883,0.1149802878499031
ml_latest_small,coupled_nmf,14,1223,6,4.2018022537231445,"f9,f15,f29",0.07026533037424088,0.1050778329372406
ml_latest_small,coupled_nmf,14,1104,7,4.1984171867370605,"f15,f4,f40",0.06624861061573029,0.09867283701896667
ml_latest_small,coupled_nmf,14,7371,8,4.1949567794799805,"f10,f29,f30",0.06675432622432709,0.09960412234067917
ml_latest_small,coupled_nmf,14,2959,9,4.179790496826172,"f16,f38,f14",0.096974216401577,0.13932275772094727
ml_latest_small,coupled_nmf,14,750,10,4.177918434143066,"f40,f35,f21",0.07838840037584305,0.11488314718008041
ml_latest_small,coupled_nmf,15,1204,1,4.080883502960205,"f26,f34,f9",0.096385158598423,0.13320592045783997
ml_latest_small,coupled_nmf,15,318,2,4.062725067138672,"f34,f13,f26",0.10882803797721863,0.16238917410373688
ml_latest_small,coupled_nmf,15,904,3,4.007160186767578,"f26,f34,f13",0.10235586017370224,0.14141952991485596
ml_latest_small,coupled_nmf,15,898,4,4.0071210861206055,"f34,f26,f30",0.08765944093465805,0.12461848556995392
ml_latest_small,coupled_nmf,15,2160,5,3.947255849838257,"f26,f34,f32",0.0921051874756813,0.1322917491197586
ml_latest_small,coupled_nmf,15,1223,6,3.9463882446289062,"f26,f34,f9",0.08690458536148071,0.12551328539848328
ml_latest_small,coupled_nmf,15,778,7,3.9462709426879883,"f34,f26,f11",0.10340847074985504,0.14807268977165222
ml_latest_small,coupled_nmf,15,1235,8,3.931299924850464,"f32,f26,f1",0.08453454822301865,0.12156475335359573
ml_latest_small,coupled_nmf,15,1221,9,3.9087328910827637,"f26,f13,f34",0.10807608813047409,0.1554608792066574
ml_latest_small,coupled_nmf,15,5618,10,3.90596604347229,"f32,f17,f26",0.10264137387275696,0.14854635298252106
ml_latest_small,coupled_nmf,16,1204,1,4.120967388153076,"f22,f12,f28",0.06676192581653595,0.09764554351568222
ml_latest_small,coupled_nmf,16,898,2,4.100350379943848,"f4,f22,f29",0.062265876680612564,0.09308862686157227
ml_latest_small,coupled_nmf,16,904,3,4.080197334289551,"f13,f12,f29",0.07047582417726517,0.10421084612607956
ml_latest_small,coupled_nmf,16,1235,4,4.028779029846191,"f39,f22,f40",0.06636583805084229,0.09842267632484436
ml_latest_small,coupled_nmf,16,1104,5,4.02160120010376,"f15,f23,f1",0.06877029687166214,0.10151433199644089
ml_latest_small,coupled_nmf,16,908,6,4.021533966064453,"f40,f22,f21",0.07207534462213516,0.10512427240610123
ml_latest_small,coupled_nmf,16,750,7,4.015777111053467,"f31,f40,f22",0.07359594851732254,0.11026466637849808
ml_latest_small,coupled_nmf,16,1945,8,4.0019707679748535,"f31,f23,f12",0.06954540312290192,0.1033782809972763
ml_latest_small,coupled_nmf,16,7371,9,3.9999701976776123,"f15,f13,f27",0.06672096252441406,0.09919503331184387
ml_latest_small,coupled_nmf,16,2160,10,3.9978907108306885,"f12,f28,f40",0.06317586451768875,0.09321530163288116
ml_latest_small,coupled_nmf,17,1204,1,4.708633899688721,"f2,f22,f10",0.06651613861322403,0.09756554663181305
ml_latest_small,coupled_nmf,17,898,2,4.663836479187012,"f37,f3,f28",0.06682080030441284,0.09715235978364944
ml_latest_small,coupled_nmf,17,1235,3,4.612429618835449,"f2,f8,f32",0.07170489430427551,0.10496651381254196
ml_latest_small,coupled_nmf,17,1223,4,4.593734264373779,"f2,f15,f22",0.07195435464382172,0.10590732097625732
ml_latest_small,coupled_nmf,17,908,5,4.578061103820801,"f40,f3,f2",0.07284023612737656,0.10799666494131088
ml_latest_small,coupled_nmf,17,260,6,4.575525760650635,"f2,f5,f10",0.11468955874443054,0.15729421377182007
ml_latest_small,coupled_nmf,17,318,7,4.562650203704834,"f13,f2,f37",0.0950702428817749,0.13559207320213318
ml_latest_small,coupled_nmf,17,2160,8,4.55023193359375,"f32,f8,f27",0.06291748583316803,0.09350360929965973
ml_latest_small,coupled_nmf,17,1104,9,4.549405097961426,"f15,f10,f1",0.06394369155168533,0.09398902952671051
ml_latest_small,coupled_nmf,17,7371,10,4.532878875732422,"f27,f15,f10",0.06607241928577423,0.09851540625095367
ml_latest_small,coupled_nmf,18,1204,1,4.479739189147949,"f9,f18,f26",0.0748719573020935,0.11069563031196594
ml_latest_small,coupled_nmf,18,2959,2,4.475417137145996,"f16,f17,f14",0.1138504147529602,0.1614205241203308
ml_latest_small,coupled_nmf,18,898,3,4.421850204467773,"f3,f30,f36",0.07026136666536331,0.10338159650564194
ml_latest_small,coupled_nmf,18,904,4,4.416845798492432,"f26,f13,f36",0.08138077706098557,0.11927798390388489
ml_latest_small,coupled_nmf,18,858,5,4.405512809753418,"f9,f14,f6",0.103192999958992,0.14946796000003815
ml_latest_small,coupled_nmf,18,1945,6,4.33550500869751,"f17,f36,f6",0.081112340092659,0.11769356578588486
ml_latest_small,coupled_nmf,18,1235,7,4.319511890411377,"f17,f2,f16",0.07007278501987457,0.10230819880962372
ml_latest_small,coupled_nmf,18,750,8,4.318829536437988,"f13,f2,f6",0.07706337422132492,0.1129130944609642
ml_latest_small,coupled_nmf,18,1104,9,4.311087608337402,"f3,f26,f9",0.06825684756040573,0.10130282491445541
ml_latest_small,coupled_nmf,18,5618,10,4.3099212646484375,"f17,f32,f16",0.09129098802804947,0.12698595225811005
ml_latest_small,coupled_nmf,19,5952,1,3.9296727180480957,"f10,f22,f32",0.15315179526805878,0.20724885165691376
ml_latest_small,coupled_nmf,19,318,2,3.8698642253875732,"f2,f37,f10",0.12580560147762299,0.18240460753440857
ml_latest_small,coupled_nmf,19,1204,3,3.8612728118896484,"f22,f10,f2",0.12327361106872559,0.1715146154165268
ml_latest_small,coupled_nmf,19,1221,4,3.844510078430176,"f2,f37,f10",0.12362423539161682,0.17955999076366425
ml_latest_small,coupled_nmf,19,4973,5,3.833387613296509,"f22,f26,f37",0.13150060176849365,0.1860123872756958
ml_latest_small,coupled_nmf,19,912,6,3.817595958709717,"f21,f22,f2",0.13870485126972198,0.1946120262145996
ml_latest_small,coupled_nmf,19,1276,7,3.797062397003174,"f22,f21,f10",0.1166699081659317,0.1669434756040573
ml_latest_small,coupled_nmf,19,898,8,3.7654871940612793,"f22,f37,f10",0.1175677627325058,0.17192010581493378
ml_latest_small,coupled_nmf,19,1235,9,3.7653005123138428,"f22,f2,f10",0.1162070706486702,0.16631953418254852
ml_latest_small,coupled_nmf,19,5618,10,3.7596073150634766,"f32,f22,f21",0.1121937558054924,0.16120855510234833
ml_latest_small,coupled_nmf,20,318,1,4.94026517868042,"f37,f13,f16",0.11218685656785965,0.16233840584754944
ml_latest_small,coupled_nmf,20,904,2,4.8502397537231445,"f26,f37,f6",0.09916424006223679,0.14226803183555603
ml_latest_small,coupled_nmf,20,527,3,4.849889755249023,"f1,f6,f40",0.12431279569864273,0.17146356403827667
ml_latest_small,coupled_nmf,20,2959,4,4.847723960876465,"f16,f37,f26",0.12214531749486923,0.17264960706233978
ml_latest_small,coupled_nmf,20,1204,5,4.8432416915893555,"f37,f26,f3",0.08916369825601578,0.1308879554271698
ml_latest_small,coupled_nmf,20,898,6,4.809922695159912,"f37,f3,f26",0.10106164216995239,0.1393318623304367
ml_latest_small,coupled_nmf,20,541,7,4.7953901290893555,"f6,f40,f26",0.11446422338485718,0.1667591631412506
ml_latest_small,coupled_nmf,20,1276,8,4.79155158996582,"f37,f6,f40",0.09492743760347366,0.13885678350925446
ml_latest_small,coupled_nmf,20,912,9,4.788481712341309,"f3,f21,f40",0.10535091906785965,0.15026973187923431
ml_latest_small,coupled_nmf,20,1221,10,4.786767959594727,"f37,f16,f13",0.11532887071371078,0.16733378171920776
ml_latest_small,coupled_nmf,21,898,1,4.149797439575195,"f4,f28,f22",0.14816665649414062,0.19414454698562622
ml_latest_small,coupled_nmf,21,1204,2,4.104191780090332,"f28,f4,f22",0.13531510531902313,0.18581025302410126
ml_latest_small,coupled_nmf,21,7371,3,4.078729629516602,"f4,f28,f27",0.13466383516788483,0.19695517420768738
ml_latest_small,coupled_nmf,21,246,4,4.032660484313965,"f4,f28,f27",0.14027737081050873,0.1944543570280075
ml_latest_small,coupled_nmf,21,1223,5,4.007551193237305,"f4,f28,f22",0.15520817041397095,0.20789241790771484
ml_latest_small,coupled_nmf,21,54001,6,4.005800247192383,"f4,f27,f24",0.15378375351428986,0.20559850335121155
ml_latest_small,coupled_nmf,21,1272,7,4.000875949859619,"f4,f28,f25",0.13473954796791077,0.18821290135383606
ml_latest_small,coupled_nmf,21,44195,8,3.995911121368408,"f28,f4,f25",0.1500106304883957,0.19630742073059082
ml_latest_small,coupled_nmf,21,56782,9,3.9782400131225586,"f28,f4,f27",0.14033296704292297,0.19714275002479553
ml_latest_small,coupled_nmf,21,2160,10,3.955209970474243,"f28,f4,f27",0.13545052707195282,0.19420714676380157
ml_latest_small,coupled_nmf,22,1204,1,3.2000648975372314,"f40,f38,f28",0.11988016963005066,0.1764967441558838
ml_latest_small,coupled_nmf,22,750,2,3.186739921569824,"f40,f13,f38",0.15004375576972961,0.21714921295642853
ml_latest_small,coupled_nmf,22,912,3,3.1638357639312744,"f40,f13,f22",0.14045988023281097,0.19682654738426208
ml_latest_small,coupled_nmf,22,904,4,3.1448192596435547,"f13,f28,f22",0.12800002098083496,0.18214310705661774
ml_latest_small,coupled_nmf,22,2324,5,3.1348679065704346,"f40,f13,f22",0.1499767154455185,0.2029057741165161
ml_latest_small,coupled_nmf,22,1276,6,3.1345324516296387,"f40,f13,f22",0.1407555639743805,0.19456994533538818
ml_latest_small,coupled_nmf,22,260,7,3.134305953979492,"f40,f13,f10",0.1573156863451004,0.22106969356536865
ml_latest_small,coupled_nmf,22,1221,8,3.1241512298583984,"f13,f40,f16",0.16393977403640747,0.21567130088806152
ml_latest_small,coupled_nmf,22,1136,9,3.1120738983154297,"f40,f22,f6",0.1305445283651352,0.18387144804000854
ml_latest_small,coupled_nmf,22,898,10,3.106713056564331,"f40,f28,f22",0.11973551660776138,0.17091837525367737
ml_latest_small,coupled_nmf,23,2959,1,4.056940078735352,"f16,f14,f38",0.10900591313838959,0.15563510358333588
ml_latest_small,coupled_nmf,23,1204,2,4.0285539627075195,"f26,f6,f14",0.07539553940296173,0.11124256998300552
ml_latest_small,coupled_nmf,23,904,3,3.9872307777404785,"f26,f6,f14",0.08684927225112915,0.12589646875858307
ml_latest_small,coupled_nmf,23,898,4,3.9819722175598145,"f26,f14,f6",0.06912373006343842,0.10096148401498795
ml_latest_small,coupled_nmf,23,318,5,3.936718702316284,"f13,f6,f14",0.09547563642263412,0.14088444411754608
ml_latest_small,coupled_nmf,23,527,6,3.9291722774505615,"f6,f14,f26",0.09969595074653625,0.14347721636295319
ml_latest_small,coupled_nmf,23,908,7,3.917912721633911,"f26,f14,f40",0.07777688652276993,0.11444231867790222
ml_latest_small,coupled_nmf,23,1945,8,3.913752555847168,"f6,f26,f31",0.0805472582578659,0.11678827553987503
ml_latest_small,coupled_nmf,23,1235,9,3.9122567176818848,"f6,f26,f15",0.06825260072946548,0.10173657536506653
ml_latest_small,coupled_nmf,23,1223,10,3.9064126014709473,"f15,f26,f6",0.07831435650587082,0.11554402112960815
ml_latest_small,coupled_nmf,24,1204,1,4.2826924324035645,"f12,f14,f21",0.06516551971435547,0.09721899777650833
ml_latest_small,coupled_nmf,24,898,2,4.2740936279296875,"f37,f21,f33",0.06501435488462448,0.0966414287686348
ml_latest_small,coupled_nmf,24,2959,3,4.254493713378906,"f16,f38,f14",0.11040088534355164,0.15588104724884033
ml_latest_small,coupled_nmf,24,904,4,4.2435503005981445,"f14,f12,f13",0.0689995288848877,0.10199470072984695
ml_latest_small,coupled_nmf,24,1235,5,4.2021613121032715,"f39,f16,f8",0.06792421638965607,0.10083144158124924
ml_latest_small,coupled_nmf,24,908,6,4.195066452026367,"f21,f40,f14",0.07470183074474335,0.10880649834871292
ml_latest_small,coupled_nmf,24,1104,7,4.187220573425293,"f23,f1,f21",0.06885922700166702,0.10062842071056366
ml_latest_small,coupled_nmf,24,750,8,4.171506404876709,"f35,f38,f39",0.07783551514148712,0.11439207196235657
ml_latest_small,coupled_nmf,24,7371,9,4.163510322570801,"f27,f35,f21",0.070466548204422,0.10297055542469025
ml_latest_small,coupled_nmf,24,527,10,4.152009010314941,"f1,f11,f27",0.09928871691226959,0.14099523425102234
ml_latest_small,coupled_nmf,25,1204,1,5.366965293884277,"f26,f18,f22",0.06771300733089447,0.09987165778875351
ml_latest_small,coupled_nmf,25,898,2,5.319621562957764,"f3,f30,f26",0.06509535759687424,0.09585317224264145
ml_latest_small,coupled_nmf,25,2959,3,5.297245502471924,"f16,f38,f14",0.09537269175052643,0.13796395063400269
ml_latest_small,coupled_nmf,25,904,4,5.292004585266113,"f26,f14,f22",0.0747709572315216,0.10692369937896729
ml_latest_small,coupled_nmf,25,1235,5,5.243502616882324,"f39,f22,f7",0.06568370759487152,0.0968158096075058
ml_latest_small,coupled_nmf,25,908,6,5.2374114990234375,"f3,f40,f26",0.07313971221446991,0.10812223702669144
ml_latest_small,coupled_nmf,25,318,7,5.215611934661865,"f13,f38,f36",0.08493052423000336,0.12429791688919067
ml_latest_small,coupled_nmf,25,1104,8,5.2055344581604,"f26,f23,f3",0.06480486690998077,0.09661848098039627
ml_latest_small,coupled_nmf,25,2160,9,5.192062854766846,"f26,f25,f27",0.06565093994140625,0.09584119915962219
ml_latest_small,coupled_nmf,25,750,10,5.18946647644043,"f39,f24,f38",0.07271574437618256,0.10882122069597244
ml_latest_small,coupled_nmf,26,1204,1,4.110814094543457,"f6,f37,f18",0.0639100968837738,0.09557701647281647
ml_latest_small,coupled_nmf,26,898,2,4.101688385009766,"f37,f33,f24",0.07019796222448349,0.10251904278993607
ml_latest_small,coupled_nmf,26,2959,3,4.094352722167969,"f16,f14,f17",0.10117428749799728,0.1438758671283722
ml_latest_small,coupled_nmf,26,904,4,4.0848069190979,"f6,f26,f14",0.06941283494234085,0.10323164612054825
ml_latest_small,coupled_nmf,26,1235,5,4.0273661613464355,"f40,f39,f7",0.06903845816850662,0.10247833281755447
ml_latest_small,coupled_nmf,26,318,6,4.024684906005859,"f37,f16,f36",0.08467964828014374,0.12655849754810333
ml_latest_small,coupled_nmf,26,908,7,4.01751708984375,"f40,f24,f14",0.07687011361122131,0.10981940478086472
ml_latest_small,coupled_nmf,26,1104,8,4.011354446411133,"f23,f1,f40",0.06897656619548798,0.10118907690048218
ml_latest_small,coupled_nmf,26,1223,9,4.001323223114014,"f6,f2,f7",0.06550701707601547,0.09723397344350815
ml_latest_small,coupled_nmf,26,750,10,3.9998931884765625,"f40,f24,f6",0.0788855254650116,0.11561082303524017
ml_latest_small,coupled_nmf,27,1204,1,4.39996337890625,"f18,f25,f37",0.0773238018155098,0.1155509352684021
ml_latest_small,coupled_nmf,27,898,2,4.356098175048828,"f37,f33,f20",0.08437000215053558,0.11941057443618774
ml_latest_small,coupled_nmf,27,2324,3,4.313776969909668,"f1,f14,f40",0.09153707325458527,0.13559336960315704
ml_latest_small,coupled_nmf,27,904,4,4.303255081176758,"f37,f2,f25",0.08130191266536713,0.12065351009368896
ml_latest_small,coupled_nmf,27,908,5,4.294380187988281,"f40,f1,f25",0.08742369711399078,0.1271163374185562
ml_latest_small,coupled_nmf,27,1235,6,4.2786784172058105,"f8,f27,f25",0.08324388414621353,0.12401200085878372
ml_latest_small,coupled_nmf,27,318,7,4.264204502105713,"f37,f2,f13",0.10164574533700943,0.1492140144109726
ml_latest_small,coupled_nmf,27,1272,8,4.254464149475098,"f25,f27,f40",0.0841725766658783,0.12260732054710388
ml_latest_small,coupled_nmf,27,2160,9,4.250602722167969,"f27,f25,f8",0.08642972260713577,0.12320490926504135
ml_latest_small,coupled_nmf,27,527,10,4.238028526306152,"f1,f27,f2",0.12394952774047852,0.17338202893733978
ml_latest_small,coupled_nmf,28,1204,1,3.623591423034668,"f18,f37,f2",0.10713458806276321,0.15374110639095306
ml_latest_small,coupled_nmf,28,260,2,3.619046449661255,"f2,f7,f18",0.13809117674827576,0.19365520775318146
ml_latest_small,coupled_nmf,28,1223,3,3.5508599281311035,"f2,f18,f28",0.09836213290691376,0.14530526101589203
ml_latest_small,coupled_nmf,28,904,4,3.5401928424835205,"f2,f37,f6",0.10359209030866623,0.15125784277915955
ml_latest_small,coupled_nmf,28,750,5,3.5143344402313232,"f2,f6,f1",0.1051207035779953,0.15323175489902496
ml_latest_small,coupled_nmf,28,1235,6,3.474172592163086,"f2,f7,f18",0.09841441363096237,0.14563579857349396
ml_latest_small,coupled_nmf,28,1148,7,3.4737753868103027,"f37,f2,f18",0.115373395383358,0.16822268068790436
ml_latest_small,coupled_nmf,28,2160,8,3.454740047454834,"f18,f28,f6",0.09931764006614685,0.1439846009016037
ml_latest_small,coupled_nmf,28,2324,9,3.436033010482788,"f1,f37,f18",0.09971033036708832,0.14664378762245178
ml_latest_small,coupled_nmf,28,1272,10,3.421698570251465,"f18,f37,f25",0.09562729299068451,0.13844643533229828
ml_latest_small,coupled_nmf,29,898,1,4.77989387512207,"f30,f28,f14",0.06958142668008804,0.10160841792821884
ml_latest_small,coupled_nmf,29,904,2,4.759065628051758,"f26,f14,f28",0.07715973258018494,0.11234895884990692
ml_latest_small,coupled_nmf,29,1235,3,4.694639205932617,"f7,f21,f28",0.06576745212078094,0.09629671275615692
ml_latest_small,coupled_nmf,29,908,4,4.692181587219238,"f21,f14,f30",0.07427400350570679,0.10842406004667282
ml_latest_small,coupled_nmf,29,1223,5,4.665046215057373,"f28,f26,f7",0.06894301623106003,0.10146684944629669
ml_latest_small,coupled_nmf,29,2160,6,4.664120674133301,"f28,f26,f21",0.06849215924739838,0.10136853903532028
ml_latest_small,coupled_nmf,29,1104,7,4.6588263511657715,"f23,f26,f21",0.06759814918041229,0.09881510585546494
ml_latest_small,coupled_nmf,29,2959,8,4.652473449707031,"f14,f38,f26",0.09499745815992355,0.13561229407787323
ml_latest_small,coupled_nmf,29,7371,9,4.649701118469238,"f30,f28,f7",0.06901494413614273,0.10139017552137375
ml_latest_small,coupled_nmf,29,1272,10,4.646734714508057,"f14,f30,f25",0.07441987097263336,0.1075100377202034
ml_latest_small,coupled_nmf,30,1204,1,5.279838562011719,"f10,f38,f28",0.06599296629428864,0.09818094223737717
ml_latest_small,coupled_nmf,30,898,2,5.259734630584717,"f3,f24,f37",0.06649504601955414,0.09867317974567413
ml_latest_small,coupled_nmf,30,904,3,5.200887203216553,"f10,f28,f12",0.06771998107433319,0.09946009516716003
ml_latest_small,coupled_nmf,30,2959,4,5.15076208114624,"f16,f38,f5",0.10428767651319504,0.14670345187187195
ml_latest_small,coupled_nmf,30,908,5,5.14814567565918,"f3,f40,f24",0.07542625069618225,0.11096987128257751
ml_latest_small,coupled_nmf,30,1235,6,5.1423163414001465,"f39,f40,f22",0.06553217023611069,0.09613480418920517
ml_latest_small,coupled_nmf,30,1104,7,5.126293182373047,"f23,f3,f10",0.06770050525665283,0.09965084493160248
ml_latest_small,coupled_nmf,30,750,8,5.105309009552002,"f38,f24,f39",0.07868903875350952,0.11515983194112778
ml_latest_small,coupled_nmf,30,1223,9,5.103148937225342,"f28,f22,f9",0.06653723865747452,0.09823159128427505
ml_latest_small,coupled_nmf,30,2160,10,5.094884872436523,"f28,f24,f12",0.06331314146518707,0.09309020638465881
ml_latest_small,coupled_nmf,31,1204,1,4.757687091827393,"f26,f28,f10",0.07253696024417877,0.10665562003850937
ml_latest_small,coupled_nmf,31,898,2,4.746635913848877,"f4,f33,f28",0.07698813825845718,0.1127307340502739
ml_latest_small,coupled_nmf,31,904,3,4.702058792114258,"f26,f28,f10",0.08063584566116333,0.11630801111459732
ml_latest_small,coupled_nmf,31,908,4,4.648552417755127,"f3,f26,f1",0.0743580237030983,0.10967804491519928
ml_latest_small,coupled_nmf,31,1235,5,4.610173225402832,"f8,f1,f28",0.07177034020423889,0.10393555462360382
ml_latest_small,coupled_nmf,31,2160,6,4.603604316711426,"f26,f28,f8",0.07301730662584305,0.10597673803567886
ml_latest_small,coupled_nmf,31,1104,7,4.601200103759766,"f4,f23,f1",0.07572201639413834,0.11238841712474823
ml_latest_small,coupled_nmf,31,1223,8,4.581371784210205,"f4,f28,f26",0.07824115455150604,0.11431901901960373
ml_latest_small,coupled_nmf,31,930,9,4.577212333679199,"f26,f4,f8",0.07229457050561905,0.10629405826330185
ml_latest_small,coupled_nmf,31,1272,10,4.57544469833374,"f4,f14,f3",0.07151181250810623,0.1050809919834137
ml_latest_small,coupled_nmf,32,2959,1,4.719785213470459,"f16,f14,f38",0.10510312765836716,0.15285684168338776
ml_latest_small,coupled_nmf,32,1204,2,4.646457672119141,"f18,f6,f14",0.07598007470369339,0.11104780435562134
ml_latest_small,coupled_nmf,32,898,3,4.621087074279785,"f37,f24,f14",0.07067744433879852,0.10396955907344818
ml_latest_small,coupled_nmf,32,904,4,4.589763641357422,"f6,f14,f26",0.07873792201280594,0.11529817432165146
ml_latest_small,coupled_nmf,32,858,5,4.570766448974609,"f6,f37,f14",0.10536722093820572,0.15553995966911316
ml_latest_small,coupled_nmf,32,750,6,4.539857864379883,"f6,f24,f40",0.08354844897985458,0.12387838959693909
ml_latest_small,coupled_nmf,32,1235,7,4.528149127960205,"f40,f6,f39",0.07043972611427307,0.10488304495811462
ml_latest_small,coupled_nmf,32,1104,8,4.521822929382324,"f6,f18,f40",0.0685565173625946,0.10113808512687683
ml_latest_small,coupled_nmf,32,908,9,4.514910697937012,"f40,f24,f14",0.08058182895183563,0.11786505579948425
ml_latest_small,coupled_nmf,32,1223,10,4.505302429199219,"f6,f18,f29",0.06999993324279785,0.10203339904546738
ml_latest_small,coupled_nmf,33,1204,1,4.502285957336426,"f2,f21,f12",0.07672536373138428,0.11356280744075775
ml_latest_small,coupled_nmf,33,898,2,4.501778602600098,"f21,f33,f37",0.07387658208608627,0.1098293587565422
ml_latest_small,coupled_nmf,33,904,3,4.461621284484863,"f2,f26,f12",0.08596036583185196,0.1239011213183403
ml_latest_small,coupled_nmf,33,1235,4,4.426117897033691,"f2,f15,f21",0.08085648715496063,0.1184002086520195
ml_latest_small,coupled_nmf,33,2959,5,4.424557685852051,"f16,f26,f15",0.09611804783344269,0.13785915076732635
ml_latest_small,coupled_nmf,33,908,6,4.407258987426758,"f21,f2,f26",0.08648054301738739,0.12211626023054123
ml_latest_small,coupled_nmf,33,1223,7,4.398283004760742,"f15,f2,f7",0.08895070850849152,0.12363874912261963
ml_latest_small,coupled_nmf,33,750,8,4.384174346923828,"f2,f21,f24",0.08906687051057816,0.12509456276893616
ml_latest_small,coupled_nmf,33,1104,9,4.376998424530029,"f15,f21,f26",0.08187766373157501,0.11532790958881378
ml_latest_small,coupled_nmf,33,1219,10,4.372748851776123,"f26,f15,f21",0.08645479381084442,0.12934252619743347
ml_latest_small,coupled_nmf,34,898,1,4.210719108581543,"f24,f4,f28",0.09414098411798477,0.13269926607608795
ml_latest_small,coupled_nmf,34,1204,2,4.16132116317749,"f28,f9,f24",0.07843171060085297,0.11675518751144409
ml_latest_small,coupled_nmf,34,908,3,4.064389705657959,"f24,f21,f14",0.09732362627983093,0.13663335144519806
ml_latest_small,coupled_nmf,34,904,4,4.042588710784912,"f26,f14,f28",0.0836954414844513,0.12471199035644531
ml_latest_small,coupled_nmf,34,1223,5,4.039413928985596,"f4,f28,f9",0.08955211937427521,0.1303538829088211
ml_latest_small,coupled_nmf,34,2160,6,4.033806800842285,"f24,f28,f9",0.0857631266117096,0.12370194494724274
ml_latest_small,coupled_nmf,34,7371,7,4.029608726501465,"f24,f4,f20",0.08469381928443909,0.12459313869476318
ml_latest_small,coupled_nmf,34,1104,8,4.017643928527832,"f4,f24,f23",0.08676726371049881,0.1241091936826706
ml_latest_small,coupled_nmf,34,1945,9,4.016125679016113,"f4,f23,f24",0.0869242250919342,0.12380748242139816
ml_latest_small,coupled_nmf,34,930,10,4.014439582824707,"f24,f4,f9",0.0944862887263298,0.13503307104110718
ml_latest_small,coupled_nmf,35,2959,1,5.173637866973877,"f16,f17,f38",0.1128624752163887,0.1579485386610031
ml_latest_small,coupled_nmf,35,1204,2,5.166437149047852,"f18,f17,f14",0.0695885717868805,0.10176112502813339
ml_latest_small,coupled_nmf,35,898,3,5.155677318572998,"f33,f29,f21",0.071449413895607,0.10239288210868835
ml_latest_small,coupled_nmf,35,904,4,5.070457458496094,"f26,f14,f29",0.0723254606127739,0.10701796412467957
ml_latest_small,coupled_nmf,35,1235,5,5.063274383544922,"f16,f32,f17",0.06583677232265472,0.09730765223503113
ml_latest_small,coupled_nmf,35,908,6,5.0518341064453125,"f21,f33,f40",0.07380688190460205,0.10836010426282883
ml_latest_small,coupled_nmf,35,1104,7,5.044792175292969,"f15,f18,f21",0.0652131587266922,0.09600386768579483
ml_latest_small,coupled_nmf,35,318,8,5.024870872497559,"f13,f16,f14",0.09475727379322052,0.13570444285869598
ml_latest_small,coupled_nmf,35,2160,9,5.017703056335449,"f27,f17,f18",0.06631370633840561,0.09907574206590652
ml_latest_small,coupled_nmf,35,7371,10,5.017429351806641,"f27,f15,f20",0.06856181472539902,0.10055273771286011
ml_latest_small,coupled_nmf,36,1204,1,3.1845169067382812,"f14,f22,f26",0.07449955493211746,0.11042454838752747
ml_latest_small,coupled_nmf,36,2959,2,3.155946969985962,"f16,f14,f38",0.12323705106973648,0.17134904861450195
ml_latest_small,coupled_nmf,36,898,3,3.1486244201660156,"f30,f14,f22",0.07638755440711975,0.1105460673570633
ml_latest_small,coupled_nmf,36,904,4,3.1372530460357666,"f26,f14,f22",0.0845562070608139,0.12126611918210983
ml_latest_small,coupled_nmf,36,1235,5,3.105624198913574,"f16,f22,f40",0.07335276156663895,0.10805971175432205
ml_latest_small,coupled_nmf,36,750,6,3.088439464569092,"f35,f22,f40",0.0825609639286995,0.12249187380075455
ml_latest_small,coupled_nmf,36,1104,7,3.0850303173065186,"f23,f26,f22",0.07069293409585953,0.10395526140928268
ml_latest_small,coupled_nmf,36,1223,8,3.078516960144043,"f22,f26,f28",0.07398068904876709,0.1089649572968483
ml_latest_small,coupled_nmf,36,1276,9,3.0725231170654297,"f14,f21,f22",0.0778636708855629,0.11499753594398499
ml_latest_small,coupled_nmf,36,7371,10,3.0660934448242188,"f30,f35,f21",0.07709946483373642,0.11095260828733444
ml_latest_small,coupled_nmf,37,1204,1,5.007168769836426,"f18,f17,f37",0.06940586119890213,0.10042864084243774
ml_latest_small,coupled_nmf,37,898,2,4.981051445007324,"f37,f5,f33",0.06864438205957413,0.1003929153084755
ml_latest_small,coupled_nmf,37,2959,3,4.928995132446289,"f17,f5,f16",0.09726421535015106,0.14183121919631958
ml_latest_small,coupled_nmf,37,904,4,4.920924663543701,"f26,f5,f37",0.07152202725410461,0.10457221418619156
ml_latest_small,coupled_nmf,37,1235,5,4.908909797668457,"f7,f35,f32",0.06595169007778168,0.09852106124162674
ml_latest_small,coupled_nmf,37,1104,6,4.877186298370361,"f1,f23,f5",0.06712553650140762,0.09923453629016876
ml_latest_small,coupled_nmf,37,908,7,4.875699996948242,"f40,f21,f3",0.07110824435949326,0.10587519407272339
ml_latest_small,coupled_nmf,37,2160,8,4.862993240356445,"f17,f18,f25",0.0655648335814476,0.0975593850016594
ml_latest_small,coupled_nmf,37,1223,9,4.856271266937256,"f17,f7,f29",0.0669863149523735,0.09762363135814667
ml_latest_small,coupled_nmf,37,750,10,4.84031867980957,"f35,f1,f40",0.07576620578765869,0.11050987243652344
ml_latest_small,coupled_nmf,38,2959,1,4.188695430755615,"f16,f39,f26",0.10406211018562317,0.150581955909729
ml_latest_small,coupled_nmf,38,1204,2,4.147517204284668,"f26,f6,f18",0.07608813792467117,0.1110195592045784
ml_latest_small,coupled_nmf,38,898,3,4.101029396057129,"f33,f26,f20",0.07643328607082367,0.11176298558712006
ml_latest_small,coupled_nmf,38,904,4,4.087122917175293,"f26,f6,f39",0.08808624744415283,0.12485918402671814
ml_latest_small,coupled_nmf,38,1235,5,4.085587501525879,"f39,f19,f25",0.07621246576309204,0.11186666041612625
ml_latest_small,coupled_nmf,38,4973,6,4.0610761642456055,"f26,f6,f31",0.10166268795728683,0.146036297082901
ml_latest_small,coupled_nmf,38,541,7,4.046582221984863,"f6,f26,f25",0.1045922040939331,0.15018689632415771
ml_latest_small,coupled_nmf,38,908,8,4.042553424835205,"f26,f21,f40",0.08039490878582001,0.11949963122606277
ml_latest_small,coupled_nmf,38,2160,9,4.0321879386901855,"f26,f25,f6",0.07809269428253174,0.11474314332008362
ml_latest_small,coupled_nmf,38,1104,10,4.027838706970215,"f26,f39,f6",0.07340407371520996,0.10729490965604782
ml_latest_small,coupled_nmf,39,2959,1,4.608782768249512,"f38,f39,f16",0.1163514256477356,0.17006796598434448
ml_latest_small,coupled_nmf,39,1204,2,4.558943748474121,"f10,f38,f26",0.08117196708917618,0.11914349347352982
ml_latest_small,coupled_nmf,39,898,3,4.537018775939941,"f10,f15,f26",0.0726839005947113,0.10603799670934677
ml_latest_small,coupled_nmf,39,1235,4,4.508065223693848,"f39,f15,f32",0.08774352818727493,0.12587542831897736
ml_latest_small,coupled_nmf,39,904,5,4.504795074462891,"f26,f39,f10",0.08941946923732758,0.13210752606391907
ml_latest_small,coupled_nmf,39,908,6,4.487294673919678,"f40,f39,f21",0.08089856058359146,0.11899881809949875
ml_latest_small,coupled_nmf,39,750,7,4.469178199768066,"f39,f38,f40",0.09905169904232025,0.13967664539813995
ml_latest_small,coupled_nmf,39,1104,8,4.455770492553711,"f15,f39,f10",0.08797980844974518,0.12720444798469543
ml_latest_small,coupled_nmf,39,5618,9,4.450599670410156,"f17,f32,f15",0.09639490395784378,0.1385999172925949
ml_latest_small,coupled_nmf,39,1223,10,4.438288688659668,"f15,f26,f39",0.08504980802536011,0.12131574004888535
ml_latest_small,coupled_nmf,40,2959,1,4.859829902648926,"f16,f39,f6",0.11680750548839569,0.16364294290542603
ml_latest_small,coupled_nmf,40,904,2,4.8262410163879395,"f29,f39,f13",0.0871284008026123,0.1285967379808426
ml_latest_small,coupled_nmf,40,4973,3,4.796319961547852,"f39,f6,f31",0.10151472687721252,0.14557605981826782
ml_latest_small,coupled_nmf,40,1204,4,4.795395851135254,"f10,f6,f37",0.07630505412817001,0.11197742074728012
ml_latest_small,coupled_nmf,40,898,5,4.745831489562988,"f37,f29,f10",0.08341763913631439,0.11963430792093277
ml_latest_small,coupled_nmf,40,1235,6,4.717066287994385,"f39,f8,f6",0.08357696235179901,0.11894910782575607
ml_latest_small,coupled_nmf,40,750,7,4.707768440246582,"f39,f29,f6",0.09357772022485733,0.1359357237815857
ml_latest_small,coupled_nmf,40,1221,8,4.706132888793945,"f13,f39,f29",0.10972236841917038,0.1589135378599167
ml_latest_small,coupled_nmf,40,1104,9,4.701628684997559,"f39,f29,f10",0.08052633702754974,0.11795336753129959
ml_latest_small,coupled_nmf,40,1223,10,4.699428558349609,"f29,f6,f13",0.08155720680952072,0.11846335232257843
ml_latest_small,coupled_nmf,41,527,1,3.909646987915039,"f26,f6,f11",0.12094561755657196,0.17652547359466553
ml_latest_small,coupled_nmf,41,1204,2,3.7799835205078125,"f26,f32,f18",0.10815916955471039,0.15148639678955078
ml_latest_small,coupled_nmf,41,1148,3,3.777625322341919,"f26,f32,f37",0.11958695948123932,0.16756334900856018
ml_latest_small,coupled_nmf,41,318,4,3.7567696571350098,"f26,f2,f37",0.1201256662607193,0.1724068820476532
ml_latest_small,coupled_nmf,41,904,5,3.7303178310394287,"f26,f32,f6",0.1296970248222351,0.1750553548336029
ml_latest_small,coupled_nmf,41,1199,6,3.6924619674682617,"f32,f14,f26",0.12445762753486633,0.1742165982723236
ml_latest_small,coupled_nmf,41,912,7,3.6862049102783203,"f32,f26,f2",0.12888436019420624,0.17649096250534058
ml_latest_small,coupled_nmf,41,1235,8,3.6842403411865234,"f32,f26,f8",0.11787258088588715,0.16700424253940582
ml_latest_small,coupled_nmf,41,898,9,3.6824779510498047,"f26,f32,f30",0.1070062667131424,0.1578119993209839
ml_latest_small,coupled_nmf,41,1272,10,3.679637908935547,"f30,f32,f26",0.10190756618976593,0.1501866728067398
ml_latest_small,coupled_nmf,42,1204,1,4.797950744628906,"f18,f21,f22",0.09783092141151428,0.1420055329799652
ml_latest_small,coupled_nmf,42,898,2,4.742485046386719,"f36,f21,f30",0.09188754111528397,0.13562674820423126
ml_latest_small,coupled_nmf,42,7371,3,4.713956832885742,"f27,f36,f21",0.09711359441280365,0.1422976553440094
ml_latest_small,coupled_nmf,42,1223,4,4.670105457305908,"f22,f29,f18",0.09204933792352676,0.13492195308208466
ml_latest_small,coupled_nmf,42,1272,5,4.668360710144043,"f18,f30,f19",0.0909644067287445,0.13452501595020294
ml_latest_small,coupled_nmf,42,2160,6,4.636543273925781,"f21,f27,f18",0.0950399860739708,0.14160247147083282
ml_latest_small,coupled_nmf,42,1104,7,4.630216598510742,"f36,f18,f21",0.09157600998878479,0.1367933601140976
ml_latest_small,coupled_nmf,42,1235,8,4.630014419555664,"f21,f27,f22",0.09051313251256943,0.13423094153404236
ml_latest_small,coupled_nmf,42,904,9,4.621227264404297,"f36,f29,f22",0.10329949110746384,0.1485145390033722
ml_latest_small,coupled_nmf,42,2324,10,4.610321998596191,"f14,f27,f17",0.09879626333713531,0.14450494945049286
ml_latest_small,coupled_nmf,43,1204,1,5.794910430908203,"f28,f22,f25",0.07878191769123077,0.11475220322608948
ml_latest_small,coupled_nmf,43,898,2,5.780094146728516,"f28,f33,f4",0.08207270503044128,0.122836634516716
ml_latest_small,coupled_nmf,43,904,3,5.724157333374023,"f28,f26,f22",0.08418504893779755,0.12138275057077408
ml_latest_small,coupled_nmf,43,908,4,5.682000160217285,"f3,f22,f25",0.07683417201042175,0.11385828256607056
ml_latest_small,coupled_nmf,43,1235,5,5.6553802490234375,"f25,f28,f35",0.07490789890289307,0.11157173663377762
ml_latest_small,coupled_nmf,43,2160,6,5.654973983764648,"f28,f25,f27",0.0807918831706047,0.11869354546070099
ml_latest_small,coupled_nmf,43,1104,7,5.649782180786133,"f4,f1,f27",0.07710384577512741,0.11107709258794785
ml_latest_small,coupled_nmf,43,7371,8,5.640583038330078,"f27,f28,f35",0.0809812918305397,0.11869224160909653
ml_latest_small,coupled_nmf,43,1223,9,5.638671398162842,"f28,f4,f22",0.08508045971393585,0.12410355359315872
ml_latest_small,coupled_nmf,43,246,10,5.617411136627197,"f4,f25,f12",0.08153072744607925,0.11906004697084427
ml_latest_small,coupled_nmf,44,2959,1,4.7510857582092285,"f16,f14,f38",0.1058771014213562,0.14897507429122925
ml_latest_small,coupled_nmf,44,1204,2,4.739151954650879,"f22,f12,f14",0.07192365825176239,0.10452734678983688
ml_latest_small,coupled_nmf,44,898,3,4.694503307342529,"f22,f12,f11",0.06559553742408752,0.09704504162073135
ml_latest_small,coupled_nmf,44,904,4,4.680582046508789,"f26,f12,f22",0.07478953897953033,0.11130654066801071
ml_latest_small,coupled_nmf,44,1235,5,4.649863243103027,"f22,f40,f39",0.06915853172540665,0.101927250623703
ml_latest_small,coupled_nmf,44,1223,6,4.639336109161377,"f22,f15,f2",0.07499126344919205,0.10807251930236816
ml_latest_small,coupled_nmf,44,750,7,4.625720977783203,"f22,f40,f2",0.0787004679441452,0.11505815386772156
ml_latest_small,coupled_nmf,44,908,8,4.6190290451049805,"f40,f22,f14",0.07735106348991394,0.11190913617610931
ml_latest_small,coupled_nmf,44,318,9,4.601995944976807,"f13,f16,f2",0.0921931341290474,0.13442234694957733
ml_latest_small,coupled_nmf,44,1104,10,4.598846912384033,"f15,f22,f40",0.06881505250930786,0.10004569590091705
ml_latest_small,coupled_nmf,45,898,1,5.026255130767822,"f30,f37,f33",0.10187754780054092,0.14150123298168182
ml_latest_small,coupled_nmf,45,1204,2,4.978630065917969,"f30,f28,f14",0.09136985242366791,0.12909933924674988
ml_latest_small,coupled_nmf,45,1235,3,4.875637531280518,"f30,f7,f25",0.08772539347410202,0.12716442346572876
ml_latest_small,coupled_nmf,45,7371,4,4.873350143432617,"f30,f15,f28",0.0987943634390831,0.13646754622459412
ml_latest_small,coupled_nmf,45,1223,5,4.87039852142334,"f30,f15,f28",0.08951163291931152,0.13068783283233643
ml_latest_small,coupled_nmf,45,904,6,4.851006507873535,"f30,f14,f28",0.09320534765720367,0.13462330400943756
ml_latest_small,coupled_nmf,45,2160,7,4.84128475189209,"f30,f25,f28",0.09166031330823898,0.13147158920764923
ml_latest_small,coupled_nmf,45,908,8,4.829802513122559,"f30,f24,f14",0.10154107213020325,0.14171962440013885
ml_latest_small,coupled_nmf,45,1261,9,4.826475143432617,"f30,f24,f25",0.10545886307954788,0.1494310200214386
ml_latest_small,coupled_nmf,45,57669,10,4.821681976318359,"f30,f37,f15",0.09184504300355911,0.1311613768339157
ml_latest_small,coupled_nmf,46,1204,1,5.0730791091918945,"f22,f26,f28",0.07194650173187256,0.1064414381980896
ml_latest_small,coupled_nmf,46,898,2,5.040700912475586,"f33,f28,f22",0.0718143880367279,0.10591466724872589
ml_latest_small,coupled_nmf,46,904,3,5.016401767730713,"f26,f22,f10",0.07876959443092346,0.11429037898778915
ml_latest_small,coupled_nmf,46,908,4,4.988874912261963,"f40,f22,f21",0.07755152136087418,0.11307113617658615
ml_latest_small,coupled_nmf,46,1235,5,4.956301212310791,"f32,f22,f40",0.07284432649612427,0.1071053221821785
ml_latest_small,coupled_nmf,46,1104,6,4.910356044769287,"f1,f15,f22",0.0715564489364624,0.1049550399184227
ml_latest_small,coupled_nmf,46,2160,7,4.9098920822143555,"f32,f26,f25",0.07099999487400055,0.10612421482801437
ml_latest_small,coupled_nmf,46,1223,8,4.900107383728027,"f22,f15,f28",0.0760163813829422,0.11209174245595932
ml_latest_small,coupled_nmf,46,7371,9,4.889496803283691,"f10,f15,f28",0.06975352019071579,0.1028514876961708
ml_latest_small,coupled_nmf,46,930,10,4.880770683288574,"f26,f10,f24",0.0675542876124382,0.09961885958909988
ml_latest_small,coupled_nmf,47,1204,1,3.480457305908203,"f34,f13,f38",0.08867714554071426,0.12927094101905823
ml_latest_small,coupled_nmf,47,898,2,3.4667463302612305,"f4,f34,f33",0.08556774258613586,0.1238742396235466
ml_latest_small,coupled_nmf,47,904,3,3.460775375366211,"f13,f34,f39",0.09483109414577484,0.1357378214597702
ml_latest_small,coupled_nmf,47,908,4,3.4045095443725586,"f25,f3,f38",0.08142700791358948,0.119491808116436
ml_latest_small,coupled_nmf,47,2959,5,3.3960156440734863,"f16,f38,f39",0.12693125009536743,0.18205848336219788
ml_latest_small,coupled_nmf,47,1104,6,3.3868725299835205,"f4,f23,f13",0.08392450213432312,0.12374019622802734
ml_latest_small,coupled_nmf,47,1213,7,3.3657636642456055,"f39,f13,f34",0.0929776281118393,0.13900089263916016
ml_latest_small,coupled_nmf,47,1272,8,3.3626224994659424,"f25,f38,f13",0.08924783021211624,0.1302749365568161
ml_latest_small,coupled_nmf,47,7371,9,3.359365463256836,"f13,f25,f4",0.08794901520013809,0.12637998163700104
ml_latest_small,coupled_nmf,47,1235,10,3.3572440147399902,"f39,f25,f38",0.08852269500494003,0.12627102434635162
ml_latest_small,coupled_nmf,48,1204,1,4.974954605102539,"f18,f34,f13",0.06792689114809036,0.09910723567008972
ml_latest_small,coupled_nmf,48,898,2,4.941339492797852,"f4,f30,f23",0.07229181379079819,0.103205606341362
ml_latest_small,coupled_nmf,48,904,3,4.889586448669434,"f13,f26,f14",0.07593826204538345,0.10844169557094574
ml_latest_small,coupled_nmf,48,1235,4,4.839526176452637,"f7,f19,f22",0.0642874538898468,0.09446372091770172
ml_latest_small,coupled_nmf,48,908,5,4.831608772277832,"f40,f30,f21",0.06961700320243835,0.10324229300022125
ml_latest_small,coupled_nmf,48,1104,6,4.825713157653809,"f4,f23,f18",0.07194077223539352,0.10315302759408951
ml_latest_small,coupled_nmf,48,2959,7,4.825068473815918,"f16,f14,f5",0.09298475831747055,0.13544440269470215
ml_latest_small,coupled_nmf,48,1223,8,4.817371845245361,"f4,f13,f22",0.07274283468723297,0.10508198291063309
ml_latest_small,coupled_nmf,48,318,9,4.811685085296631,"f13,f14,f34",0.09427133202552795,0.13208788633346558
ml_latest_small,coupled_nmf,48,2160,10,4.8079071044921875,"f18,f26,f27",0.06251905113458633,0.0927659124135971
ml_latest_small,coupled_nmf,49,1204,1,4.739398002624512,"f14,f28,f26",0.06470704823732376,0.0960720032453537
ml_latest_small,coupled_nmf,49,898,2,4.695958137512207,"f3,f37,f28",0.06743790209293365,0.09935442358255386
ml_latest_small,coupled_nmf,49,904,3,4.676853656768799,"f26,f13,f14",0.07458285242319107,0.11041133105754852
ml_latest_small,coupled_nmf,49,2959,4,4.630177974700928,"f16,f38,f14",0.0957396924495697,0.14264003932476044
ml_latest_small,coupled_nmf,49,1235,5,4.612386703491211,"f39,f35,f19",0.06218750402331352,0.09320230036973953
ml_latest_small,coupled_nmf,49,908,6,4.600700855255127,"f3,f14,f21",0.0739583969116211,0.10715150088071823
ml_latest_small,coupled_nmf,49,1104,7,4.588131904602051,"f23,f3,f1",0.06744088232517242,0.09879976511001587
ml_latest_small,coupled_nmf,49,1223,8,4.5727386474609375,"f28,f13,f15",0.06616389751434326,0.09842909872531891
ml_latest_small,coupled_nmf,49,750,9,4.567893981933594,"f35,f38,f13",0.07551904022693634,0.11284109950065613
ml_latest_small,coupled_nmf,49,2160,10,4.560681343078613,"f28,f26,f3",0.0640454888343811,0.09325810521841049
ml_latest_small,coupled_nmf,50,296,1,3.4360618591308594,"f17,f6,f16",0.15723034739494324,0.2148665487766266
ml_latest_small,coupled_nmf,50,527,2,3.391388416290283,"f6,f26,f2",0.12817759811878204,0.1805064082145691
ml_latest_small,coupled_nmf,50,4973,3,3.3729934692382812,"f26,f6,f17",0.13265447318553925,0.1950056105852127
ml_latest_small,coupled_nmf,50,904,4,3.368278741836548,"f26,f6,f2",0.11559689790010452,0.1592969298362732
ml_latest_small,coupled_nmf,50,1221,5,3.3486428260803223,"f26,f6,f17",0.11020250618457794,0.16294725239276886
ml_latest_small,coupled_nmf,50,1089,6,3.2928519248962402,"f26,f17,f6",0.11980947107076645,0.1729452759027481
ml_latest_small,coupled_nmf,50,1276,7,3.27824068069458,"f6,f26,f14",0.10881410539150238,0.14732031524181366
ml_latest_small,coupled_nmf,50,898,8,3.2709498405456543,"f26,f6,f17",0.09137511998414993,0.12956911325454712
ml_latest_small,coupled_nmf,50,1945,9,3.2693772315979004,"f6,f17,f26",0.10941238701343536,0.16021518409252167
ml_latest_small,coupled_nmf,50,912,10,3.2678956985473633,"f6,f26,f21",0.10823379456996918,0.15942180156707764
ml_latest_small,coupled_nmf,51,1204,1,4.960142135620117,"f18,f14,f35",0.09640157222747803,0.14156188070774078
ml_latest_small,coupled_nmf,51,898,2,4.878596305847168,"f23,f14,f28",0.09087438881397247,0.13319052755832672
ml_latest_small,coupled_nmf,51,2324,3,4.827037811279297,"f14,f35,f19",0.1222352534532547,0.16474872827529907
ml_latest_small,coupled_nmf,51,904,4,4.802947044372559,"f14,f26,f23",0.10046178847551346,0.14542913436889648
ml_latest_small,coupled_nmf,51,1104,5,4.802510738372803,"f23,f35,f18",0.10035811364650726,0.14286145567893982
ml_latest_small,coupled_nmf,51,4973,6,4.793866157531738,"f31,f18,f14",0.12347719073295593,0.18092839419841766
ml_latest_small,coupled_nmf,51,750,7,4.7840471267700195,"f35,f24,f31",0.11099616438150406,0.15664902329444885
ml_latest_small,coupled_nmf,51,1235,8,4.770737648010254,"f35,f19,f14",0.09571270644664764,0.1357184499502182
ml_latest_small,coupled_nmf,51,1197,9,4.763524055480957,"f35,f18,f23",0.13480877876281738,0.18167744576931
ml_latest_small,coupled_nmf,51,356,10,4.755335330963135,"f1,f19,f34",0.12400495260953903,0.18071208894252777
ml_latest_small,coupled_nmf,52,1204,1,5.237704277038574,"f21,f22,f28",0.06943829357624054,0.10335119813680649
ml_latest_small,coupled_nmf,52,898,2,5.187474250793457,"f4,f21,f28",0.07156280428171158,0.10549439489841461
ml_latest_small,coupled_nmf,52,904,3,5.119406700134277,"f10,f28,f6",0.07068929821252823,0.10544196516275406
ml_latest_small,coupled_nmf,52,1223,4,5.088619232177734,"f15,f4,f22",0.08035074174404144,0.1163010448217392
ml_latest_small,coupled_nmf,52,1235,5,5.088429927825928,"f15,f21,f22",0.07219797372817993,0.1058993935585022
ml_latest_small,coupled_nmf,52,908,6,5.07939338684082,"f21,f22,f3",0.07900428771972656,0.11363118886947632
ml_latest_small,coupled_nmf,52,1104,7,5.072042465209961,"f15,f4,f21",0.07760097831487656,0.11278042197227478
ml_latest_small,coupled_nmf,52,2160,8,5.0665364265441895,"f21,f25,f28",0.07201731950044632,0.106053426861763
ml_latest_small,coupled_nmf,52,7371,9,5.062291145324707,"f15,f21,f10",0.07581869512796402,0.1108400970697403
ml_latest_small,coupled_nmf,52,930,10,5.029960632324219,"f21,f15,f4",0.07056395709514618,0.10371355712413788
ml_latest_small,coupled_nmf,53,1204,1,6.239358901977539,"f18,f22,f37",0.06791643053293228,0.10002610832452774
ml_latest_small,coupled_nmf,53,898,2,6.193342208862305,"f37,f4,f33",0.06904708594083786,0.10046962648630142
ml_latest_small,coupled_nmf,53,2959,3,6.173402309417725,"f16,f38,f17",0.10225555300712585,0.14421798288822174
ml_latest_small,coupled_nmf,53,904,4,6.133356094360352,"f26,f37,f13",0.06971083581447601,0.10350482910871506
ml_latest_small,coupled_nmf,53,1235,5,6.106871604919434,"f22,f1,f7",0.06509310752153397,0.09707799553871155
ml_latest_small,coupled_nmf,53,750,6,6.071964740753174,"f1,f22,f38",0.07386942952871323,0.11054008454084396
ml_latest_small,coupled_nmf,53,1104,7,6.070915222167969,"f1,f4,f15",0.06667523831129074,0.09767922759056091
ml_latest_small,coupled_nmf,53,1223,8,6.069067001342773,"f22,f15,f4",0.06745237112045288,0.09969636797904968
ml_latest_small,coupled_nmf,53,908,9,6.060935974121094,"f21,f40,f1",0.07355958968400955,0.10815724730491638
ml_latest_small,coupled_nmf,53,318,10,6.0570573806762695,"f13,f37,f16",0.09130919724702835,0.1325681209564209
ml_latest_small,coupled_nmf,54,898,1,3.662187337875366,"f33,f28,f30",0.06847815215587616,0.10052121430635452
ml_latest_small,coupled_nmf,54,1204,2,3.659702777862549,"f12,f28,f2",0.0660998672246933,0.09799378365278244
ml_latest_small,coupled_nmf,54,904,3,3.6344404220581055,"f26,f2,f13",0.07244160026311874,0.10740268975496292
ml_latest_small,coupled_nmf,54,908,4,3.588085651397705,"f21,f3,f1",0.07198208570480347,0.10508773475885391
ml_latest_small,coupled_nmf,54,2959,5,3.5818755626678467,"f16,f38,f17",0.10016506165266037,0.14134147763252258
ml_latest_small,coupled_nmf,54,1235,6,3.577963352203369,"f2,f39,f8",0.06697528064250946,0.09918944537639618
ml_latest_small,coupled_nmf,54,1104,7,3.556326389312744,"f23,f1,f21",0.07065046578645706,0.10052020847797394
ml_latest_small,coupled_nmf,54,750,8,3.546870231628418,"f2,f1,f38",0.07425261288881302,0.10998163372278214
ml_latest_small,coupled_nmf,54,1223,9,3.545651435852051,"f2,f28,f22",0.06881974637508392,0.10220977663993835
ml_latest_small,coupled_nmf,54,7371,10,3.5376787185668945,"f30,f13,f12",0.06522013992071152,0.09650061279535294
ml_latest_small,coupled_nmf,55,1204,1,3.544783592224121,"f10,f18,f14",0.07895593345165253,0.11749611794948578
ml_latest_small,coupled_nmf,55,318,2,3.537421464920044,"f13,f16,f38",0.11391296982765198,0.16224132478237152
ml_latest_small,coupled_nmf,55,2959,3,3.5167086124420166,"f16,f38,f14",0.12819519639015198,0.18247239291667938
ml_latest_small,coupled_nmf,55,904,4,3.498410701751709,"f13,f14,f10",0.08653314411640167,0.12831027805805206
ml_latest_small,coupled_nmf,55,898,5,3.4948482513427734,"f30,f10,f14",0.07632046937942505,0.11322935670614243
ml_latest_small,coupled_nmf,55,1235,6,3.4386889934539795,"f16,f6,f10",0.07411356270313263,0.10889998823404312
ml_latest_small,coupled_nmf,55,1104,7,3.4369754791259766,"f10,f1,f6",0.07346754521131516,0.10788477957248688
ml_latest_small,coupled_nmf,55,7371,8,3.422154426574707,"f10,f13,f30",0.082289919257164,0.12214156240224838
ml_latest_small,coupled_nmf,55,908,9,3.4212775230407715,"f14,f30,f24",0.07930173724889755,0.11572427302598953
ml_latest_small,coupled_nmf,55,260,10,3.4079091548919678,"f10,f5,f13",0.11034563928842545,0.15946464240550995
ml_latest_small,coupled_nmf,56,1204,1,4.909295082092285,"f18,f28,f30",0.07612226903438568,0.1094067394733429
ml_latest_small,coupled_nmf,56,898,2,4.884945869445801,"f33,f30,f28",0.07897699624300003,0.1164674460887909
ml_latest_small,coupled_nmf,56,904,3,4.80934476852417,"f28,f26,f13",0.07593576610088348,0.11069323122501373
ml_latest_small,coupled_nmf,56,1235,4,4.797424793243408,"f8,f40,f28",0.06889548897743225,0.102261483669281
ml_latest_small,coupled_nmf,56,908,5,4.788724422454834,"f40,f30,f21",0.07725857943296432,0.11382623016834259
ml_latest_small,coupled_nmf,56,2959,6,4.7764573097229,"f16,f17,f5",0.08876495808362961,0.12971390783786774
ml_latest_small,coupled_nmf,56,2160,7,4.770679473876953,"f28,f18,f30",0.07135194540023804,0.10398654639720917
ml_latest_small,coupled_nmf,56,1104,8,4.756657600402832,"f18,f40,f1",0.06452178210020065,0.09540268778800964
ml_latest_small,coupled_nmf,56,1223,9,4.752251148223877,"f28,f18,f30",0.0706993043422699,0.10187014192342758
ml_latest_small,coupled_nmf,56,7371,10,4.7508697509765625,"f30,f28,f27",0.07545739412307739,0.11110658943653107
ml_latest_small,coupled_nmf,57,318,1,4.45737361907959,"f2,f6,f13",0.1435764729976654,0.20596207678318024
ml_latest_small,coupled_nmf,57,2959,2,4.450355529785156,"f16,f6,f17",0.14300039410591125,0.20569400489330292
ml_latest_small,coupled_nmf,57,858,3,4.430788040161133,"f6,f37,f2",0.14235135912895203,0.20014995336532593
ml_latest_small,coupled_nmf,57,1148,4,4.320804595947266,"f6,f2,f22",0.13052311539649963,0.1779606193304062
ml_latest_small,coupled_nmf,57,527,5,4.305190086364746,"f6,f2,f11",0.1597168743610382,0.21047358214855194
ml_latest_small,coupled_nmf,57,898,6,4.25745153427124,"f22,f2,f6",0.101275235414505,0.15144303441047668
ml_latest_small,coupled_nmf,57,4973,7,4.254627227783203,"f6,f17,f22",0.14180245995521545,0.20194953680038452
ml_latest_small,coupled_nmf,57,1199,8,4.250576496124268,"f6,f2,f16",0.11773307621479034,0.16858090460300446
ml_latest_small,coupled_nmf,57,1223,9,4.2082061767578125,"f2,f6,f22",0.12094619125127792,0.17816193401813507
ml_latest_small,coupled_nmf,57,1228,10,4.206543922424316,"f6,f17,f22",0.13517051935195923,0.1832735240459442
ml_latest_small,coupled_nmf,58,1204,1,5.05604362487793,"f9,f21,f25",0.07898574322462082,0.11608336120843887
ml_latest_small,coupled_nmf,58,898,2,5.014643669128418,"f21,f24,f4",0.07453054934740067,0.10977775603532791
ml_latest_small,coupled_nmf,58,908,3,4.983595848083496,"f21,f24,f40",0.08593679964542389,0.12467745691537857
ml_latest_small,coupled_nmf,58,904,4,4.968876361846924,"f26,f25,f8",0.08130969852209091,0.11793834716081619
ml_latest_small,coupled_nmf,58,1235,5,4.953544616699219,"f8,f25,f21",0.0793289765715599,0.11689169704914093
ml_latest_small,coupled_nmf,58,1104,6,4.931329250335693,"f23,f21,f9",0.07479847967624664,0.11011631041765213
ml_latest_small,coupled_nmf,58,2959,7,4.9293293952941895,"f16,f9,f14",0.10207633674144745,0.14516274631023407
ml_latest_small,coupled_nmf,58,2160,8,4.926636695861816,"f25,f9,f21",0.08100459724664688,0.12018880993127823
ml_latest_small,coupled_nmf,58,1223,9,4.901577472686768,"f9,f4,f26",0.07976053655147552,0.11513061821460724
ml_latest_small,coupled_nmf,58,930,10,4.8959641456604,"f9,f21,f24",0.08233614265918732,0.1212015151977539
ml_latest_small,coupled_nmf,59,898,1,4.939356803894043,"f29,f6,f26",0.07589441537857056,0.11158522218465805
ml_latest_small,coupled_nmf,59,1204,2,4.91782808303833,"f6,f26,f12",0.08337903767824173,0.12268859893083572
ml_latest_small,coupled_nmf,59,1945,3,4.816867351531982,"f6,f12,f26",0.08900251984596252,0.12840181589126587
ml_latest_small,coupled_nmf,59,1223,4,4.804743766784668,"f6,f29,f26",0.08502095192670822,0.12491326034069061
ml_latest_small,coupled_nmf,59,1276,5,4.7908172607421875,"f6,f14,f12",0.09072790294885635,0.13022470474243164
ml_latest_small,coupled_nmf,59,908,6,4.787846565246582,"f26,f14,f22",0.08083729445934296,0.11784229427576065
ml_latest_small,coupled_nmf,59,2959,7,4.786428451538086,"f6,f16,f14",0.11039434373378754,0.1639760136604309
ml_latest_small,coupled_nmf,59,1104,8,4.770097255706787,"f6,f26,f29",0.07887529581785202,0.11636647582054138
ml_latest_small,coupled_nmf,59,4973,9,4.761488914489746,"f6,f26,f31",0.11294214427471161,0.16072192788124084
ml_latest_small,coupled_nmf,59,1148,10,4.75754976272583,"f6,f26,f37",0.09377279877662659,0.13087040185928345
ml_latest_small,coupled_nmf,60,898,1,4.53163480758667,"f37,f3,f30",0.06805764138698578,0.099962018430233
ml_latest_small,coupled_nmf,60,1204,2,4.531108856201172,"f26,f12,f28",0.06924545764923096,0.1012801006436348
ml_latest_small,coupled_nmf,60,904,3,4.486349105834961,"f26,f2,f29",0.07751286774873734,0.11156047880649567
ml_latest_small,coupled_nmf,60,2959,4,4.463223457336426,"f16,f26,f38",0.10328532755374908,0.14489223062992096
ml_latest_small,coupled_nmf,60,908,5,4.429859638214111,"f3,f26,f40",0.0734507292509079,0.10915128886699677
ml_latest_small,coupled_nmf,60,1235,6,4.429348945617676,"f2,f16,f15",0.065191350877285,0.09615969657897949
ml_latest_small,coupled_nmf,60,1104,7,4.406191349029541,"f15,f26,f1",0.06939288973808289,0.1031273826956749
ml_latest_small,coupled_nmf,60,1223,8,4.401522636413574,"f15,f26,f2",0.07241270691156387,0.10611553490161896
ml_latest_small,coupled_nmf,60,2160,9,4.388935089111328,"f26,f28,f12",0.06877169758081436,0.10063362866640091
ml_latest_small,coupled_nmf,60,7371,10,4.381865501403809,"f27,f15,f30",0.06890455633401871,0.1017540991306305
ml_latest_small,coupled_nmf,61,2959,1,4.679543495178223,"f16,f14,f38",0.10610933601856232,0.15183256566524506
ml_latest_small,coupled_nmf,61,1204,2,4.651410102844238,"f26,f22,f14",0.07041119039058685,0.10402370989322662
ml_latest_small,coupled_nmf,61,904,3,4.630282402038574,"f26,f13,f14",0.0798206701874733,0.11622366309165955
ml_latest_small,coupled_nmf,61,898,4,4.625237464904785,"f3,f37,f22",0.06721588969230652,0.09967385232448578
ml_latest_small,coupled_nmf,61,1235,5,4.545175552368164,"f22,f39,f16",0.0677357092499733,0.09996502101421356
ml_latest_small,coupled_nmf,61,1223,6,4.5356316566467285,"f22,f26,f15",0.07108744978904724,0.1055106669664383
ml_latest_small,coupled_nmf,61,908,7,4.533243179321289,"f3,f22,f14",0.0739709660410881,0.10960044711828232
ml_latest_small,coupled_nmf,61,750,8,4.528753757476807,"f22,f13,f6",0.07663328945636749,0.11429095268249512
ml_latest_small,coupled_nmf,61,1104,9,4.517801761627197,"f26,f15,f3",0.06634281575679779,0.0982990637421608
ml_latest_small,coupled_nmf,61,858,10,4.507494926452637,"f6,f14,f37",0.09863583743572235,0.14677460491657257
ml_latest_small,coupled_nmf,62,1204,1,4.999416828155518,"f18,f17,f6",0.08061011135578156,0.11959613859653473
ml_latest_small,coupled_nmf,62,898,2,4.937991619110107,"f28,f17,f14",0.07464450597763062,0.10974238067865372
ml_latest_small,coupled_nmf,62,1223,3,4.8700103759765625,"f17,f28,f6",0.08299145847558975,0.12317643314599991
ml_latest_small,coupled_nmf,62,904,4,4.852095603942871,"f6,f14,f28",0.08465185016393661,0.1252506524324417
ml_latest_small,coupled_nmf,62,1235,5,4.838366508483887,"f17,f7,f6",0.07704628258943558,0.11469276249408722
ml_latest_small,coupled_nmf,62,1945,6,4.825639247894287,"f17,f6,f15",0.09537855535745621,0.13248831033706665
ml_latest_small,coupled_nmf,62,2160,7,4.820636749267578,"f17,f6,f28",0.08088413625955582,0.12008398026227951
ml_latest_small,coupled_nmf,62,1104,8,4.809151649475098,"f15,f6,f17",0.07637249678373337,0.11225032806396484
ml_latest_small,coupled_nmf,62,7371,9,4.7873663902282715,"f17,f28,f15",0.07627279311418533,0.11384182423353195
ml_latest_small,coupled_nmf,62,1213,10,4.7764892578125,"f17,f7,f14",0.08937923610210419,0.13060429692268372
ml_latest_small,coupled_nmf,63,2959,1,4.292972564697266,"f16,f38,f6",0.1310940831899643,0.17975226044654846
ml_latest_small,coupled_nmf,63,898,2,4.134930610656738,"f37,f33,f21",0.09097536653280258,0.13054099678993225
ml_latest_small,coupled_nmf,63,296,3,4.10630989074707,"f16,f5,f37",0.155728280544281,0.22350257635116577
ml_latest_small,coupled_nmf,63,1204,4,4.093271255493164,"f2,f37,f21",0.08658509701490402,0.12674418091773987
ml_latest_small,coupled_nmf,63,527,5,4.0780181884765625,"f2,f6,f1",0.11927197128534317,0.1746186763048172
ml_latest_small,coupled_nmf,63,904,6,4.027520179748535,"f2,f6,f37",0.09483416378498077,0.13879284262657166
ml_latest_small,coupled_nmf,63,1199,7,4.021759986877441,"f16,f6,f40",0.10143478214740753,0.14770275354385376
ml_latest_small,coupled_nmf,63,1235,8,4.01738977432251,"f2,f16,f40",0.09147200733423233,0.13432474434375763
ml_latest_small,coupled_nmf,63,908,9,4.013750076293945,"f40,f21,f2",0.10005172342061996,0.14646604657173157
ml_latest_small,coupled_nmf,63,750,10,4.004940032958984,"f2,f40,f38",0.10311538726091385,0.14917753636837006
ml_latest_small,coupled_nmf,64,904,1,4.6259307861328125,"f22,f29,f10",0.09728444367647171,0.13526134192943573
ml_latest_small,coupled_nmf,64,1136,2,4.617852687835693,"f22,f15,f29",0.11339746415615082,0.16358651220798492
ml_latest_small,coupled_nmf,64,898,3,4.583505153656006,"f22,f29,f37",0.09099125117063522,0.1318000853061676
ml_latest_small,coupled_nmf,64,1235,4,4.567181587219238,"f22,f8,f16",0.09080561250448227,0.12876975536346436
ml_latest_small,coupled_nmf,64,1104,5,4.551516056060791,"f22,f23,f15",0.0899127945303917,0.1311078667640686
ml_latest_small,coupled_nmf,64,1219,6,4.548199653625488,"f22,f29,f15",0.10819440335035324,0.14804810285568237
ml_latest_small,coupled_nmf,64,1223,7,4.526602745056152,"f22,f15,f29",0.09920255094766617,0.14220690727233887
ml_latest_small,coupled_nmf,64,750,8,4.525874137878418,"f22,f35,f29",0.10417815297842026,0.14714308083057404
ml_latest_small,coupled_nmf,64,912,9,4.501368045806885,"f22,f29,f21",0.10302125662565231,0.14667144417762756
ml_latest_small,coupled_nmf,64,1945,10,4.494503498077393,"f22,f23,f15",0.09471672773361206,0.13456116616725922
ml_latest_small,coupled_nmf,65,1204,1,4.4585862159729,"f38,f12,f18",0.06442637741565704,0.09611737728118896
ml_latest_small,coupled_nmf,65,898,2,4.431973457336426,"f37,f11,f3",0.062286440283060074,0.09273327887058258
ml_latest_small,coupled_nmf,65,904,3,4.405490875244141,"f26,f13,f12",0.07315970957279205,0.10617200285196304
ml_latest_small,coupled_nmf,65,1235,4,4.364570140838623,"f39,f7,f8",0.06719175726175308,0.09886112809181213
ml_latest_small,coupled_nmf,65,1104,5,4.342012405395508,"f15,f1,f39",0.0644838735461235,0.09475792199373245
ml_latest_small,coupled_nmf,65,908,6,4.339271068572998,"f3,f21,f40",0.06754181534051895,0.10013511031866074
ml_latest_small,coupled_nmf,65,1223,7,4.325316429138184,"f15,f13,f29",0.06721299886703491,0.09910747408866882
ml_latest_small,coupled_nmf,65,7371,8,4.3123579025268555,"f13,f15,f20",0.0656648501753807,0.09744402766227722
ml_latest_small,coupled_nmf,65,2160,9,4.309695243835449,"f26,f12,f6",0.06222790852189064,0.09153027832508087
ml_latest_small,coupled_nmf,65,750,10,4.309553146362305,"f38,f39,f13",0.07622062414884567,0.11268848180770874
ml_latest_small,coupled_nmf,66,1204,1,4.8622260093688965,"f12,f14,f38",0.0776175931096077,0.1131923571228981
ml_latest_small,coupled_nmf,66,898,2,4.845813751220703,"f29,f12,f14",0.07435452193021774,0.10893387347459793
ml_latest_small,coupled_nmf,66,904,3,4.796110153198242,"f12,f29,f14",0.08415991812944412,0.124052993953228
ml_latest_small,coupled_nmf,66,527,4,4.77534294128418,"f6,f11,f16",0.10091104358434677,0.1469975858926773
ml_latest_small,coupled_nmf,66,1104,5,4.7674102783203125,"f15,f29,f6",0.07616015523672104,0.10928734391927719
ml_latest_small,coupled_nmf,66,4973,6,4.760744571685791,"f31,f17,f6",0.10169154405593872,0.1503126621246338
ml_latest_small,coupled_nmf,66,1235,7,4.760306358337402,"f16,f15,f12",0.07452206313610077,0.10874737054109573
ml_latest_small,coupled_nmf,66,5618,8,4.755336284637451,"f17,f16,f12",0.08943410217761993,0.1322082281112671
ml_latest_small,coupled_nmf,66,1223,9,4.743014335632324,"f15,f29,f12",0.08241285383701324,0.11973609775304794
ml_latest_small,coupled_nmf,66,1945,10,4.739073753356934,"f12,f6,f17",0.08286262303590775,0.12217900156974792
ml_latest_small,coupled_nmf,67,1204,1,4.401401519775391,"f28,f26,f13",0.07045530527830124,0.10503676533699036
ml_latest_small,coupled_nmf,67,898,2,4.375540733337402,"f33,f37,f30",0.07358061522245407,0.10909836739301682
ml_latest_small,coupled_nmf,67,904,3,4.3553009033203125,"f13,f26,f28",0.08534487336874008,0.12160824239253998
ml_latest_small,coupled_nmf,67,1223,4,4.277899742126465,"f13,f28,f26",0.0752038061618805,0.1094287782907486
ml_latest_small,coupled_nmf,67,1235,5,4.264149188995361,"f1,f28,f35",0.06405838578939438,0.0951622724533081
ml_latest_small,coupled_nmf,67,750,6,4.2559003829956055,"f13,f38,f35",0.08175500482320786,0.119477279484272
ml_latest_small,coupled_nmf,67,908,7,4.250723838806152,"f26,f30,f1",0.07021865248680115,0.10462610423564911
ml_latest_small,coupled_nmf,67,1104,8,4.247276306152344,"f1,f26,f13",0.06848052144050598,0.10103321075439453
ml_latest_small,coupled_nmf,67,2160,9,4.239428520202637,"f28,f26,f13",0.07124357670545578,0.10405472666025162
ml_latest_small,coupled_nmf,67,930,10,4.2313690185546875,"f26,f13,f31",0.06932012736797333,0.10309753566980362
ml_latest_small,coupled_nmf,68,898,1,4.266818046569824,"f4,f30,f24",0.19965018332004547,0.2880002558231354
ml_latest_small,coupled_nmf,68,1204,2,4.135505676269531,"f4,f30,f24",0.17245124280452728,0.2447393536567688
ml_latest_small,coupled_nmf,68,908,3,4.113162994384766,"f24,f30,f4",0.19261004030704498,0.27824950218200684
ml_latest_small,coupled_nmf,68,7371,4,4.089668273925781,"f30,f4,f24",0.19237631559371948,0.2719918489456177
ml_latest_small,coupled_nmf,68,1261,5,4.0747971534729,"f24,f4,f30",0.21932440996170044,0.31297045946121216
ml_latest_small,coupled_nmf,68,1580,6,4.029273986816406,"f4,f24,f30",0.21216517686843872,0.28938132524490356
ml_latest_small,coupled_nmf,68,922,7,4.0223541259765625,"f4,f24,f30",0.2001478374004364,0.2790175974369049
ml_latest_small,coupled_nmf,68,1272,8,4.018908500671387,"f30,f4,f3",0.2033522129058838,0.26852819323539734
ml_latest_small,coupled_nmf,68,246,9,3.9972500801086426,"f4,f24,f30",0.2063465565443039,0.2774280607700348
ml_latest_small,coupled_nmf,68,930,10,3.9971160888671875,"f4,f24,f30",0.19568493962287903,0.28154483437538147
ml_latest_small,coupled_nmf,69,1204,1,5.178176403045654,"f37,f28,f26",0.06543165445327759,0.09734831005334854
ml_latest_small,coupled_nmf,69,898,2,5.152101516723633,"f37,f33,f28",0.07200311869382858,0.10457586497068405
ml_latest_small,coupled_nmf,69,904,3,5.117445945739746,"f26,f13,f37",0.07401178032159805,0.10868379473686218
ml_latest_small,coupled_nmf,69,2959,4,5.071588039398193,"f17,f38,f16",0.09038405865430832,0.13186147809028625
ml_latest_small,coupled_nmf,69,750,5,5.028365135192871,"f35,f24,f2",0.07776319235563278,0.11427782475948334
ml_latest_small,coupled_nmf,69,1235,6,5.026504039764404,"f2,f35,f39",0.06554806232452393,0.09489560127258301
ml_latest_small,coupled_nmf,69,908,7,5.022742748260498,"f24,f40,f21",0.06989892572164536,0.1025850847363472
ml_latest_small,coupled_nmf,69,1223,8,5.014513969421387,"f28,f2,f17",0.0675288513302803,0.09971756488084793
ml_latest_small,coupled_nmf,69,2160,9,4.997308254241943,"f28,f26,f24",0.06521625071763992,0.09590809047222137
ml_latest_small,coupled_nmf,69,1104,10,4.995460510253906,"f1,f15,f26",0.06173770874738693,0.0919281467795372
ml_latest_small,coupled_nmf,70,1204,1,4.930042266845703,"f22,f18,f14",0.07018876075744629,0.10267633199691772
ml_latest_small,coupled_nmf,70,898,2,4.887407302856445,"f37,f22,f30",0.06911735981702805,0.10130338370800018
ml_latest_small,coupled_nmf,70,904,3,4.864141464233398,"f22,f14,f36",0.07111554592847824,0.1045800969004631
ml_latest_small,coupled_nmf,70,2959,4,4.838913917541504,"f16,f14,f38",0.0950632244348526,0.13937713205814362
ml_latest_small,coupled_nmf,70,1235,5,4.810398101806641,"f22,f39,f8",0.06951639801263809,0.10352814942598343
ml_latest_small,coupled_nmf,70,908,6,4.79551887512207,"f22,f14,f40",0.07107709348201752,0.10543280094861984
ml_latest_small,coupled_nmf,70,1104,7,4.779906272888184,"f15,f23,f22",0.06572694331407547,0.09802031517028809
ml_latest_small,coupled_nmf,70,1223,8,4.775918483734131,"f22,f15,f11",0.07199028879404068,0.10243351757526398
ml_latest_small,coupled_nmf,70,2160,9,4.7611589431762695,"f25,f18,f8",0.06500367820262909,0.09463390707969666
ml_latest_small,coupled_nmf,70,750,10,4.757407188415527,"f22,f39,f24",0.07650512456893921,0.11234170943498611
ml_latest_small,coupled_nmf,71,1204,1,4.7103729248046875,"f28,f18,f38",0.07254838198423386,0.10639981180429459
ml_latest_small,coupled_nmf,71,898,2,4.675653457641602,"f33,f28,f20",0.07372395694255829,0.11002732813358307
ml_latest_small,coupled_nmf,71,904,3,4.6093292236328125,"f28,f26,f14",0.07509548962116241,0.11064335703849792
ml_latest_small,coupled_nmf,71,908,4,4.606861114501953,"f40,f20,f1",0.07666663080453873,0.11111073195934296
ml_latest_small,coupled_nmf,71,1235,5,4.554649353027344,"f8,f40,f22",0.06926500052213669,0.10234024375677109
ml_latest_small,coupled_nmf,71,2160,6,4.551504611968994,"f28,f27,f40",0.06909535080194473,0.1011619046330452
ml_latest_small,coupled_nmf,71,1104,7,4.548635959625244,"f1,f4,f23",0.0685756579041481,0.10104783624410629
ml_latest_small,coupled_nmf,71,1272,8,4.547057628631592,"f20,f14,f38",0.07223797589540482,0.1072186678647995
ml_latest_small,coupled_nmf,71,930,9,4.530658721923828,"f20,f31,f24",0.07086236029863358,0.10401994735002518
ml_latest_small,coupled_nmf,71,1223,10,4.529838562011719,"f28,f22,f4",0.07413429766893387,0.10810771584510803
ml_latest_small,coupled_nmf,72,1204,1,4.873183250427246,"f18,f38,f22",0.06930023431777954,0.10237401723861694
ml_latest_small,coupled_nmf,72,898,2,4.84971284866333,"f37,f33,f3",0.06763346493244171,0.099007748067379
ml_latest_small,coupled_nmf,72,2959,3,4.8270158767700195,"f38,f16,f17",0.09860334545373917,0.1417008340358734
ml_latest_small,coupled_nmf,72,904,4,4.798714637756348,"f26,f2,f22",0.06952330470085144,0.10263515263795853
ml_latest_small,coupled_nmf,72,1235,5,4.774837017059326,"f40,f39,f2",0.0684654489159584,0.10124024003744125
ml_latest_small,coupled_nmf,72,908,6,4.752460479736328,"f40,f3,f22",0.07632129639387131,0.11016964167356491
ml_latest_small,coupled_nmf,72,1104,7,4.74679708480835,"f23,f15,f40",0.06709049642086029,0.09911870956420898
ml_latest_small,coupled_nmf,72,750,8,4.738945960998535,"f38,f40,f2",0.07996296137571335,0.11653341352939606
ml_latest_small,coupled_nmf,72,1223,9,4.727103233337402,"f22,f15,f2",0.06898432970046997,0.1024407222867012
ml_latest_small,coupled_nmf,72,2160,10,4.707103252410889,"f40,f18,f32",0.06435176730155945,0.0955268144607544
ml_latest_small,coupled_nmf,73,1204,1,4.7632036209106445,"f18,f28,f38",0.08998976647853851,0.13213644921779633
ml_latest_small,coupled_nmf,73,898,2,4.71592903137207,"f23,f28,f30",0.08849117904901505,0.12652505934238434
ml_latest_small,coupled_nmf,73,2959,3,4.703469276428223,"f38,f14,f16",0.11796360462903976,0.17191049456596375
ml_latest_small,coupled_nmf,73,904,4,4.6598920822143555,"f28,f26,f23",0.08980719745159149,0.1336018592119217
ml_latest_small,coupled_nmf,73,1945,5,4.621776103973389,"f23,f28,f18",0.09063529968261719,0.1288350373506546
ml_latest_small,coupled_nmf,73,1235,6,4.610836982727051,"f39,f28,f38",0.07913350313901901,0.11818770319223404
ml_latest_small,coupled_nmf,73,908,7,4.599086761474609,"f23,f14,f38",0.0856156200170517,0.1256536841392517
ml_latest_small,coupled_nmf,73,1104,8,4.591454029083252,"f23,f18,f38",0.09083888679742813,0.1302538514137268
ml_latest_small,coupled_nmf,73,1272,9,4.581907749176025,"f38,f14,f23",0.08631651848554611,0.12730573117733002
ml_latest_small,coupled_nmf,73,2571,10,4.576079368591309,"f14,f39,f17",0.10522399097681046,0.15540049970149994
ml_latest_small,coupled_nmf,74,1204,1,4.947547912597656,"f18,f21,f22",0.07235623151063919,0.10701680928468704
ml_latest_small,coupled_nmf,74,2959,2,4.904657363891602,"f16,f38,f17",0.09870371967554092,0.14541243016719818
ml_latest_small,coupled_nmf,74,898,3,4.896950721740723,"f33,f21,f36",0.07195205986499786,0.10455061495304108
ml_latest_small,coupled_nmf,74,904,4,4.874466896057129,"f36,f26,f2",0.07374954223632812,0.10907605290412903
ml_latest_small,coupled_nmf,74,318,5,4.859462738037109,"f36,f13,f2",0.09422680735588074,0.1377929449081421
ml_latest_small,coupled_nmf,74,1235,6,4.830655097961426,"f21,f2,f22",0.06959985196590424,0.10350237041711807
ml_latest_small,coupled_nmf,74,908,7,4.819930076599121,"f21,f40,f22",0.0811973586678505,0.11670684814453125
ml_latest_small,coupled_nmf,74,1104,8,4.80131196975708,"f21,f15,f18",0.06776858866214752,0.09994000196456909
ml_latest_small,coupled_nmf,74,750,9,4.800258159637451,"f21,f22,f2",0.07774122804403305,0.11590832471847534
ml_latest_small,coupled_nmf,74,1223,10,4.787022590637207,"f22,f2,f15",0.07142193615436554,0.10571027547121048
ml_latest_small,coupled_nmf,75,2959,1,3.7801411151885986,"f14,f38,f16",0.10621306300163269,0.15463165938854218
ml_latest_small,coupled_nmf,75,904,2,3.7404487133026123,"f14,f26,f29",0.08582445979118347,0.124208465218544
ml_latest_small,coupled_nmf,75,898,3,3.7330894470214844,"f24,f3,f14",0.077333964407444,0.115232914686203
ml_latest_small,coupled_nmf,75,750,4,3.7239623069763184,"f40,f24,f35",0.0954037606716156,0.1367509365081787
ml_latest_small,coupled_nmf,75,1235,5,3.7046241760253906,"f40,f27,f35",0.07827714085578918,0.11261430382728577
ml_latest_small,coupled_nmf,75,318,6,3.7024755477905273,"f13,f14,f36",0.10034441947937012,0.14734716713428497
ml_latest_small,coupled_nmf,75,527,7,3.6981022357940674,"f1,f14,f40",0.10164734721183777,0.1487935185432434
ml_latest_small,coupled_nmf,75,1104,8,3.6911492347717285,"f40,f3,f26",0.07634413242340088,0.10964523255825043
ml_latest_small,coupled_nmf,75,912,9,3.6805810928344727,"f21,f40,f3",0.08975698053836823,0.13421081006526947
ml_latest_small,coupled_nmf,75,1276,10,3.6780073642730713,"f40,f14,f13",0.08596863597631454,0.12124889343976974
ml_latest_small,coupled_nmf,76,2571,1,3.6390345096588135,"f17,f16,f5",0.14796613156795502,0.21644234657287598
ml_latest_small,coupled_nmf,76,50,2,3.631124496459961,"f16,f17,f5",0.1530349850654602,0.20478062331676483
ml_latest_small,coupled_nmf,76,1204,3,3.5839285850524902,"f17,f18,f9",0.09363951534032822,0.134987935423851
ml_latest_small,coupled_nmf,76,898,4,3.5731256008148193,"f16,f30,f37",0.09747380018234253,0.1431625336408615
ml_latest_small,coupled_nmf,76,4973,5,3.551875591278076,"f17,f16,f31",0.13813772797584534,0.19591063261032104
ml_latest_small,coupled_nmf,76,904,6,3.5457677841186523,"f16,f6,f36",0.098808154463768,0.14254747331142426
ml_latest_small,coupled_nmf,76,527,7,3.5437891483306885,"f16,f11,f6",0.1353103369474411,0.19457432627677917
ml_latest_small,coupled_nmf,76,1199,8,3.5406713485717773,"f16,f17,f6",0.1292799562215805,0.17603369057178497
ml_latest_small,coupled_nmf,76,1945,9,3.534520149230957,"f17,f16,f6",0.10766109079122543,0.15376093983650208
ml_latest_small,coupled_nmf,76,79132,10,3.53220796585083,"f16,f17,f9",0.12124738842248917,0.1697888821363449
ml_latest_small,coupled_nmf,77,1204,1,4.184020519256592,"f10,f34,f25",0.08407917618751526,0.11985070258378983
ml_latest_small,coupled_nmf,77,898,2,4.148495674133301,"f10,f34,f3",0.07759391516447067,0.11527104675769806
ml_latest_small,coupled_nmf,77,904,3,4.126396179199219,"f10,f13,f5",0.08701170980930328,0.1260179877281189
ml_latest_small,coupled_nmf,77,1235,4,4.073200702667236,"f25,f10,f7",0.0753948986530304,0.11186662316322327
ml_latest_small,coupled_nmf,77,318,5,4.0677995681762695,"f13,f34,f38",0.10820557922124863,0.1528615653514862
ml_latest_small,coupled_nmf,77,908,6,4.063512802124023,"f3,f10,f25",0.07998062670230865,0.11715340614318848
ml_latest_small,coupled_nmf,77,1223,7,4.049670696258545,"f15,f4,f10",0.07542676478624344,0.11260911822319031
ml_latest_small,coupled_nmf,77,1104,8,4.049646377563477,"f10,f5,f4",0.0783708393573761,0.11470764875411987
ml_latest_small,coupled_nmf,77,7371,9,4.045122146606445,"f10,f13,f27",0.08311328291893005,0.12073500454425812
ml_latest_small,coupled_nmf,77,2160,10,4.026874542236328,"f25,f34,f10",0.07683630287647247,0.11269479990005493
ml_latest_small,coupled_nmf,78,1204,1,4.302207946777344,"f34,f37,f40",0.06804794818162918,0.10143427550792694
ml_latest_small,coupled_nmf,78,904,2,4.2645263671875,"f13,f2,f36",0.07463329285383224,0.11079727858304977
ml_latest_small,coupled_nmf,78,898,3,4.258979797363281,"f37,f40,f34",0.07157149165868759,0.10348974168300629
ml_latest_small,coupled_nmf,78,2959,4,4.20314359664917,"f38,f16,f5",0.08720005303621292,0.13039231300354004
ml_latest_small,coupled_nmf,78,1235,5,4.188519477844238,"f40,f2,f15",0.07492109388113022,0.10864239931106567
ml_latest_small,coupled_nmf,78,1223,6,4.17945671081543,"f15,f2,f40",0.07624134421348572,0.11138252168893814
ml_latest_small,coupled_nmf,78,908,7,4.170064926147461,"f40,f2,f3",0.08074947446584702,0.11141671240329742
ml_latest_small,coupled_nmf,78,1104,8,4.160965442657471,"f15,f40,f36",0.07471393048763275,0.10585928708314896
ml_latest_small,coupled_nmf,78,2160,9,4.152096748352051,"f40,f27,f25",0.0698612630367279,0.10149089246988297
ml_latest_small,coupled_nmf,78,1276,10,4.147538185119629,"f40,f13,f37",0.07735618948936462,0.11351445317268372
ml_latest_small,coupled_nmf,79,1204,1,4.835909843444824,"f2,f38,f18",0.06862527877092361,0.10114697366952896
ml_latest_small,coupled_nmf,79,898,2,4.788363456726074,"f37,f3,f40",0.06775656342506409,0.09812314808368683
ml_latest_small,coupled_nmf,79,904,3,4.780025005340576,"f2,f26,f13",0.0767640620470047,0.1123872771859169
ml_latest_small,coupled_nmf,79,2959,4,4.77777624130249,"f16,f38,f40",0.10487975925207138,0.14342190325260162
ml_latest_small,coupled_nmf,79,318,5,4.769584655761719,"f13,f2,f38",0.09757347404956818,0.1426749974489212
ml_latest_small,coupled_nmf,79,750,6,4.713808059692383,"f40,f2,f38",0.08349823206663132,0.12418397516012192
ml_latest_small,coupled_nmf,79,1235,7,4.710599422454834,"f2,f40,f22",0.07423220574855804,0.10608089715242386
ml_latest_small,coupled_nmf,79,908,8,4.708359718322754,"f40,f21,f2",0.0795915275812149,0.11543688178062439
ml_latest_small,coupled_nmf,79,1223,9,4.699676513671875,"f2,f22,f15",0.0720507949590683,0.10547128319740295
ml_latest_small,coupled_nmf,79,1104,10,4.685535430908203,"f40,f15,f38",0.06612011790275574,0.09766816347837448
ml_latest_small,coupled_nmf,80,1204,1,5.188374996185303,"f10,f12,f28",0.06527752429246902,0.09699925035238266
ml_latest_small,coupled_nmf,80,898,2,5.142972946166992,"f4,f33,f30",0.0709325447678566,0.10429958999156952
ml_latest_small,coupled_nmf,80,904,3,5.090153694152832,"f26,f10,f12",0.07332933694124222,0.10657750815153122
ml_latest_small,coupled_nmf,80,1235,4,5.070067405700684,"f8,f15,f7",0.06565159559249878,0.09773407876491547
ml_latest_small,coupled_nmf,80,1223,5,5.049501419067383,"f15,f4,f28",0.07620778679847717,0.1091330349445343
ml_latest_small,coupled_nmf,80,1104,6,5.035833358764648,"f15,f4,f23",0.07358188182115555,0.10666538029909134
ml_latest_small,coupled_nmf,80,908,7,5.029352188110352,"f30,f26,f25",0.06442263722419739,0.09570052474737167
ml_latest_small,coupled_nmf,80,2160,8,5.020022392272949,"f27,f25,f26",0.06745357066392899,0.09945329278707504
ml_latest_small,coupled_nmf,80,7371,9,5.019231796264648,"f27,f15,f10",0.0729394480586052,0.10758347809314728
ml_latest_small,coupled_nmf,80,1272,10,4.997255325317383,"f25,f30,f4",0.07098231464624405,0.1052212044596672
ml_latest_small,coupled_nmf,81,2959,1,3.631495952606201,"f38,f26,f14",0.10508521646261215,0.151398167014122
ml_latest_small,coupled_nmf,81,1204,2,3.6276581287384033,"f26,f18,f38",0.08034522086381912,0.1170295998454094
ml_latest_small,coupled_nmf,81,904,3,3.5972509384155273,"f26,f6,f2",0.09029977768659592,0.12659181654453278
ml_latest_small,coupled_nmf,81,898,4,3.5838749408721924,"f26,f3,f23",0.07306408882141113,0.10746132582426071
ml_latest_small,coupled_nmf,81,1235,5,3.56210994720459,"f26,f2,f39",0.07182101160287857,0.10647676885128021
ml_latest_small,coupled_nmf,81,527,6,3.5500378608703613,"f1,f11,f6",0.11392658203840256,0.16661247611045837
ml_latest_small,coupled_nmf,81,908,7,3.544893503189087,"f26,f3,f1",0.08209314197301865,0.11834198981523514
ml_latest_small,coupled_nmf,81,4973,8,3.5404179096221924,"f26,f31,f6",0.10742655396461487,0.15586106479167938
ml_latest_small,coupled_nmf,81,750,9,3.528407573699951,"f38,f6,f2",0.08426128327846527,0.12362799793481827
ml_latest_small,coupled_nmf,81,1104,10,3.5220818519592285,"f26,f23,f1",0.0797092467546463,0.11719779670238495
ml_latest_small,coupled_nmf,82,898,1,4.304281711578369,"f23,f4,f30",0.09274358302354813,0.13551883399486542
ml_latest_small,coupled_nmf,82,1204,2,4.268088340759277,"f23,f12,f4",0.07628688216209412,0.11372572928667068
ml_latest_small,coupled_nmf,82,908,3,4.201162815093994,"f23,f24,f30",0.09100545197725296,0.13265380263328552
ml_latest_small,coupled_nmf,82,7371,4,4.168811798095703,"f30,f27,f7",0.08759500831365585,0.13066552579402924
ml_latest_small,coupled_nmf,82,1104,5,4.162700176239014,"f23,f4,f7",0.10002141445875168,0.1368446797132492
ml_latest_small,coupled_nmf,82,1235,6,4.145666599273682,"f7,f23,f27",0.08549241721630096,0.12313616275787354
ml_latest_small,coupled_nmf,82,246,7,4.141469955444336,"f4,f24,f12",0.08926193416118622,0.13069108128547668
ml_latest_small,coupled_nmf,82,1272,8,4.139585971832275,"f30,f23,f4",0.08913295716047287,0.13210290670394897
ml_latest_small,coupled_nmf,82,904,9,4.136281967163086,"f23,f36,f12",0.0911698117852211,0.13115571439266205
ml_latest_small,coupled_nmf,82,2160,10,4.1319780349731445,"f23,f27,f24",0.08139573782682419,0.1199784055352211
ml_latest_small,coupled_nmf,83,2959,1,3.969038486480713,"f16,f14,f6",0.11224718391895294,0.1596793234348297
ml_latest_small,coupled_nmf,83,898,2,3.8878729343414307,"f3,f33,f36",0.08853235095739365,0.1305745393037796
ml_latest_small,coupled_nmf,83,527,3,3.8345770835876465,"f6,f14,f1",0.10432377457618713,0.15146023035049438
ml_latest_small,coupled_nmf,83,904,4,3.8316164016723633,"f36,f6,f14",0.09084447473287582,0.1324227899312973
ml_latest_small,coupled_nmf,83,908,5,3.7997021675109863,"f3,f20,f21",0.09212296456098557,0.13241559267044067
ml_latest_small,coupled_nmf,83,1235,6,3.7894392013549805,"f2,f6,f19",0.07441229373216629,0.10970955342054367
ml_latest_small,coupled_nmf,83,912,7,3.775041103363037,"f3,f21,f20",0.1031387522816658,0.14838597178459167
ml_latest_small,coupled_nmf,83,858,8,3.773606538772583,"f6,f14,f37",0.11266403645277023,0.16668960452079773
ml_latest_small,coupled_nmf,83,2571,9,3.7638580799102783,"f14,f17,f3",0.10258509963750839,0.14962522685527802
ml_latest_small,coupled_nmf,83,1104,10,3.762312650680542,"f3,f36,f23",0.08494899421930313,0.1222558245062828
ml_latest_small,coupled_nmf,84,1204,1,4.55979061126709,"f26,f12,f14",0.07534969598054886,0.1117136999964714
ml_latest_small,coupled_nmf,84,904,2,4.507797718048096,"f26,f29,f14",0.08635663986206055,0.12601283192634583
ml_latest_small,coupled_nmf,84,2959,3,4.465826034545898,"f16,f14,f38",0.1061532124876976,0.1563517451286316
ml_latest_small,coupled_nmf,84,1235,4,4.429568290710449,"f6,f26,f22",0.06763076782226562,0.10049732774496078
ml_latest_small,coupled_nmf,84,7371,5,4.410357475280762,"f20,f27,f29",0.0749448612332344,0.11163655668497086
ml_latest_small,coupled_nmf,84,2160,6,4.4012556076049805,"f26,f6,f12",0.07642311602830887,0.11191470175981522
ml_latest_small,coupled_nmf,84,1223,7,4.398865699768066,"f29,f26,f6",0.07708019018173218,0.11441829800605774
ml_latest_small,coupled_nmf,84,750,8,4.396368980407715,"f6,f38,f29",0.0815131813287735,0.12031932920217514
ml_latest_small,coupled_nmf,84,1945,9,4.394691467285156,"f6,f26,f12",0.08049783855676651,0.11780199408531189
ml_latest_small,coupled_nmf,84,2324,10,4.392178535461426,"f14,f20,f40",0.08829903602600098,0.1234838217496872
ml_latest_small,coupled_nmf,85,1204,1,4.195986747741699,"f21,f38,f14",0.06502458453178406,0.09708205610513687
ml_latest_small,coupled_nmf,85,898,2,4.188885688781738,"f33,f11,f21",0.0691293478012085,0.10176586359739304
ml_latest_small,coupled_nmf,85,2959,3,4.142668724060059,"f16,f38,f14",0.10248910635709763,0.14785543084144592
ml_latest_small,coupled_nmf,85,904,4,4.125314712524414,"f26,f14,f36",0.07344818860292435,0.1079632118344307
ml_latest_small,coupled_nmf,85,908,5,4.121025085449219,"f21,f1,f24",0.07648999989032745,0.11126187443733215
ml_latest_small,coupled_nmf,85,1235,6,4.102094650268555,"f1,f21,f2",0.06737145036458969,0.09938625246286392
ml_latest_small,coupled_nmf,85,750,7,4.083687782287598,"f1,f38,f24",0.07805328816175461,0.11605869233608246
ml_latest_small,coupled_nmf,85,1104,8,4.080821990966797,"f1,f23,f21",0.07106315344572067,0.10368157178163528
ml_latest_small,coupled_nmf,85,2160,9,4.06920051574707,"f21,f27,f26",0.06800393760204315,0.10004684329032898
ml_latest_small,coupled_nmf,85,1223,10,4.066277027130127,"f11,f22,f2",0.06806693226099014,0.10070580244064331
ml_latest_small,coupled_nmf,86,1204,1,4.650005340576172,"f28,f26,f22",0.06865189969539642,0.10085463523864746
ml_latest_small,coupled_nmf,86,898,2,4.636166095733643,"f4,f28,f33",0.07159537822008133,0.1045127660036087
ml_latest_small,coupled_nmf,86,904,3,4.599836826324463,"f26,f28,f2",0.07594601064920425,0.1112024337053299
ml_latest_small,coupled_nmf,86,908,4,4.560299396514893,"f40,f21,f26",0.07513390481472015,0.10793270915746689
ml_latest_small,coupled_nmf,86,1235,5,4.547469139099121,"f32,f2,f39",0.06868135184049606,0.1025385782122612
ml_latest_small,coupled_nmf,86,1104,6,4.522862911224365,"f4,f23,f26",0.06993792206048965,0.10076691955327988
ml_latest_small,coupled_nmf,86,1223,7,4.522700309753418,"f28,f4,f2",0.07427448034286499,0.10908983647823334
ml_latest_small,coupled_nmf,86,2160,8,4.517828941345215,"f28,f25,f32",0.06907721608877182,0.10213900357484818
ml_latest_small,coupled_nmf,86,750,9,4.507570266723633,"f2,f40,f38",0.07628188282251358,0.11378563195466995
ml_latest_small,coupled_nmf,86,7371,10,4.4967756271362305,"f28,f27,f29",0.06749937683343887,0.09972106665372849
ml_latest_small,coupled_nmf,87,2959,1,4.981619358062744,"f16,f17,f38",0.1064281091094017,0.1502324938774109
ml_latest_small,coupled_nmf,87,1204,2,4.959742546081543,"f22,f26,f34",0.06967790424823761,0.10065944492816925
ml_latest_small,coupled_nmf,87,898,3,4.935234069824219,"f22,f33,f30",0.06459661573171616,0.09578460454940796
ml_latest_small,coupled_nmf,87,904,4,4.897813320159912,"f26,f22,f6",0.07637493312358856,0.10953389108181
ml_latest_small,coupled_nmf,87,318,5,4.872901916503906,"f16,f13,f38",0.09015857428312302,0.12951739132404327
ml_latest_small,coupled_nmf,87,1235,6,4.868762969970703,"f40,f22,f16",0.06956502795219421,0.10265883803367615
ml_latest_small,coupled_nmf,87,908,7,4.851741313934326,"f40,f22,f21",0.0777086690068245,0.11385812610387802
ml_latest_small,coupled_nmf,87,1104,8,4.846328258514404,"f15,f23,f1",0.07085295766592026,0.10510575771331787
ml_latest_small,coupled_nmf,87,527,9,4.834261417388916,"f1,f6,f11",0.09979119896888733,0.14269192516803741
ml_latest_small,coupled_nmf,87,1223,10,4.812055587768555,"f15,f22,f26",0.07548176497220993,0.10876322537660599
ml_latest_small,coupled_nmf,88,1204,1,4.864039421081543,"f38,f18,f26",0.07073387503623962,0.10503745824098587
ml_latest_small,coupled_nmf,88,2959,2,4.8269829750061035,"f16,f38,f14",0.10968396067619324,0.15404962003231049
ml_latest_small,coupled_nmf,88,904,3,4.807461261749268,"f26,f14,f10",0.07546359300613403,0.10940306633710861
ml_latest_small,coupled_nmf,88,898,4,4.805854797363281,"f3,f28,f22",0.06372357159852982,0.09418249130249023
ml_latest_small,coupled_nmf,88,1235,5,4.763195991516113,"f8,f38,f39",0.06742055714130402,0.10037114471197128
ml_latest_small,coupled_nmf,88,908,6,4.737320899963379,"f40,f3,f26",0.07497181743383408,0.10944908857345581
ml_latest_small,coupled_nmf,88,1223,7,4.728480339050293,"f15,f22,f26",0.07268036901950836,0.10621897876262665
ml_latest_small,coupled_nmf,88,1104,8,4.728183746337891,"f15,f38,f1",0.07029107213020325,0.10290691256523132
ml_latest_small,coupled_nmf,88,750,9,4.698089599609375,"f38,f40,f22",0.08136750012636185,0.11758822947740555
ml_latest_small,coupled_nmf,88,2160,10,4.690940856933594,"f26,f28,f40",0.06603848189115524,0.09670887887477875
ml_latest_small,coupled_nmf,89,1204,1,2.927198648452759,"f28,f38,f40",0.09873318672180176,0.13838329911231995
ml_latest_small,coupled_nmf,89,908,2,2.9115467071533203,"f40,f33,f24",0.09901385754346848,0.14215689897537231
ml_latest_small,coupled_nmf,89,1272,3,2.8413405418395996,"f28,f40,f38",0.09346235543489456,0.13875092566013336
ml_latest_small,coupled_nmf,89,904,4,2.8363289833068848,"f28,f14,f13",0.10082715004682541,0.1398836225271225
ml_latest_small,coupled_nmf,89,318,5,2.832221031188965,"f38,f13,f14",0.11471080034971237,0.16499651968479156
ml_latest_small,coupled_nmf,89,7371,6,2.8191609382629395,"f28,f30,f20",0.09622933715581894,0.13972854614257812
ml_latest_small,coupled_nmf,89,930,7,2.8141870498657227,"f28,f24,f40",0.08592909574508667,0.12800757586956024
ml_latest_small,coupled_nmf,89,1235,8,2.810030698776245,"f28,f40,f38",0.09641562402248383,0.13759304583072662
ml_latest_small,coupled_nmf,89,2160,9,2.8057518005371094,"f28,f40,f24",0.09922649711370468,0.13778150081634521
ml_latest_small,coupled_nmf,89,475,10,2.8009696006774902,"f40,f28,f38",0.10195589065551758,0.14565525949001312
ml_latest_small,coupled_nmf,90,1204,1,4.881685256958008,"f18,f21,f22",0.0737791359424591,0.10583031922578812
ml_latest_small,coupled_nmf,90,898,2,4.844910621643066,"f33,f30,f37",0.0686723068356514,0.1008637398481369
ml_latest_small,coupled_nmf,90,2959,3,4.836639404296875,"f16,f17,f14",0.10545682162046432,0.14664071798324585
ml_latest_small,coupled_nmf,90,904,4,4.786748886108398,"f26,f13,f29",0.0701523944735527,0.10292801260948181
ml_latest_small,coupled_nmf,90,1235,5,4.759721279144287,"f15,f18,f21",0.06648603826761246,0.09886128455400467
ml_latest_small,coupled_nmf,90,1223,6,4.740207672119141,"f15,f18,f22",0.07406914979219437,0.1076970025897026
ml_latest_small,coupled_nmf,90,1104,7,4.739272117614746,"f15,f18,f21",0.07442066818475723,0.10641586780548096
ml_latest_small,coupled_nmf,90,908,8,4.7325544357299805,"f21,f40,f3",0.07700151950120926,0.11074943840503693
ml_latest_small,coupled_nmf,90,1945,9,4.716573715209961,"f17,f15,f18",0.07392128556966782,0.108680360019207
ml_latest_small,coupled_nmf,90,2160,10,4.712320804595947,"f18,f21,f17",0.070762999355793,0.101256363093853
ml_latest_small,coupled_nmf,91,1204,1,4.238228797912598,"f34,f9,f35",0.0945691168308258,0.13914087414741516
ml_latest_small,coupled_nmf,91,1223,2,4.169377326965332,"f15,f9,f35",0.09631314128637314,0.1415681391954422
ml_latest_small,coupled_nmf,91,904,3,4.145938873291016,"f13,f37,f34",0.09035696089267731,0.1345309466123581
ml_latest_small,coupled_nmf,91,4993,4,4.144161224365234,"f24,f15,f5",0.14717687666416168,0.20627714693546295
ml_latest_small,coupled_nmf,91,898,5,4.110225677490234,"f24,f37,f34",0.10429143905639648,0.14967434108257294
ml_latest_small,coupled_nmf,91,1172,6,4.096320152282715,"f24,f35,f34",0.10261345654726028,0.14622066915035248
ml_latest_small,coupled_nmf,91,1210,7,4.095428466796875,"f5,f35,f24",0.12775065004825592,0.1881982684135437
ml_latest_small,coupled_nmf,91,1235,8,4.094539642333984,"f35,f15,f24",0.09435173869132996,0.13567183911800385
ml_latest_small,coupled_nmf,91,8874,9,4.084695339202881,"f9,f24,f35",0.13226190209388733,0.1824445128440857
ml_latest_small,coupled_nmf,91,1945,10,4.083410263061523,"f15,f9,f37",0.08858410269021988,0.1316070407629013
ml_latest_small,coupled_nmf,92,1204,1,5.320945739746094,"f18,f26,f9",0.06815387308597565,0.10122636705636978
ml_latest_small,coupled_nmf,92,2959,2,5.2904276847839355,"f16,f38,f5",0.10165692120790482,0.1432466357946396
ml_latest_small,coupled_nmf,92,898,3,5.2869768142700195,"f33,f3,f24",0.06934279203414917,0.10090585798025131
ml_latest_small,coupled_nmf,92,904,4,5.228278160095215,"f26,f2,f14",0.07227461040019989,0.10413896292448044
ml_latest_small,coupled_nmf,92,908,5,5.20621395111084,"f40,f3,f21",0.07752024382352829,0.11282715201377869
ml_latest_small,coupled_nmf,92,1235,6,5.196059703826904,"f40,f2,f8",0.06496238708496094,0.09529334306716919
ml_latest_small,coupled_nmf,92,1104,7,5.182453155517578,"f15,f23,f40",0.06378811597824097,0.09521540254354477
ml_latest_small,coupled_nmf,92,318,8,5.158849716186523,"f13,f38,f16",0.08724972605705261,0.12711402773857117
ml_latest_small,coupled_nmf,92,750,9,5.152850151062012,"f40,f38,f24",0.0776275247335434,0.11547908931970596
ml_latest_small,coupled_nmf,92,1223,10,5.148586273193359,"f9,f15,f26",0.06835953891277313,0.1012081503868103
ml_latest_small,coupled_nmf,93,1204,1,5.61061954498291,"f18,f25,f14",0.06748580187559128,0.10009858012199402
ml_latest_small,coupled_nmf,93,898,2,5.5908918380737305,"f33,f30,f37",0.07273700088262558,0.10633889585733414
ml_latest_small,coupled_nmf,93,904,3,5.535655975341797,"f14,f26,f25",0.07053925096988678,0.10427729040384293
ml_latest_small,coupled_nmf,93,1235,4,5.4921064376831055,"f8,f25,f32",0.07190686464309692,0.106594979763031
ml_latest_small,coupled_nmf,93,2959,5,5.469510078430176,"f16,f14,f38",0.09754065424203873,0.13727344572544098
ml_latest_small,coupled_nmf,93,908,6,5.46743631362915,"f24,f14,f25",0.0707433894276619,0.10512739419937134
ml_latest_small,coupled_nmf,93,1104,7,5.447457313537598,"f1,f15,f23",0.06755570322275162,0.09952408075332642
ml_latest_small,coupled_nmf,93,2160,8,5.439580917358398,"f25,f32,f28",0.07011367380619049,0.10244729369878769
ml_latest_small,coupled_nmf,93,1223,9,5.43268346786499,"f15,f9,f28",0.06931045651435852,0.10299645364284515
ml_latest_small,coupled_nmf,93,7371,10,5.412789344787598,"f30,f20,f15",0.06851205229759216,0.10101300477981567
ml_latest_small,coupled_nmf,94,1204,1,3.878829002380371,"f26,f14,f1",0.07528071850538254,0.10909710824489594
ml_latest_small,coupled_nmf,94,898,2,3.8679661750793457,"f33,f1,f23",0.0814618393778801,0.11740127205848694
ml_latest_small,coupled_nmf,94,904,3,3.8324618339538574,"f26,f14,f1",0.08635815232992172,0.12552142143249512
ml_latest_small,coupled_nmf,94,908,4,3.7952990531921387,"f1,f33,f26",0.08451367169618607,0.12389551848173141
ml_latest_small,coupled_nmf,94,527,5,3.7792394161224365,"f1,f11,f14",0.1250854879617691,0.17055393755435944
ml_latest_small,coupled_nmf,94,1235,6,3.776552438735962,"f1,f33,f26",0.07637462764978409,0.10987676680088043
ml_latest_small,coupled_nmf,94,2959,7,3.764397144317627,"f14,f38,f26",0.1022004634141922,0.14936137199401855
ml_latest_small,coupled_nmf,94,1104,8,3.75364351272583,"f1,f23,f26",0.08782913535833359,0.12494935095310211
ml_latest_small,coupled_nmf,94,2160,9,3.750636100769043,"f26,f1,f28",0.07732098549604416,0.11017447710037231
ml_latest_small,coupled_nmf,94,1272,10,3.7437710762023926,"f14,f1,f30",0.07583620399236679,0.11154909431934357
ml_latest_small,coupled_nmf,95,1204,1,4.998323440551758,"f18,f26,f17",0.070580393075943,0.10543128848075867
ml_latest_small,coupled_nmf,95,898,2,4.940147399902344,"f37,f29,f3",0.07044657319784164,0.10236162692308426
ml_latest_small,coupled_nmf,95,2959,3,4.9377031326293945,"f17,f16,f26",0.1031583622097969,0.144575834274292
ml_latest_small,coupled_nmf,95,904,4,4.934469223022461,"f26,f13,f29",0.08202740550041199,0.11758086085319519
ml_latest_small,coupled_nmf,95,318,5,4.902874946594238,"f13,f37,f6",0.09918869286775589,0.14013707637786865
ml_latest_small,coupled_nmf,95,1223,6,4.8640456199646,"f17,f13,f26",0.07272835820913315,0.10709811747074127
ml_latest_small,coupled_nmf,95,1235,7,4.86390495300293,"f7,f17,f35",0.07068031281232834,0.10418762266635895
ml_latest_small,coupled_nmf,95,1104,8,4.845317840576172,"f26,f1,f17",0.0655895248055458,0.09706509113311768
ml_latest_small,coupled_nmf,95,750,9,4.842240333557129,"f35,f13,f6",0.08077533543109894,0.11773453652858734
ml_latest_small,coupled_nmf,95,1276,10,4.833596706390381,"f13,f6,f37",0.07865165174007416,0.11334950476884842
ml_latest_small,coupled_nmf,96,2959,1,4.839582920074463,"f26,f38,f39",0.10527275502681732,0.15510109066963196
ml_latest_small,coupled_nmf,96,1204,2,4.756802082061768,"f26,f18,f38",0.0866096168756485,0.12096986919641495
ml_latest_small,coupled_nmf,96,4973,3,4.756319522857666,"f31,f26,f1",0.12228430062532425,0.17417076230049133
ml_latest_small,coupled_nmf,96,318,4,4.720032215118408,"f26,f13,f38",0.10269863903522491,0.1481258124113083
ml_latest_small,coupled_nmf,96,904,5,4.706439971923828,"f26,f39,f13",0.09619136154651642,0.1320069283246994
ml_latest_small,coupled_nmf,96,898,6,4.68336296081543,"f26,f1,f31",0.07601364701986313,0.10933329910039902
ml_latest_small,coupled_nmf,96,1235,7,4.670460224151611,"f39,f26,f40",0.0830354392528534,0.12267998605966568
ml_latest_small,coupled_nmf,96,750,8,4.657788276672363,"f40,f39,f31",0.09050174802541733,0.13490791618824005
ml_latest_small,coupled_nmf,96,908,9,4.65006160736084,"f26,f40,f1",0.09510049223899841,0.13549935817718506
ml_latest_small,coupled_nmf,96,541,10,4.646456718444824,"f26,f40,f6",0.10712411999702454,0.1537935584783554
ml_latest_small,coupled_nmf,97,898,1,5.174561023712158,"f33,f30,f28",0.07261171191930771,0.10711980611085892
ml_latest_small,coupled_nmf,97,1204,2,5.171849250793457,"f28,f22,f21",0.06665964424610138,0.09798236191272736
ml_latest_small,coupled_nmf,97,904,3,5.08581018447876,"f26,f28,f5",0.07241049408912659,0.10610029101371765
ml_latest_small,coupled_nmf,97,1235,4,5.052549362182617,"f2,f21,f7",0.06357347220182419,0.09481765329837799
ml_latest_small,coupled_nmf,97,2959,5,5.045951843261719,"f16,f5,f38",0.10046285390853882,0.14567838609218597
ml_latest_small,coupled_nmf,97,908,6,5.040246963500977,"f21,f30,f24",0.07382478564977646,0.10855354368686676
ml_latest_small,coupled_nmf,97,1223,7,5.030218124389648,"f28,f15,f22",0.0697922334074974,0.10312099754810333
ml_latest_small,coupled_nmf,97,1104,8,5.011981010437012,"f15,f1,f5",0.06407243013381958,0.09550773352384567
ml_latest_small,coupled_nmf,97,2160,9,5.003488540649414,"f28,f21,f27",0.06804284453392029,0.10070495307445526
ml_latest_small,coupled_nmf,97,7371,10,5.000668525695801,"f30,f27,f28",0.07275040447711945,0.10607390850782394
ml_latest_small,coupled_nmf,98,1204,1,4.789910793304443,"f26,f28,f12",0.06724128127098083,0.10025173425674438
ml_latest_small,coupled_nmf,98,898,2,4.762624740600586,"f20,f30,f28",0.06814535707235336,0.10108126699924469
ml_latest_small,coupled_nmf,98,904,3,4.7236175537109375,"f26,f13,f12",0.07654356211423874,0.11070847511291504
ml_latest_small,coupled_nmf,98,908,4,4.679751396179199,"f3,f21,f20",0.07354982942342758,0.1085701659321785
ml_latest_small,coupled_nmf,98,1235,5,4.667780876159668,"f25,f16,f1",0.0687335878610611,0.10146278887987137
ml_latest_small,coupled_nmf,98,1104,6,4.660823822021484,"f1,f23,f15",0.06863860040903091,0.10102852433919907
ml_latest_small,coupled_nmf,98,7371,7,4.653172969818115,"f20,f27,f30",0.07407241314649582,0.10804618895053864
ml_latest_small,coupled_nmf,98,2160,8,4.651052474975586,"f25,f26,f27",0.07039225101470947,0.10425736755132675
ml_latest_small,coupled_nmf,98,318,9,4.637669086456299,"f13,f16,f38",0.09781060367822647,0.14137138426303864
ml_latest_small,coupled_nmf,98,1223,10,4.6309051513671875,"f28,f15,f26",0.06853806972503662,0.10215382277965546
ml_latest_small,coupled_nmf,99,898,1,5.544334411621094,"f33,f23,f14",0.07252858579158783,0.10490717738866806
ml_latest_small,coupled_nmf,99,1204,2,5.543862819671631,"f14,f26,f34",0.06653326749801636,0.09660963714122772
ml_latest_small,coupled_nmf,99,904,3,5.474216938018799,"f26,f14,f13",0.07609694451093674,0.11054112017154694
ml_latest_small,coupled_nmf,99,2959,4,5.439735412597656,"f16,f14,f38",0.09801682829856873,0.1431378573179245
ml_latest_small,coupled_nmf,99,908,5,5.427313327789307,"f1,f14,f24",0.07283031940460205,0.10826701670885086
ml_latest_small,coupled_nmf,99,1104,6,5.397727966308594,"f23,f1,f26",0.07633839547634125,0.106552854180336
ml_latest_small,coupled_nmf,99,1235,7,5.392141819000244,"f1,f25,f33",0.06507845222949982,0.09451671689748764
ml_latest_small,coupled_nmf,99,2160,8,5.363493919372559,"f26,f25,f24",0.06414733827114105,0.09502794593572617
ml_latest_small,coupled_nmf,99,750,9,5.355145454406738,"f1,f24,f38",0.07869910448789597,0.11461357772350311
ml_latest_small,coupled_nmf,99,527,10,5.3459930419921875,"f1,f11,f14",0.10999517142772675,0.15386389195919037
ml_latest_small,coupled_nmf,100,1204,1,4.711251735687256,"f12,f18,f38",0.07379407435655594,0.10809586942195892
ml_latest_small,coupled_nmf,100,898,2,4.6660919189453125,"f4,f23,f3",0.07437793910503387,0.10991991311311722
ml_latest_small,coupled_nmf,100,908,3,4.616874694824219,"f21,f3,f40",0.08065425604581833,0.11938206106424332
ml_latest_small,coupled_nmf,100,1235,4,4.598797798156738,"f7,f32,f21",0.07200007140636444,0.10566491633653641
ml_latest_small,coupled_nmf,100,904,5,4.591133117675781,"f12,f36,f23",0.07615219801664352,0.11152055114507675
ml_latest_small,coupled_nmf,100,1104,6,4.587093353271484,"f23,f4,f3",0.0786525160074234,0.11198319494724274
ml_latest_small,coupled_nmf,100,2160,7,4.575815200805664,"f12,f21,f32",0.0723177120089531,0.10632538050413132
ml_latest_small,coupled_nmf,100,1945,8,4.567670822143555,"f23,f4,f12",0.08104688674211502,0.12017375230789185
ml_latest_small,coupled_nmf,100,1272,9,4.561550140380859,"f4,f38,f25",0.0709179937839508,0.10599972307682037
ml_latest_small,coupled_nmf,100,7371,10,4.558213233947754,"f12,f7,f21",0.07024016976356506,0.10424123704433441
