dataset_name,factor_id,descriptor_name,weight
ml_latest_small,1,genre_action,0.08253078907728195
ml_latest_small,1,genre_adventure,0.07652630656957626
ml_latest_small,1,genre_animation,0.043587446212768555
ml_latest_small,1,genre_children,0.02849005162715912
ml_latest_small,1,genre_comedy,0.018148867413401604
ml_latest_small,1,genre_crime,0.08406962454319
ml_latest_small,1,genre_documentary,0.056132957339286804
ml_latest_small,1,genre_drama,0.029490184038877487
ml_latest_small,1,genre_fantasy,0.0394306518137455
ml_latest_small,1,genre_film_noir,0.009183654561638832
ml_latest_small,1,genre_horror,0.0022785088513046503
ml_latest_small,1,genre_imax,0.03593873977661133
ml_latest_small,1,genre_musical,9.99999993922529e-09
ml_latest_small,1,genre_mystery,0.07331925630569458
ml_latest_small,1,genre_no_genres_listed,0.06636536121368408
ml_latest_small,1,genre_romance,0.043829817324876785
ml_latest_small,1,genre_sci_fi,0.08463239669799805
ml_latest_small,1,genre_thriller,0.08221038430929184
ml_latest_small,1,genre_war,0.028062017634510994
ml_latest_small,1,genre_western,0.04459477588534355
ml_latest_small,1,tag_in_netflix_queue,0.07662729173898697
ml_latest_small,1,tag_atmospheric,0.005729570519179106
ml_latest_small,1,tag_thought_provoking,0.06417622417211533
ml_latest_small,1,tag_funny,9.99999993922529e-09
ml_latest_small,1,tag_superhero,0.010356875136494637
ml_latest_small,1,tag_surreal,0.06928904354572296
ml_latest_small,1,tag_sci_fi,0.024603992700576782
ml_latest_small,1,tag_disney,9.99999993922529e-09
ml_latest_small,1,tag_quirky,0.048731230199337006
ml_latest_small,1,tag_religion,0.06677622348070145
ml_latest_small,1,tag_dark_comedy,0.009151037782430649
ml_latest_small,1,tag_suspense,0.010953202843666077
ml_latest_small,1,tag_psychology,0.024067295715212822
ml_latest_small,1,tag_twist_ending,0.015552209690213203
ml_latest_small,1,tag_visually_appealing,0.0519753061234951
ml_latest_small,1,tag_comedy,0.04625871777534485
ml_latest_small,1,tag_politics,0.03503978252410889
ml_latest_small,1,tag_crime,0.08475201576948166
ml_latest_small,1,tag_time_travel,0.02826770208775997
ml_latest_small,1,tag_music,0.04044375941157341
ml_latest_small,1,tag_dark,0.06810010969638824
ml_latest_small,1,tag_action,9.99999993922529e-09
ml_latest_small,1,tag_high_school,0.07790060341358185
ml_latest_small,1,tag_mental_illness,0.08482881635427475
ml_latest_small,1,tag_mindfuck,0.054278112947940826
ml_latest_small,1,tag_aliens,0.04513208940625191
ml_latest_small,1,tag_black_comedy,0.060955632477998734
ml_latest_small,1,tag_space,9.99999993922529e-09
ml_latest_small,1,tag_dreamlike,0.05265861004590988
ml_latest_small,1,tag_mafia,0.002474079607054591
ml_latest_small,1,tag_holocaust,0.05322318524122238
ml_latest_small,1,tag_disturbing,9.99999993922529e-09
ml_latest_small,1,tag_shakespeare,9.99999993922529e-09
ml_latest_small,1,tag_emotional,0.04492363706231117
ml_latest_small,1,tag_stephen_king,0.01870495080947876
ml_latest_small,1,tag_journalism,0.03329596668481827
ml_latest_small,1,tag_heist,0.003947155550122261
ml_latest_small,1,tag_classic,0.0769350603222847
ml_latest_small,1,tag_anime,0.09012701362371445
ml_latest_small,1,tag_satire,0.05573488026857376
ml_latest_small,1,tag_court,0.0265226848423481
ml_latest_small,1,tag_christmas,0.01713074930012226
ml_latest_small,1,tag_animation,0.08194436132907867
ml_latest_small,1,tag_imdb_top_250,0.09011352807283401
ml_latest_small,1,tag_comic_book,0.08216449618339539
ml_latest_small,1,tag_psychological,0.03824770823121071
ml_latest_small,1,tag_ghosts,9.99999993922529e-09
ml_latest_small,1,tag_bittersweet,0.05056746304035187
ml_latest_small,1,tag_adolescence,0.04513385891914368
ml_latest_small,1,tag_adultery,0.01646783947944641
ml_latest_small,1,tag_boxing,0.06211147829890251
ml_latest_small,1,tag_drugs,0.0358000211417675
ml_latest_small,1,tag_leonardo_dicaprio,0.07893934845924377
ml_latest_small,1,tag_post_apocalyptic,0.0823948010802269
ml_latest_small,1,tag_robots,0.06601810455322266
ml_latest_small,1,tag_cinematography,0.08585356920957565
ml_latest_small,1,tag_india,0.02915181964635849
ml_latest_small,1,tag_remake,0.01735583133995533
ml_latest_small,1,tag_england,0.02362556755542755
ml_latest_small,1,tag_australia,0.012662911787629128
ml_latest_small,1,tag_vietnam,0.00621736329048872
ml_latest_small,1,tag_philosophical,0.04904559254646301
ml_latest_small,1,tag_will_ferrell,0.014321657828986645
ml_latest_small,1,tag_revenge,0.08230239897966385
ml_latest_small,1,tag_world_war_ii,9.99999993922529e-09
ml_latest_small,1,tag_adventure,0.044762786477804184
ml_latest_small,1,tag_stylized,0.02532588317990303
ml_latest_small,1,tag_mystery,0.03702833130955696
ml_latest_small,1,tag_murder,0.06560566276311874
ml_latest_small,1,tag_hallucinatory,0.026473768055438995
ml_latest_small,1,tag_military,0.06297695636749268
ml_latest_small,1,tag_tense,0.0012854966334998608
ml_latest_small,1,tag_creepy,0.017980121076107025
ml_latest_small,1,tag_sexuality,0.030199171975255013
ml_latest_small,1,tag_racism,0.05750339850783348
ml_latest_small,1,tag_heartwarming,0.0810326486825943
ml_latest_small,1,tag_family,9.99999993922529e-09
ml_latest_small,1,tag_sequel,0.02321801893413067
ml_latest_small,1,tag_police,0.07648762315511703
ml_latest_small,1,tag_violence,0.07055287063121796
ml_latest_small,1,tag_divorce,0.04780912399291992
ml_latest_small,1,tag_coen_brothers,0.09089918434619904
ml_latest_small,1,tag_martial_arts,0.04980691522359848
ml_latest_small,1,tag_serial_killer,0.0673813596367836
ml_latest_small,1,tag_animal_movie,0.057311076670885086
ml_latest_small,1,tag_movie_business,0.02850969135761261
ml_latest_small,1,tag_race,0.007849394343793392
ml_latest_small,1,tag_spoof,0.060971468687057495
ml_latest_small,1,tag_new_york,0.05333907902240753
ml_latest_small,1,tag_bad,0.059793416410684586
ml_latest_small,1,tag_beautiful,0.07774890959262848
ml_latest_small,1,tag_inspirational,9.99999993922529e-09
ml_latest_small,1,tag_clever,0.07246170938014984
ml_latest_small,1,tag_witty,0.009983847849071026
ml_latest_small,1,tag_social_commentary,0.039596281945705414
ml_latest_small,1,tag_romance,0.020773379132151604
ml_latest_small,1,tag_predictable,0.011434848420321941
ml_latest_small,1,tag_quentin_tarantino,0.08393541723489761
ml_latest_small,1,tag_dark_humor,0.08529533445835114
ml_latest_small,1,tag_black_and_white,9.99999993922529e-09
ml_latest_small,1,tag_magic,0.07017326354980469
ml_latest_small,1,tag_cult_film,9.99999993922529e-09
ml_latest_small,1,tag_assassination,0.013657406903803349
ml_latest_small,1,tag_kidnapping,0.04153943061828613
ml_latest_small,1,tag_prostitution,0.05713862180709839
ml_latest_small,1,tag_disability,0.06948293000459671
ml_latest_small,1,tag_death,0.026474729180336
ml_latest_small,1,tag_screwball,0.025107044726610184
ml_latest_small,1,tag_bible,0.08791109919548035
ml_latest_small,1,tag_intelligent,0.03259265422821045
ml_latest_small,1,tag_gritty,0.007179746869951487
ml_latest_small,1,tag_cerebral,0.0291302427649498
ml_latest_small,1,tag_wedding,0.0686328187584877
ml_latest_small,1,tag_fantasy,0.04311363026499748
ml_latest_small,1,tag_gothic,0.08093465864658356
ml_latest_small,1,tag_pixar,0.026238348335027695
ml_latest_small,1,tag_great_soundtrack,0.07047387957572937
ml_latest_small,1,tag_soundtrack,9.99999993922529e-09
ml_latest_small,1,tag_dystopia,0.0919172465801239
ml_latest_small,1,tag_visually_stunning,0.03211008384823799
ml_latest_small,1,tag_future,0.024582216516137123
ml_latest_small,1,tag_zombies,0.06454084813594818
ml_latest_small,1,tag_depressing,0.07170389592647552
ml_latest_small,1,tag_terrorism,0.011063509620726109
ml_latest_small,1,tag_pregnancy,0.005371707957237959
ml_latest_small,1,tag_twins,0.09147551655769348
ml_latest_small,1,tag_hit_men,0.016376608982682228
ml_latest_small,1,tag_men_in_drag,0.026848923414945602
ml_latest_small,1,tag_remade,9.99999993922529e-09
ml_latest_small,1,tag_gambling,0.027383871376514435
ml_latest_small,1,tag_television,0.03636563941836357
ml_latest_small,1,tag_astaire_and_rogers,0.023922724649310112
ml_latest_small,1,tag_nick_and_nora_charles,0.07792238146066666
ml_latest_small,1,tag_business,0.0598536916077137
ml_latest_small,1,tag_philosophy,9.99999993922529e-09
ml_latest_small,1,tag_touching,0.0650903731584549
ml_latest_small,1,tag_al_pacino,0.011908951215445995
ml_latest_small,1,tag_epic,0.05968758836388588
ml_latest_small,1,tag_dogs,0.01564113050699234
ml_latest_small,1,tag_adam_sandler,0.07899224013090134
ml_latest_small,1,tag_organized_crime,0.018943965435028076
ml_latest_small,1,tag_stylish,0.009750592522323132
ml_latest_small,1,tag_good_dialogue,0.034370701760053635
ml_latest_small,1,tag_brad_pitt,9.99999993922529e-09
ml_latest_small,1,tag_ben_stiller,0.00048213786794804037
ml_latest_small,1,tag_africa,9.99999993922529e-09
ml_latest_small,1,tag_corruption,0.042699575424194336
ml_latest_small,1,tag_ryan_reynolds,0.05385667085647583
ml_latest_small,1,tag_thriller,0.08896779268980026
ml_latest_small,1,tag_sarcasm,0.04374733194708824
ml_latest_small,1,tag_based_on_a_book,0.007441272027790546
ml_latest_small,1,tag_humorous,0.012987358495593071
ml_latest_small,1,tag_friendship,0.026424363255500793
ml_latest_small,1,tag_artificial_intelligence,0.03367885947227478
ml_latest_small,1,tag_horror,0.0664585530757904
ml_latest_small,1,tag_paranoia,0.04775582253932953
ml_latest_small,1,tag_wizards,0.08940145373344421
ml_latest_small,1,tag_samurai,0.07363080233335495
ml_latest_small,1,tag_president,0.06847228854894638
ml_latest_small,1,tag_alcoholism,0.06659840047359467
ml_latest_small,1,tag_death_penalty,9.99999993922529e-09
ml_latest_small,1,tag_ireland,0.048062168061733246
ml_latest_small,1,tag_space_opera,0.07233671844005585
ml_latest_small,1,tag_marriage,0.04528054594993591
ml_latest_small,1,tag_cross_dressing,9.99999993922529e-09
ml_latest_small,1,tag_biopic,0.004874104633927345
ml_latest_small,1,tag_aardman,0.009691182523965836
ml_latest_small,1,tag_civil_war,0.05091840773820877
ml_latest_small,1,tag_amnesia,0.07996231317520142
ml_latest_small,1,tag_swashbuckler,0.02591170370578766
ml_latest_small,1,tag_homeless,0.05333556979894638
ml_latest_small,1,tag_baseball,0.07930666208267212
ml_latest_small,1,tag_sports,0.0023119396064430475
ml_latest_small,1,tag_lawyers,9.99999993922529e-09
ml_latest_small,1,tag_judaism,0.0618596076965332
ml_latest_small,1,tag_dickens,0.0843934714794159
ml_latest_small,1,tag_jason,0.004891057498753071
ml_latest_small,1,tag_hepburn_and_tracy,0.04918503388762474
ml_latest_small,1,tag_unique,0.05730276182293892
ml_latest_small,1,tag_sad,0.06484190374612808
ml_latest_small,1,tag_fun,0.003386738244444132
ml_latest_small,1,tag_existentialism,0.017158104106783867
ml_latest_small,1,tag_poignant,0.07117216289043427
ml_latest_small,1,tag_martin_scorsese,0.0025820652954280376
ml_latest_small,1,tag_true_story,0.031029528006911278
ml_latest_small,1,tag_tom_hanks,0.07086751610040665
ml_latest_small,1,tag_violent,0.02073734998703003
ml_latest_small,1,tag_marvel,0.004502449184656143
ml_latest_small,1,tag_steve_carell,9.99999993922529e-09
ml_latest_small,1,tag_bad_plot,9.99999993922529e-09
ml_latest_small,1,tag_seth_rogen,9.99999993922529e-09
ml_latest_small,1,tag_samuel_l_jackson,0.027969475835561752
ml_latest_small,1,tag_plot_holes,0.051007844507694244
ml_latest_small,1,tag_survival,0.06014006584882736
ml_latest_small,1,tag_interesting,0.07386909425258636
ml_latest_small,1,tag_controversial,9.99999993922529e-09
ml_latest_small,1,tag_crude_humor,0.017420411109924316
ml_latest_small,1,tag_assassin,0.04606381803750992
ml_latest_small,1,tag_feel_good,0.00504422839730978
ml_latest_small,1,tag_hugh_jackman,0.08055830746889114
ml_latest_small,2,genre_action,0.03259936720132828
ml_latest_small,2,genre_adventure,0.07490178197622299
ml_latest_small,2,genre_animation,0.008359204977750778
ml_latest_small,2,genre_children,0.05834728851914406
ml_latest_small,2,genre_comedy,0.09105855971574783
ml_latest_small,2,genre_crime,0.07503077387809753
ml_latest_small,2,genre_documentary,0.03429313004016876
ml_latest_small,2,genre_drama,0.07552314549684525
ml_latest_small,2,genre_fantasy,0.02364436164498329
ml_latest_small,2,genre_film_noir,0.07636753469705582
ml_latest_small,2,genre_horror,0.037598613649606705
ml_latest_small,2,genre_imax,0.05667776241898537
ml_latest_small,2,genre_musical,0.08294329792261124
ml_latest_small,2,genre_mystery,0.04182136431336403
ml_latest_small,2,genre_no_genres_listed,0.034367673099040985
ml_latest_small,2,genre_romance,9.99999993922529e-09
ml_latest_small,2,genre_sci_fi,0.04697028547525406
ml_latest_small,2,genre_thriller,0.07123509794473648
ml_latest_small,2,genre_war,0.01847844198346138
ml_latest_small,2,genre_western,0.06219900771975517
ml_latest_small,2,tag_in_netflix_queue,0.08044931292533875
ml_latest_small,2,tag_atmospheric,0.08433563262224197
ml_latest_small,2,tag_thought_provoking,0.08982077240943909
ml_latest_small,2,tag_funny,0.01682482659816742
ml_latest_small,2,tag_superhero,0.04309951514005661
ml_latest_small,2,tag_surreal,0.042848724871873856
ml_latest_small,2,tag_sci_fi,0.010144980624318123
ml_latest_small,2,tag_disney,0.031111449003219604
ml_latest_small,2,tag_quirky,0.042183712124824524
ml_latest_small,2,tag_religion,0.08907729387283325
ml_latest_small,2,tag_dark_comedy,9.99999993922529e-09
ml_latest_small,2,tag_suspense,0.05589742958545685
ml_latest_small,2,tag_psychology,0.07228609174489975
ml_latest_small,2,tag_twist_ending,0.060816168785095215
ml_latest_small,2,tag_visually_appealing,0.05573807656764984
ml_latest_small,2,tag_comedy,0.014530380256474018
ml_latest_small,2,tag_politics,0.08288416266441345
ml_latest_small,2,tag_crime,0.018368776887655258
ml_latest_small,2,tag_time_travel,0.06106879934668541
ml_latest_small,2,tag_music,0.017376704141497612
ml_latest_small,2,tag_dark,0.08817833662033081
ml_latest_small,2,tag_action,0.0049951341934502125
ml_latest_small,2,tag_high_school,0.03767615556716919
ml_latest_small,2,tag_mental_illness,0.0735873281955719
ml_latest_small,2,tag_mindfuck,0.08013208210468292
ml_latest_small,2,tag_aliens,0.03799336776137352
ml_latest_small,2,tag_black_comedy,0.07003850489854813
ml_latest_small,2,tag_space,0.0028474326245486736
ml_latest_small,2,tag_dreamlike,0.08201629668474197
ml_latest_small,2,tag_mafia,0.011680913157761097
ml_latest_small,2,tag_holocaust,0.07496476173400879
ml_latest_small,2,tag_disturbing,0.0718594491481781
ml_latest_small,2,tag_shakespeare,0.021148959174752235
ml_latest_small,2,tag_emotional,0.0037387232296168804
ml_latest_small,2,tag_stephen_king,0.08649946004152298
ml_latest_small,2,tag_journalism,0.06866900622844696
ml_latest_small,2,tag_heist,0.060240473598241806
ml_latest_small,2,tag_classic,0.06140720471739769
ml_latest_small,2,tag_anime,0.08542531728744507
ml_latest_small,2,tag_satire,0.018024642020463943
ml_latest_small,2,tag_court,0.009780403226613998
ml_latest_small,2,tag_christmas,0.01678425632417202
ml_latest_small,2,tag_animation,0.06941889971494675
ml_latest_small,2,tag_imdb_top_250,0.08019551634788513
ml_latest_small,2,tag_comic_book,0.04044616222381592
ml_latest_small,2,tag_psychological,0.07105948030948639
ml_latest_small,2,tag_ghosts,0.013759127818048
ml_latest_small,2,tag_bittersweet,0.09061426669359207
ml_latest_small,2,tag_adolescence,0.06204548850655556
ml_latest_small,2,tag_adultery,0.04068823903799057
ml_latest_small,2,tag_boxing,0.07188180088996887
ml_latest_small,2,tag_drugs,0.03363720700144768
ml_latest_small,2,tag_leonardo_dicaprio,0.04582908749580383
ml_latest_small,2,tag_post_apocalyptic,0.023027559742331505
ml_latest_small,2,tag_robots,0.06399353593587875
ml_latest_small,2,tag_cinematography,0.06835255771875381
ml_latest_small,2,tag_india,0.0918378084897995
ml_latest_small,2,tag_remake,0.08670254051685333
ml_latest_small,2,tag_england,0.07177328318357468
ml_latest_small,2,tag_australia,0.05034583434462547
ml_latest_small,2,tag_vietnam,0.07490341365337372
ml_latest_small,2,tag_philosophical,0.07604373246431351
ml_latest_small,2,tag_will_ferrell,0.07087147235870361
ml_latest_small,2,tag_revenge,0.03593875840306282
ml_latest_small,2,tag_world_war_ii,9.99999993922529e-09
ml_latest_small,2,tag_adventure,0.047617897391319275
ml_latest_small,2,tag_stylized,0.031519483774900436
ml_latest_small,2,tag_mystery,0.05174796283245087
ml_latest_small,2,tag_murder,0.026922723278403282
ml_latest_small,2,tag_hallucinatory,0.07652416825294495
ml_latest_small,2,tag_military,0.01730024814605713
ml_latest_small,2,tag_tense,0.06618795543909073
ml_latest_small,2,tag_creepy,0.05471397936344147
ml_latest_small,2,tag_sexuality,0.023418566212058067
ml_latest_small,2,tag_racism,0.012257437221705914
ml_latest_small,2,tag_heartwarming,9.99999993922529e-09
ml_latest_small,2,tag_family,0.042047806084156036
ml_latest_small,2,tag_sequel,0.04515612870454788
ml_latest_small,2,tag_police,0.07676845788955688
ml_latest_small,2,tag_violence,0.036460667848587036
ml_latest_small,2,tag_divorce,0.07816392183303833
ml_latest_small,2,tag_coen_brothers,0.08536519855260849
ml_latest_small,2,tag_martial_arts,0.05118071287870407
ml_latest_small,2,tag_serial_killer,0.012059532105922699
ml_latest_small,2,tag_animal_movie,0.04628874361515045
ml_latest_small,2,tag_movie_business,0.07621835172176361
ml_latest_small,2,tag_race,0.07106627523899078
ml_latest_small,2,tag_spoof,9.99999993922529e-09
ml_latest_small,2,tag_new_york,0.017398318275809288
ml_latest_small,2,tag_bad,0.006352403666824102
ml_latest_small,2,tag_beautiful,0.07508783042430878
ml_latest_small,2,tag_inspirational,0.03476854786276817
ml_latest_small,2,tag_clever,0.052665866911411285
ml_latest_small,2,tag_witty,9.99999993922529e-09
ml_latest_small,2,tag_social_commentary,0.02218738943338394
ml_latest_small,2,tag_romance,0.0913235992193222
ml_latest_small,2,tag_predictable,0.022771405056118965
ml_latest_small,2,tag_quentin_tarantino,0.029762644320726395
ml_latest_small,2,tag_dark_humor,0.018235834315419197
ml_latest_small,2,tag_black_and_white,0.07482557743787766
ml_latest_small,2,tag_magic,0.04462575539946556
ml_latest_small,2,tag_cult_film,0.05692586675286293
ml_latest_small,2,tag_assassination,0.0728154182434082
ml_latest_small,2,tag_kidnapping,0.0655789002776146
ml_latest_small,2,tag_prostitution,0.04410422965884209
ml_latest_small,2,tag_disability,0.09148484468460083
ml_latest_small,2,tag_death,0.0617658756673336
ml_latest_small,2,tag_screwball,0.03655478358268738
ml_latest_small,2,tag_bible,0.029811415821313858
ml_latest_small,2,tag_intelligent,0.05577533319592476
ml_latest_small,2,tag_gritty,9.99999993922529e-09
ml_latest_small,2,tag_cerebral,0.08621001988649368
ml_latest_small,2,tag_wedding,0.07018432021141052
ml_latest_small,2,tag_fantasy,0.0492524616420269
ml_latest_small,2,tag_gothic,0.0525437667965889
ml_latest_small,2,tag_pixar,0.051651861518621445
ml_latest_small,2,tag_great_soundtrack,0.08012328296899796
ml_latest_small,2,tag_soundtrack,0.06968976557254791
ml_latest_small,2,tag_dystopia,0.08135172724723816
ml_latest_small,2,tag_visually_stunning,0.018251676112413406
ml_latest_small,2,tag_future,0.061450205743312836
ml_latest_small,2,tag_zombies,0.011966745369136333
ml_latest_small,2,tag_depressing,0.005451655481010675
ml_latest_small,2,tag_terrorism,0.07344938069581985
ml_latest_small,2,tag_pregnancy,0.0022978810593485832
ml_latest_small,2,tag_twins,0.004985175095498562
ml_latest_small,2,tag_hit_men,0.04987139627337456
ml_latest_small,2,tag_men_in_drag,0.05451646447181702
ml_latest_small,2,tag_remade,0.00035515648778527975
ml_latest_small,2,tag_gambling,0.014805308543145657
ml_latest_small,2,tag_television,0.0609143003821373
ml_latest_small,2,tag_astaire_and_rogers,0.002403016434982419
ml_latest_small,2,tag_nick_and_nora_charles,9.99999993922529e-09
ml_latest_small,2,tag_business,0.0702705830335617
ml_latest_small,2,tag_philosophy,0.05645127594470978
ml_latest_small,2,tag_touching,0.0002889050811063498
ml_latest_small,2,tag_al_pacino,0.003439155872911215
ml_latest_small,2,tag_epic,0.08924870938062668
ml_latest_small,2,tag_dogs,9.99999993922529e-09
ml_latest_small,2,tag_adam_sandler,0.021044189110398293
ml_latest_small,2,tag_organized_crime,9.99999993922529e-09
ml_latest_small,2,tag_stylish,0.07104150205850601
ml_latest_small,2,tag_good_dialogue,0.0900983065366745
ml_latest_small,2,tag_brad_pitt,0.05660795420408249
ml_latest_small,2,tag_ben_stiller,0.08234940469264984
ml_latest_small,2,tag_africa,0.009422101080417633
ml_latest_small,2,tag_corruption,0.09206750988960266
ml_latest_small,2,tag_ryan_reynolds,0.01697588711977005
ml_latest_small,2,tag_thriller,0.033080145716667175
ml_latest_small,2,tag_sarcasm,0.07493694126605988
ml_latest_small,2,tag_based_on_a_book,0.0035430891439318657
ml_latest_small,2,tag_humorous,0.059608493000268936
ml_latest_small,2,tag_friendship,0.07456386834383011
ml_latest_small,2,tag_artificial_intelligence,0.024593817070126534
ml_latest_small,2,tag_horror,9.99999993922529e-09
ml_latest_small,2,tag_paranoia,0.04918905347585678
ml_latest_small,2,tag_wizards,0.0386153943836689
ml_latest_small,2,tag_samurai,0.044476885348558426
ml_latest_small,2,tag_president,0.0006493624532595277
ml_latest_small,2,tag_alcoholism,0.047046247869729996
ml_latest_small,2,tag_death_penalty,0.04264957457780838
ml_latest_small,2,tag_ireland,0.022592460736632347
ml_latest_small,2,tag_space_opera,9.99999993922529e-09
ml_latest_small,2,tag_marriage,0.0006530327955260873
ml_latest_small,2,tag_cross_dressing,0.02849459834396839
ml_latest_small,2,tag_biopic,0.08685988932847977
ml_latest_small,2,tag_aardman,0.06675884127616882
ml_latest_small,2,tag_civil_war,0.09139125794172287
ml_latest_small,2,tag_amnesia,0.0895133689045906
ml_latest_small,2,tag_swashbuckler,0.07884512841701508
ml_latest_small,2,tag_homeless,0.08982455730438232
ml_latest_small,2,tag_baseball,0.06536930799484253
ml_latest_small,2,tag_sports,0.025301404297351837
ml_latest_small,2,tag_lawyers,0.009655209258198738
ml_latest_small,2,tag_judaism,0.0810164213180542
ml_latest_small,2,tag_dickens,0.04760310798883438
ml_latest_small,2,tag_jason,0.07612909376621246
ml_latest_small,2,tag_hepburn_and_tracy,0.073997363448143
ml_latest_small,2,tag_unique,0.06828386336565018
ml_latest_small,2,tag_sad,0.03409574180841446
ml_latest_small,2,tag_fun,0.04492085054516792
ml_latest_small,2,tag_existentialism,0.0018509182846173644
ml_latest_small,2,tag_poignant,9.99999993922529e-09
ml_latest_small,2,tag_martin_scorsese,9.99999993922529e-09
ml_latest_small,2,tag_true_story,0.05449977144598961
ml_latest_small,2,tag_tom_hanks,0.0721585601568222
ml_latest_small,2,tag_violent,9.99999993922529e-09
ml_latest_small,2,tag_marvel,0.052625302225351334
ml_latest_small,2,tag_steve_carell,0.01640653982758522
ml_latest_small,2,tag_bad_plot,0.011304428800940514
ml_latest_small,2,tag_seth_rogen,0.031081534922122955
ml_latest_small,2,tag_samuel_l_jackson,0.02308228239417076
ml_latest_small,2,tag_plot_holes,9.99999993922529e-09
ml_latest_small,2,tag_survival,0.025633109733462334
ml_latest_small,2,tag_interesting,0.06455935537815094
ml_latest_small,2,tag_controversial,0.03884857892990112
ml_latest_small,2,tag_crude_humor,9.99999993922529e-09
ml_latest_small,2,tag_assassin,0.0664902850985527
ml_latest_small,2,tag_feel_good,0.016485512256622314
ml_latest_small,2,tag_hugh_jackman,0.08468803763389587
ml_latest_small,3,genre_action,0.04425123333930969
ml_latest_small,3,genre_adventure,0.03378257900476456
ml_latest_small,3,genre_animation,0.05315355956554413
ml_latest_small,3,genre_children,0.059408728033304214
ml_latest_small,3,genre_comedy,0.043703921139240265
ml_latest_small,3,genre_crime,0.013673356734216213
ml_latest_small,3,genre_documentary,0.06988810747861862
ml_latest_small,3,genre_drama,0.046926241368055344
ml_latest_small,3,genre_fantasy,0.0775861144065857
ml_latest_small,3,genre_film_noir,0.05758949741721153
ml_latest_small,3,genre_horror,0.03406829386949539
ml_latest_small,3,genre_imax,0.0008099516853690147
ml_latest_small,3,genre_musical,0.06743552535772324
ml_latest_small,3,genre_mystery,0.03365550935268402
ml_latest_small,3,genre_no_genres_listed,0.09021110832691193
ml_latest_small,3,genre_romance,0.054140686988830566
ml_latest_small,3,genre_sci_fi,0.04877718165516853
ml_latest_small,3,genre_thriller,0.03182113915681839
ml_latest_small,3,genre_war,0.08161653578281403
ml_latest_small,3,genre_western,0.014850732870399952
ml_latest_small,3,tag_in_netflix_queue,0.003202656516805291
ml_latest_small,3,tag_atmospheric,0.02808542735874653
ml_latest_small,3,tag_thought_provoking,9.99999993922529e-09
ml_latest_small,3,tag_funny,0.029458045959472656
ml_latest_small,3,tag_superhero,0.06515412777662277
ml_latest_small,3,tag_surreal,0.023248817771673203
ml_latest_small,3,tag_sci_fi,0.004020166117697954
ml_latest_small,3,tag_disney,0.08278542011976242
ml_latest_small,3,tag_quirky,0.0664084181189537
ml_latest_small,3,tag_religion,0.04766884446144104
ml_latest_small,3,tag_dark_comedy,0.0919879600405693
ml_latest_small,3,tag_suspense,0.02638072334229946
ml_latest_small,3,tag_psychology,0.004268808756023645
ml_latest_small,3,tag_twist_ending,0.0869971439242363
ml_latest_small,3,tag_visually_appealing,0.030742507427930832
ml_latest_small,3,tag_comedy,0.012171123176813126
ml_latest_small,3,tag_politics,0.0258669201284647
ml_latest_small,3,tag_crime,9.99999993922529e-09
ml_latest_small,3,tag_time_travel,0.0363444909453392
ml_latest_small,3,tag_music,0.07323635369539261
ml_latest_small,3,tag_dark,0.0414726547896862
ml_latest_small,3,tag_action,0.001425600959919393
ml_latest_small,3,tag_high_school,0.046036120504140854
ml_latest_small,3,tag_mental_illness,0.08393599092960358
ml_latest_small,3,tag_mindfuck,0.0751054659485817
ml_latest_small,3,tag_aliens,0.00306261726655066
ml_latest_small,3,tag_black_comedy,0.06585478782653809
ml_latest_small,3,tag_space,0.018708132207393646
ml_latest_small,3,tag_dreamlike,9.99999993922529e-09
ml_latest_small,3,tag_mafia,9.99999993922529e-09
ml_latest_small,3,tag_holocaust,0.04840769246220589
ml_latest_small,3,tag_disturbing,0.03075573779642582
ml_latest_small,3,tag_shakespeare,0.02771567367017269
ml_latest_small,3,tag_emotional,0.05059944838285446
ml_latest_small,3,tag_stephen_king,0.02479454316198826
ml_latest_small,3,tag_journalism,0.006794004235416651
ml_latest_small,3,tag_heist,0.002165792044252157
ml_latest_small,3,tag_classic,0.024083100259304047
ml_latest_small,3,tag_anime,0.023773154243826866
ml_latest_small,3,tag_satire,0.03365859389305115
ml_latest_small,3,tag_court,9.99999993922529e-09
ml_latest_small,3,tag_christmas,0.04560944810509682
ml_latest_small,3,tag_animation,0.06792011857032776
ml_latest_small,3,tag_imdb_top_250,0.011435418389737606
ml_latest_small,3,tag_comic_book,0.07508466392755508
ml_latest_small,3,tag_psychological,0.07065102458000183
ml_latest_small,3,tag_ghosts,0.019209252670407295
ml_latest_small,3,tag_bittersweet,0.04205407574772835
ml_latest_small,3,tag_adolescence,0.08125437796115875
ml_latest_small,3,tag_adultery,0.02409936487674713
ml_latest_small,3,tag_boxing,0.040461014956235886
ml_latest_small,3,tag_drugs,0.032037679105997086
ml_latest_small,3,tag_leonardo_dicaprio,0.062024764716625214
ml_latest_small,3,tag_post_apocalyptic,0.03569640591740608
ml_latest_small,3,tag_robots,0.03663982078433037
ml_latest_small,3,tag_cinematography,0.046714626252651215
ml_latest_small,3,tag_india,0.03207201883196831
ml_latest_small,3,tag_remake,0.04072802886366844
ml_latest_small,3,tag_england,0.02680143155157566
ml_latest_small,3,tag_australia,0.011879104189574718
ml_latest_small,3,tag_vietnam,0.014230250380933285
ml_latest_small,3,tag_philosophical,0.0042716702446341515
ml_latest_small,3,tag_will_ferrell,0.07453573495149612
ml_latest_small,3,tag_revenge,0.07067923992872238
ml_latest_small,3,tag_world_war_ii,9.99999993922529e-09
ml_latest_small,3,tag_adventure,0.06123078614473343
ml_latest_small,3,tag_stylized,0.05382414534687996
ml_latest_small,3,tag_mystery,0.05119667947292328
ml_latest_small,3,tag_murder,0.040901560336351395
ml_latest_small,3,tag_hallucinatory,0.0676354318857193
ml_latest_small,3,tag_military,0.0687510222196579
ml_latest_small,3,tag_tense,0.07335436344146729
ml_latest_small,3,tag_creepy,0.0381920300424099
ml_latest_small,3,tag_sexuality,9.99999993922529e-09
ml_latest_small,3,tag_racism,0.014240819960832596
ml_latest_small,3,tag_heartwarming,0.04259958490729332
ml_latest_small,3,tag_family,0.0050122784450650215
ml_latest_small,3,tag_sequel,0.004551187623292208
ml_latest_small,3,tag_police,0.0013858143938705325
ml_latest_small,3,tag_violence,0.03263057768344879
ml_latest_small,3,tag_divorce,0.0003191138675902039
ml_latest_small,3,tag_coen_brothers,0.009178772568702698
ml_latest_small,3,tag_martial_arts,0.020220739766955376
ml_latest_small,3,tag_serial_killer,0.05356120318174362
ml_latest_small,3,tag_animal_movie,0.015581979416310787
ml_latest_small,3,tag_movie_business,0.03978074714541435
ml_latest_small,3,tag_race,0.06779627501964569
ml_latest_small,3,tag_spoof,0.06319674849510193
ml_latest_small,3,tag_new_york,0.06235268712043762
ml_latest_small,3,tag_bad,0.052009887993335724
ml_latest_small,3,tag_beautiful,0.07951737195253372
ml_latest_small,3,tag_inspirational,0.01589447818696499
ml_latest_small,3,tag_clever,0.0641828179359436
ml_latest_small,3,tag_witty,0.04864758998155594
ml_latest_small,3,tag_social_commentary,0.08437111973762512
ml_latest_small,3,tag_romance,9.99999993922529e-09
ml_latest_small,3,tag_predictable,9.99999993922529e-09
ml_latest_small,3,tag_quentin_tarantino,0.060546863824129105
ml_latest_small,3,tag_dark_humor,0.04868439584970474
ml_latest_small,3,tag_black_and_white,9.99999993922529e-09
ml_latest_small,3,tag_magic,0.04987421631813049
ml_latest_small,3,tag_cult_film,0.020508889108896255
ml_latest_small,3,tag_assassination,0.0017298771999776363
ml_latest_small,3,tag_kidnapping,9.99999993922529e-09
ml_latest_small,3,tag_prostitution,9.99999993922529e-09
ml_latest_small,3,tag_disability,0.052865274250507355
ml_latest_small,3,tag_death,0.0691724568605423
ml_latest_small,3,tag_screwball,9.99999993922529e-09
ml_latest_small,3,tag_bible,0.004923319444060326
ml_latest_small,3,tag_intelligent,0.08571866899728775
ml_latest_small,3,tag_gritty,0.02356518805027008
ml_latest_small,3,tag_cerebral,9.99999993922529e-09
ml_latest_small,3,tag_wedding,0.06613530218601227
ml_latest_small,3,tag_fantasy,0.0776250958442688
ml_latest_small,3,tag_gothic,0.022509831935167313
ml_latest_small,3,tag_pixar,0.056519851088523865
ml_latest_small,3,tag_great_soundtrack,0.024393318220973015
ml_latest_small,3,tag_soundtrack,0.08210644125938416
ml_latest_small,3,tag_dystopia,0.053913336247205734
ml_latest_small,3,tag_visually_stunning,0.06745930761098862
ml_latest_small,3,tag_future,0.01854899898171425
ml_latest_small,3,tag_zombies,9.99999993922529e-09
ml_latest_small,3,tag_depressing,0.011426723562180996
ml_latest_small,3,tag_terrorism,0.0011839964427053928
ml_latest_small,3,tag_pregnancy,0.031776312738657
ml_latest_small,3,tag_twins,0.06620047986507416
ml_latest_small,3,tag_hit_men,0.0674642026424408
ml_latest_small,3,tag_men_in_drag,0.016832102090120316
ml_latest_small,3,tag_remade,0.08535431325435638
ml_latest_small,3,tag_gambling,0.044997479766607285
ml_latest_small,3,tag_television,0.04006565362215042
ml_latest_small,3,tag_astaire_and_rogers,0.008753174915909767
ml_latest_small,3,tag_nick_and_nora_charles,0.01356531586498022
ml_latest_small,3,tag_business,0.045365188270807266
ml_latest_small,3,tag_philosophy,0.05052625387907028
ml_latest_small,3,tag_touching,0.05277026444673538
ml_latest_small,3,tag_al_pacino,0.018647247925400734
ml_latest_small,3,tag_epic,9.99999993922529e-09
ml_latest_small,3,tag_dogs,0.032943446189165115
ml_latest_small,3,tag_adam_sandler,0.07050879299640656
ml_latest_small,3,tag_organized_crime,0.08203890174627304
ml_latest_small,3,tag_stylish,0.03744669258594513
ml_latest_small,3,tag_good_dialogue,0.043363504111766815
ml_latest_small,3,tag_brad_pitt,0.08532869815826416
ml_latest_small,3,tag_ben_stiller,0.00966283306479454
ml_latest_small,3,tag_africa,0.04233930632472038
ml_latest_small,3,tag_corruption,0.003151262179017067
ml_latest_small,3,tag_ryan_reynolds,9.99999993922529e-09
ml_latest_small,3,tag_thriller,0.09074671566486359
ml_latest_small,3,tag_sarcasm,0.0807519257068634
ml_latest_small,3,tag_based_on_a_book,0.04133336991071701
ml_latest_small,3,tag_humorous,0.04715501889586449
ml_latest_small,3,tag_friendship,0.002707618521526456
ml_latest_small,3,tag_artificial_intelligence,0.0593351274728775
ml_latest_small,3,tag_horror,0.06303661316633224
ml_latest_small,3,tag_paranoia,0.08571971952915192
ml_latest_small,3,tag_wizards,0.020470723509788513
ml_latest_small,3,tag_samurai,0.06224754825234413
ml_latest_small,3,tag_president,0.05794887617230415
ml_latest_small,3,tag_alcoholism,0.04677705839276314
ml_latest_small,3,tag_death_penalty,0.07905729860067368
ml_latest_small,3,tag_ireland,0.07015550136566162
ml_latest_small,3,tag_space_opera,0.05357014015316963
ml_latest_small,3,tag_marriage,9.99999993922529e-09
ml_latest_small,3,tag_cross_dressing,0.04034556448459625
ml_latest_small,3,tag_biopic,0.03486209362745285
ml_latest_small,3,tag_aardman,0.0765148177742958
ml_latest_small,3,tag_civil_war,0.002762448973953724
ml_latest_small,3,tag_amnesia,0.07577438652515411
ml_latest_small,3,tag_swashbuckler,0.028383998200297356
ml_latest_small,3,tag_homeless,0.062151502817869186
ml_latest_small,3,tag_baseball,0.004947079345583916
ml_latest_small,3,tag_sports,0.059292491525411606
ml_latest_small,3,tag_lawyers,9.99999993922529e-09
ml_latest_small,3,tag_judaism,0.05278702452778816
ml_latest_small,3,tag_dickens,9.99999993922529e-09
ml_latest_small,3,tag_jason,0.024567654356360435
ml_latest_small,3,tag_hepburn_and_tracy,0.02040579542517662
ml_latest_small,3,tag_unique,0.02957819774746895
ml_latest_small,3,tag_sad,0.09144894778728485
ml_latest_small,3,tag_fun,0.06709257513284683
ml_latest_small,3,tag_existentialism,0.06670255213975906
ml_latest_small,3,tag_poignant,0.05510236695408821
ml_latest_small,3,tag_martin_scorsese,0.08022564649581909
ml_latest_small,3,tag_true_story,0.03504159301519394
ml_latest_small,3,tag_tom_hanks,0.005436907056719065
ml_latest_small,3,tag_violent,0.06165343523025513
ml_latest_small,3,tag_marvel,0.054664336144924164
ml_latest_small,3,tag_steve_carell,0.03417559713125229
ml_latest_small,3,tag_bad_plot,0.029968954622745514
ml_latest_small,3,tag_seth_rogen,0.020002255216240883
ml_latest_small,3,tag_samuel_l_jackson,0.08079894632101059
ml_latest_small,3,tag_plot_holes,0.03898811712861061
ml_latest_small,3,tag_survival,0.09080820530653
ml_latest_small,3,tag_interesting,0.0591329000890255
ml_latest_small,3,tag_controversial,0.07728952169418335
ml_latest_small,3,tag_crude_humor,0.0011691816616803408
ml_latest_small,3,tag_assassin,0.06785786896944046
ml_latest_small,3,tag_feel_good,0.05979179963469505
ml_latest_small,3,tag_hugh_jackman,0.08766312897205353
ml_latest_small,4,genre_action,0.048265982419252396
ml_latest_small,4,genre_adventure,0.08951058238744736
ml_latest_small,4,genre_animation,0.08694250881671906
ml_latest_small,4,genre_children,0.07835106551647186
ml_latest_small,4,genre_comedy,0.059427905827760696
ml_latest_small,4,genre_crime,0.02859845943748951
ml_latest_small,4,genre_documentary,0.04411391168832779
ml_latest_small,4,genre_drama,9.99999993922529e-09
ml_latest_small,4,genre_fantasy,0.02243213728070259
ml_latest_small,4,genre_film_noir,0.054200559854507446
ml_latest_small,4,genre_horror,0.02769581414759159
ml_latest_small,4,genre_imax,0.04011998325586319
ml_latest_small,4,genre_musical,0.0517793707549572
ml_latest_small,4,genre_mystery,0.011631667613983154
ml_latest_small,4,genre_no_genres_listed,0.011638527736067772
ml_latest_small,4,genre_romance,0.05056064948439598
ml_latest_small,4,genre_sci_fi,0.08343135565519333
ml_latest_small,4,genre_thriller,0.07989945262670517
ml_latest_small,4,genre_war,0.09261028468608856
ml_latest_small,4,genre_western,0.08725468069314957
ml_latest_small,4,tag_in_netflix_queue,0.07336750626564026
ml_latest_small,4,tag_atmospheric,0.07345886528491974
ml_latest_small,4,tag_thought_provoking,9.99999993922529e-09
ml_latest_small,4,tag_funny,0.0054489802569150925
ml_latest_small,4,tag_superhero,0.07145345211029053
ml_latest_small,4,tag_surreal,0.00441338075324893
ml_latest_small,4,tag_sci_fi,0.04700875282287598
ml_latest_small,4,tag_disney,0.06657072901725769
ml_latest_small,4,tag_quirky,0.0667022094130516
ml_latest_small,4,tag_religion,0.010250682942569256
ml_latest_small,4,tag_dark_comedy,0.03492584079504013
ml_latest_small,4,tag_suspense,0.014935246668756008
ml_latest_small,4,tag_psychology,0.06704255938529968
ml_latest_small,4,tag_twist_ending,0.04135579615831375
ml_latest_small,4,tag_visually_appealing,0.019838187843561172
ml_latest_small,4,tag_comedy,0.05853559821844101
ml_latest_small,4,tag_politics,0.0321638286113739
ml_latest_small,4,tag_crime,0.08718108385801315
ml_latest_small,4,tag_time_travel,0.033975496888160706
ml_latest_small,4,tag_music,0.005492712836712599
ml_latest_small,4,tag_dark,0.019917476922273636
ml_latest_small,4,tag_action,0.0505586713552475
ml_latest_small,4,tag_high_school,0.0065610371530056
ml_latest_small,4,tag_mental_illness,0.06456036865711212
ml_latest_small,4,tag_mindfuck,0.014522368088364601
ml_latest_small,4,tag_aliens,0.0002689764660317451
ml_latest_small,4,tag_black_comedy,0.047464895993471146
ml_latest_small,4,tag_space,0.006026857998222113
ml_latest_small,4,tag_dreamlike,0.08730478584766388
ml_latest_small,4,tag_mafia,0.0787946954369545
ml_latest_small,4,tag_holocaust,0.03691617771983147
ml_latest_small,4,tag_disturbing,0.07392238825559616
ml_latest_small,4,tag_shakespeare,0.07260140776634216
ml_latest_small,4,tag_emotional,0.05258363485336304
ml_latest_small,4,tag_stephen_king,0.08520062267780304
ml_latest_small,4,tag_journalism,0.011079584248363972
ml_latest_small,4,tag_heist,0.002757545094937086
ml_latest_small,4,tag_classic,0.05996987596154213
ml_latest_small,4,tag_anime,0.08218943327665329
ml_latest_small,4,tag_satire,0.03781620413064957
ml_latest_small,4,tag_court,0.07263092696666718
ml_latest_small,4,tag_christmas,0.01052554789930582
ml_latest_small,4,tag_animation,0.04187019541859627
ml_latest_small,4,tag_imdb_top_250,0.08783924579620361
ml_latest_small,4,tag_comic_book,0.017580298706889153
ml_latest_small,4,tag_psychological,0.055803943425416946
ml_latest_small,4,tag_ghosts,0.002006641821935773
ml_latest_small,4,tag_bittersweet,0.0928208976984024
ml_latest_small,4,tag_adolescence,0.03034340962767601
ml_latest_small,4,tag_adultery,0.04608539119362831
ml_latest_small,4,tag_boxing,9.99999993922529e-09
ml_latest_small,4,tag_drugs,0.015777381137013435
ml_latest_small,4,tag_leonardo_dicaprio,0.08982569724321365
ml_latest_small,4,tag_post_apocalyptic,0.045209527015686035
ml_latest_small,4,tag_robots,0.09174773842096329
ml_latest_small,4,tag_cinematography,0.0010341571178287268
ml_latest_small,4,tag_india,0.07260623574256897
ml_latest_small,4,tag_remake,0.018565895035862923
ml_latest_small,4,tag_england,0.039531342685222626
ml_latest_small,4,tag_australia,0.07187721133232117
ml_latest_small,4,tag_vietnam,0.012640919536352158
ml_latest_small,4,tag_philosophical,0.03229347616434097
ml_latest_small,4,tag_will_ferrell,0.05412117764353752
ml_latest_small,4,tag_revenge,0.08200237900018692
ml_latest_small,4,tag_world_war_ii,0.053165484219789505
ml_latest_small,4,tag_adventure,0.030655615031719208
ml_latest_small,4,tag_stylized,0.010672662407159805
ml_latest_small,4,tag_mystery,0.013165727257728577
ml_latest_small,4,tag_murder,0.07968491315841675
ml_latest_small,4,tag_hallucinatory,0.08709574490785599
ml_latest_small,4,tag_military,0.07254361361265182
ml_latest_small,4,tag_tense,0.0481630302965641
ml_latest_small,4,tag_creepy,0.03340453281998634
ml_latest_small,4,tag_sexuality,0.006362992338836193
ml_latest_small,4,tag_racism,0.08081304281949997
ml_latest_small,4,tag_heartwarming,0.023320913314819336
ml_latest_small,4,tag_family,0.08568182587623596
ml_latest_small,4,tag_sequel,0.050718680024147034
ml_latest_small,4,tag_police,0.045962970703840256
ml_latest_small,4,tag_violence,9.99999993922529e-09
ml_latest_small,4,tag_divorce,0.02543933130800724
ml_latest_small,4,tag_coen_brothers,0.08905426412820816
ml_latest_small,4,tag_martial_arts,0.02464267797768116
ml_latest_small,4,tag_serial_killer,0.03516416251659393
ml_latest_small,4,tag_animal_movie,9.99999993922529e-09
ml_latest_small,4,tag_movie_business,0.060129523277282715
ml_latest_small,4,tag_race,0.023744460195302963
ml_latest_small,4,tag_spoof,0.06897003948688507
ml_latest_small,4,tag_new_york,0.07261976599693298
ml_latest_small,4,tag_bad,0.06009040027856827
ml_latest_small,4,tag_beautiful,0.02037685178220272
ml_latest_small,4,tag_inspirational,0.018518440425395966
ml_latest_small,4,tag_clever,0.0509498193860054
ml_latest_small,4,tag_witty,0.04122823104262352
ml_latest_small,4,tag_social_commentary,0.06218493729829788
ml_latest_small,4,tag_romance,0.02673211693763733
ml_latest_small,4,tag_predictable,0.04735027626156807
ml_latest_small,4,tag_quentin_tarantino,0.04966943338513374
ml_latest_small,4,tag_dark_humor,0.06642021983861923
ml_latest_small,4,tag_black_and_white,0.03577614575624466
ml_latest_small,4,tag_magic,0.019133782014250755
ml_latest_small,4,tag_cult_film,0.02831900119781494
ml_latest_small,4,tag_assassination,0.054972946643829346
ml_latest_small,4,tag_kidnapping,9.99999993922529e-09
ml_latest_small,4,tag_prostitution,0.06346207857131958
ml_latest_small,4,tag_disability,0.010816048830747604
ml_latest_small,4,tag_death,0.012783309444785118
ml_latest_small,4,tag_screwball,0.04018145799636841
ml_latest_small,4,tag_bible,0.06675338000059128
ml_latest_small,4,tag_intelligent,0.05197147652506828
ml_latest_small,4,tag_gritty,0.06069982051849365
ml_latest_small,4,tag_cerebral,0.06238880380988121
ml_latest_small,4,tag_wedding,0.06093065068125725
ml_latest_small,4,tag_fantasy,0.015627631917595863
ml_latest_small,4,tag_gothic,0.043049946427345276
ml_latest_small,4,tag_pixar,0.07680585235357285
ml_latest_small,4,tag_great_soundtrack,0.04406343400478363
ml_latest_small,4,tag_soundtrack,0.028461843729019165
ml_latest_small,4,tag_dystopia,9.99999993922529e-09
ml_latest_small,4,tag_visually_stunning,0.04147172346711159
ml_latest_small,4,tag_future,0.02946694754064083
ml_latest_small,4,tag_zombies,0.0747920572757721
ml_latest_small,4,tag_depressing,0.04089067131280899
ml_latest_small,4,tag_terrorism,0.027471233159303665
ml_latest_small,4,tag_pregnancy,0.04867851361632347
ml_latest_small,4,tag_twins,0.024462996050715446
ml_latest_small,4,tag_hit_men,0.0509832389652729
ml_latest_small,4,tag_men_in_drag,0.08251141756772995
ml_latest_small,4,tag_remade,0.07743113487958908
ml_latest_small,4,tag_gambling,0.005167222581803799
ml_latest_small,4,tag_television,0.062287576496601105
ml_latest_small,4,tag_astaire_and_rogers,0.05506005883216858
ml_latest_small,4,tag_nick_and_nora_charles,9.99999993922529e-09
ml_latest_small,4,tag_business,0.023357972502708435
ml_latest_small,4,tag_philosophy,0.0479017049074173
ml_latest_small,4,tag_touching,0.08786771446466446
ml_latest_small,4,tag_al_pacino,0.041360918432474136
ml_latest_small,4,tag_epic,0.08761242777109146
ml_latest_small,4,tag_dogs,0.04414981231093407
ml_latest_small,4,tag_adam_sandler,0.061600204557180405
ml_latest_small,4,tag_organized_crime,0.052434660494327545
ml_latest_small,4,tag_stylish,0.04226237162947655
ml_latest_small,4,tag_good_dialogue,0.01660068705677986
ml_latest_small,4,tag_brad_pitt,9.99999993922529e-09
ml_latest_small,4,tag_ben_stiller,0.07488033920526505
ml_latest_small,4,tag_africa,0.07404809445142746
ml_latest_small,4,tag_corruption,0.08755084872245789
ml_latest_small,4,tag_ryan_reynolds,9.99999993922529e-09
ml_latest_small,4,tag_thriller,0.05933737754821777
ml_latest_small,4,tag_sarcasm,0.09003488719463348
ml_latest_small,4,tag_based_on_a_book,0.06813906878232956
ml_latest_small,4,tag_humorous,0.015533920377492905
ml_latest_small,4,tag_friendship,0.0758659616112709
ml_latest_small,4,tag_artificial_intelligence,0.020120296627283096
ml_latest_small,4,tag_horror,0.04264793172478676
ml_latest_small,4,tag_paranoia,9.99999993922529e-09
ml_latest_small,4,tag_wizards,0.018803676590323448
ml_latest_small,4,tag_samurai,0.08587194234132767
ml_latest_small,4,tag_president,0.07874463498592377
ml_latest_small,4,tag_alcoholism,0.05259653553366661
ml_latest_small,4,tag_death_penalty,0.04962906613945961
ml_latest_small,4,tag_ireland,0.018988028168678284
ml_latest_small,4,tag_space_opera,0.013143688440322876
ml_latest_small,4,tag_marriage,0.07533880323171616
ml_latest_small,4,tag_cross_dressing,0.02183588407933712
ml_latest_small,4,tag_biopic,0.06050129234790802
ml_latest_small,4,tag_aardman,0.017441149801015854
ml_latest_small,4,tag_civil_war,0.06651532649993896
ml_latest_small,4,tag_amnesia,0.03488149493932724
ml_latest_small,4,tag_swashbuckler,0.06811311841011047
ml_latest_small,4,tag_homeless,0.06861036270856857
ml_latest_small,4,tag_baseball,0.04930112510919571
ml_latest_small,4,tag_sports,0.09041033685207367
ml_latest_small,4,tag_lawyers,0.04119018092751503
ml_latest_small,4,tag_judaism,9.99999993922529e-09
ml_latest_small,4,tag_dickens,0.028764808550477028
ml_latest_small,4,tag_jason,0.02555806003510952
ml_latest_small,4,tag_hepburn_and_tracy,0.046810463070869446
ml_latest_small,4,tag_unique,0.08505260199308395
ml_latest_small,4,tag_sad,0.04381663352251053
ml_latest_small,4,tag_fun,0.08328177034854889
ml_latest_small,4,tag_existentialism,0.08390522748231888
ml_latest_small,4,tag_poignant,0.012387036345899105
ml_latest_small,4,tag_martin_scorsese,0.039252396672964096
ml_latest_small,4,tag_true_story,0.02217894047498703
ml_latest_small,4,tag_tom_hanks,0.0840124860405922
ml_latest_small,4,tag_violent,0.01181214302778244
ml_latest_small,4,tag_marvel,0.056825216859579086
ml_latest_small,4,tag_steve_carell,0.08881819248199463
ml_latest_small,4,tag_bad_plot,0.022875024005770683
ml_latest_small,4,tag_seth_rogen,0.015039755031466484
ml_latest_small,4,tag_samuel_l_jackson,0.03702602535486221
ml_latest_small,4,tag_plot_holes,0.01067719142884016
ml_latest_small,4,tag_survival,0.08581298589706421
ml_latest_small,4,tag_interesting,0.06883841007947922
ml_latest_small,4,tag_controversial,0.012075808830559254
ml_latest_small,4,tag_crude_humor,0.07747156172990799
ml_latest_small,4,tag_assassin,0.04477730020880699
ml_latest_small,4,tag_feel_good,0.0003455883706919849
ml_latest_small,4,tag_hugh_jackman,0.03723445162177086
ml_latest_small,5,genre_action,0.004324988462030888
ml_latest_small,5,genre_adventure,0.09016313403844833
ml_latest_small,5,genre_animation,0.004185908939689398
ml_latest_small,5,genre_children,0.07473611831665039
ml_latest_small,5,genre_comedy,0.06223324313759804
ml_latest_small,5,genre_crime,0.08286502957344055
ml_latest_small,5,genre_documentary,0.062398239970207214
ml_latest_small,5,genre_drama,0.05042627081274986
ml_latest_small,5,genre_fantasy,0.07378888130187988
ml_latest_small,5,genre_film_noir,0.0054078251123428345
ml_latest_small,5,genre_horror,0.04294927790760994
ml_latest_small,5,genre_imax,0.04443534463644028
ml_latest_small,5,genre_musical,0.06287351995706558
ml_latest_small,5,genre_mystery,0.04368732124567032
ml_latest_small,5,genre_no_genres_listed,9.99999993922529e-09
ml_latest_small,5,genre_romance,0.004721703007817268
ml_latest_small,5,genre_sci_fi,0.0010334309190511703
ml_latest_small,5,genre_thriller,0.030503565445542336
ml_latest_small,5,genre_war,0.03967488557100296
ml_latest_small,5,genre_western,0.08073315024375916
ml_latest_small,5,tag_in_netflix_queue,0.08895310759544373
ml_latest_small,5,tag_atmospheric,0.06657122075557709
ml_latest_small,5,tag_thought_provoking,0.012436136603355408
ml_latest_small,5,tag_funny,0.0019497734028846025
ml_latest_small,5,tag_superhero,0.07116611301898956
ml_latest_small,5,tag_surreal,0.004872356075793505
ml_latest_small,5,tag_sci_fi,0.07263235002756119
ml_latest_small,5,tag_disney,0.07611297816038132
ml_latest_small,5,tag_quirky,9.99999993922529e-09
ml_latest_small,5,tag_religion,0.05648420378565788
ml_latest_small,5,tag_dark_comedy,0.0006571850972250104
ml_latest_small,5,tag_suspense,0.015570443123579025
ml_latest_small,5,tag_psychology,0.04045582935214043
ml_latest_small,5,tag_twist_ending,0.07310259342193604
ml_latest_small,5,tag_visually_appealing,0.08927268534898758
ml_latest_small,5,tag_comedy,0.09303358942270279
ml_latest_small,5,tag_politics,0.006491576321423054
ml_latest_small,5,tag_crime,0.03424057736992836
ml_latest_small,5,tag_time_travel,0.002445913851261139
ml_latest_small,5,tag_music,0.07643911242485046
ml_latest_small,5,tag_dark,9.99999993922529e-09
ml_latest_small,5,tag_action,0.08466365933418274
ml_latest_small,5,tag_high_school,0.02788589335978031
ml_latest_small,5,tag_mental_illness,0.019940799102187157
ml_latest_small,5,tag_mindfuck,0.019884902983903885
ml_latest_small,5,tag_aliens,9.99999993922529e-09
ml_latest_small,5,tag_black_comedy,0.051846351474523544
ml_latest_small,5,tag_space,0.059730540961027145
ml_latest_small,5,tag_dreamlike,0.03844209760427475
ml_latest_small,5,tag_mafia,0.018114835023880005
ml_latest_small,5,tag_holocaust,0.004432608373463154
ml_latest_small,5,tag_disturbing,0.018295463174581528
ml_latest_small,5,tag_shakespeare,0.06877394020557404
ml_latest_small,5,tag_emotional,0.04588032513856888
ml_latest_small,5,tag_stephen_king,0.03711345046758652
ml_latest_small,5,tag_journalism,0.0445612333714962
ml_latest_small,5,tag_heist,0.07726238667964935
ml_latest_small,5,tag_classic,0.08124738186597824
ml_latest_small,5,tag_anime,0.046237602829933167
ml_latest_small,5,tag_satire,0.0858992412686348
ml_latest_small,5,tag_court,0.07697062939405441
ml_latest_small,5,tag_christmas,0.0600006990134716
ml_latest_small,5,tag_animation,0.006925394758582115
ml_latest_small,5,tag_imdb_top_250,0.05740683525800705
ml_latest_small,5,tag_comic_book,0.025005199015140533
ml_latest_small,5,tag_psychological,0.030657311901450157
ml_latest_small,5,tag_ghosts,0.06966231763362885
ml_latest_small,5,tag_bittersweet,0.04517202079296112
ml_latest_small,5,tag_adolescence,0.04897052049636841
ml_latest_small,5,tag_adultery,0.011443959549069405
ml_latest_small,5,tag_boxing,0.023682046681642532
ml_latest_small,5,tag_drugs,0.012360641732811928
ml_latest_small,5,tag_leonardo_dicaprio,0.022365691140294075
ml_latest_small,5,tag_post_apocalyptic,0.04002635180950165
ml_latest_small,5,tag_robots,0.080374576151371
ml_latest_small,5,tag_cinematography,0.09131105989217758
ml_latest_small,5,tag_india,0.018062371760606766
ml_latest_small,5,tag_remake,0.022445891052484512
ml_latest_small,5,tag_england,0.0050427899695932865
ml_latest_small,5,tag_australia,0.0558767095208168
ml_latest_small,5,tag_vietnam,0.08963830769062042
ml_latest_small,5,tag_philosophical,0.08604775369167328
ml_latest_small,5,tag_will_ferrell,0.0888044685125351
ml_latest_small,5,tag_revenge,0.04649287834763527
ml_latest_small,5,tag_world_war_ii,0.03674576058983803
ml_latest_small,5,tag_adventure,9.99999993922529e-09
ml_latest_small,5,tag_stylized,0.027433976531028748
ml_latest_small,5,tag_mystery,0.018510160967707634
ml_latest_small,5,tag_murder,0.006455444265156984
ml_latest_small,5,tag_hallucinatory,0.019527429714798927
ml_latest_small,5,tag_military,0.07143974304199219
ml_latest_small,5,tag_tense,0.008885769173502922
ml_latest_small,5,tag_creepy,0.035142235457897186
ml_latest_small,5,tag_sexuality,0.013258559629321098
ml_latest_small,5,tag_racism,0.03890133276581764
ml_latest_small,5,tag_heartwarming,0.0776747614145279
ml_latest_small,5,tag_family,0.06397940218448639
ml_latest_small,5,tag_sequel,9.99999993922529e-09
ml_latest_small,5,tag_police,0.04438425600528717
ml_latest_small,5,tag_violence,0.03126376122236252
ml_latest_small,5,tag_divorce,0.031597889959812164
ml_latest_small,5,tag_coen_brothers,9.99999993922529e-09
ml_latest_small,5,tag_martial_arts,0.05606108531355858
ml_latest_small,5,tag_serial_killer,0.019782697781920433
ml_latest_small,5,tag_animal_movie,0.0735609233379364
ml_latest_small,5,tag_movie_business,0.04539845883846283
ml_latest_small,5,tag_race,0.007032162509858608
ml_latest_small,5,tag_spoof,0.03208561986684799
ml_latest_small,5,tag_new_york,9.99999993922529e-09
ml_latest_small,5,tag_bad,0.008359920233488083
ml_latest_small,5,tag_beautiful,0.05065200850367546
ml_latest_small,5,tag_inspirational,0.011356351897120476
ml_latest_small,5,tag_clever,0.041268669068813324
ml_latest_small,5,tag_witty,0.04277624189853668
ml_latest_small,5,tag_social_commentary,0.08311756700277328
ml_latest_small,5,tag_romance,9.99999993922529e-09
ml_latest_small,5,tag_predictable,0.0456889346241951
ml_latest_small,5,tag_quentin_tarantino,0.025294024497270584
ml_latest_small,5,tag_dark_humor,0.05912293121218681
ml_latest_small,5,tag_black_and_white,0.010972417891025543
ml_latest_small,5,tag_magic,0.03164660185575485
ml_latest_small,5,tag_cult_film,0.005558195058256388
ml_latest_small,5,tag_assassination,0.060563720762729645
ml_latest_small,5,tag_kidnapping,0.013652095571160316
ml_latest_small,5,tag_prostitution,0.009317670948803425
ml_latest_small,5,tag_disability,0.014238594099879265
ml_latest_small,5,tag_death,0.022770250216126442
ml_latest_small,5,tag_screwball,0.018198378384113312
ml_latest_small,5,tag_bible,0.049665022641420364
ml_latest_small,5,tag_intelligent,0.06775325536727905
ml_latest_small,5,tag_gritty,0.07608098536729813
ml_latest_small,5,tag_cerebral,0.03260606527328491
ml_latest_small,5,tag_wedding,0.03592442348599434
ml_latest_small,5,tag_fantasy,0.01445484347641468
ml_latest_small,5,tag_gothic,0.09114246815443039
ml_latest_small,5,tag_pixar,0.04561905190348625
ml_latest_small,5,tag_great_soundtrack,0.04533979669213295
ml_latest_small,5,tag_soundtrack,0.0007216788362711668
ml_latest_small,5,tag_dystopia,0.06608308851718903
ml_latest_small,5,tag_visually_stunning,0.04078211635351181
ml_latest_small,5,tag_future,0.06361636519432068
ml_latest_small,5,tag_zombies,0.03959492966532707
ml_latest_small,5,tag_depressing,0.02815612219274044
ml_latest_small,5,tag_terrorism,0.00852754432708025
ml_latest_small,5,tag_pregnancy,0.022360902279615402
ml_latest_small,5,tag_twins,0.0847155898809433
ml_latest_small,5,tag_hit_men,0.034649163484573364
ml_latest_small,5,tag_men_in_drag,0.08818736672401428
ml_latest_small,5,tag_remade,0.0658230185508728
ml_latest_small,5,tag_gambling,0.016847286373376846
ml_latest_small,5,tag_television,0.06151565536856651
ml_latest_small,5,tag_astaire_and_rogers,0.012225797399878502
ml_latest_small,5,tag_nick_and_nora_charles,0.02295418083667755
ml_latest_small,5,tag_business,0.09153933078050613
ml_latest_small,5,tag_philosophy,0.04094507917761803
ml_latest_small,5,tag_touching,0.03874361515045166
ml_latest_small,5,tag_al_pacino,0.007254696451127529
ml_latest_small,5,tag_epic,0.053807731717824936
ml_latest_small,5,tag_dogs,0.05037232115864754
ml_latest_small,5,tag_adam_sandler,0.012867210432887077
ml_latest_small,5,tag_organized_crime,9.99999993922529e-09
ml_latest_small,5,tag_stylish,0.08785069733858109
ml_latest_small,5,tag_good_dialogue,0.006336459890007973
ml_latest_small,5,tag_brad_pitt,0.05468343198299408
ml_latest_small,5,tag_ben_stiller,0.03516257554292679
ml_latest_small,5,tag_africa,0.008614144288003445
ml_latest_small,5,tag_corruption,0.07348782569169998
ml_latest_small,5,tag_ryan_reynolds,0.04138645902276039
ml_latest_small,5,tag_thriller,0.06589589267969131
ml_latest_small,5,tag_sarcasm,0.0363629013299942
ml_latest_small,5,tag_based_on_a_book,0.05823468789458275
ml_latest_small,5,tag_humorous,0.06889250874519348
ml_latest_small,5,tag_friendship,0.03305516391992569
ml_latest_small,5,tag_artificial_intelligence,0.022898618131875992
ml_latest_small,5,tag_horror,0.06091069430112839
ml_latest_small,5,tag_paranoia,0.027721600607037544
ml_latest_small,5,tag_wizards,0.059800200164318085
ml_latest_small,5,tag_samurai,0.04455569386482239
ml_latest_small,5,tag_president,0.07775090634822845
ml_latest_small,5,tag_alcoholism,0.015230286866426468
ml_latest_small,5,tag_death_penalty,0.01284183282405138
ml_latest_small,5,tag_ireland,0.009975665248930454
ml_latest_small,5,tag_space_opera,0.03324729576706886
ml_latest_small,5,tag_marriage,0.05132555589079857
ml_latest_small,5,tag_cross_dressing,0.023047011345624924
ml_latest_small,5,tag_biopic,0.04905451089143753
ml_latest_small,5,tag_aardman,0.004252191167324781
ml_latest_small,5,tag_civil_war,0.03468978404998779
ml_latest_small,5,tag_amnesia,0.07554615288972855
ml_latest_small,5,tag_swashbuckler,0.04075932130217552
ml_latest_small,5,tag_homeless,0.05852186307311058
ml_latest_small,5,tag_baseball,0.020644797012209892
ml_latest_small,5,tag_sports,9.99999993922529e-09
ml_latest_small,5,tag_lawyers,0.001518348348326981
ml_latest_small,5,tag_judaism,0.003123005386441946
ml_latest_small,5,tag_dickens,0.08981956541538239
ml_latest_small,5,tag_jason,0.05862041190266609
ml_latest_small,5,tag_hepburn_and_tracy,0.06571845710277557
ml_latest_small,5,tag_unique,0.08596841245889664
ml_latest_small,5,tag_sad,9.99999993922529e-09
ml_latest_small,5,tag_fun,0.005577797535806894
ml_latest_small,5,tag_existentialism,0.03388664126396179
ml_latest_small,5,tag_poignant,0.03507636487483978
ml_latest_small,5,tag_martin_scorsese,0.043286412954330444
ml_latest_small,5,tag_true_story,0.023175565525889397
ml_latest_small,5,tag_tom_hanks,0.025520160794258118
ml_latest_small,5,tag_violent,0.044256679713726044
ml_latest_small,5,tag_marvel,0.0697193443775177
ml_latest_small,5,tag_steve_carell,0.013962783850729465
ml_latest_small,5,tag_bad_plot,0.08101522922515869
ml_latest_small,5,tag_seth_rogen,0.03356444463133812
ml_latest_small,5,tag_samuel_l_jackson,0.09184040874242783
ml_latest_small,5,tag_plot_holes,0.06022641062736511
ml_latest_small,5,tag_survival,9.99999993922529e-09
ml_latest_small,5,tag_interesting,0.07009972631931305
ml_latest_small,5,tag_controversial,0.015857020393013954
ml_latest_small,5,tag_crude_humor,0.02221085876226425
ml_latest_small,5,tag_assassin,0.03346491605043411
ml_latest_small,5,tag_feel_good,0.04675614833831787
ml_latest_small,5,tag_hugh_jackman,0.06920139491558075
ml_latest_small,6,genre_action,0.0272208359092474
ml_latest_small,6,genre_adventure,0.024863556027412415
ml_latest_small,6,genre_animation,0.021919552236795425
ml_latest_small,6,genre_children,9.99999993922529e-09
ml_latest_small,6,genre_comedy,0.048376139253377914
ml_latest_small,6,genre_crime,0.06928970664739609
ml_latest_small,6,genre_documentary,0.0551011823117733
ml_latest_small,6,genre_drama,0.07655433565378189
ml_latest_small,6,genre_fantasy,0.017134377732872963
ml_latest_small,6,genre_film_noir,9.99999993922529e-09
ml_latest_small,6,genre_horror,0.051565494388341904
ml_latest_small,6,genre_imax,0.06908677518367767
ml_latest_small,6,genre_musical,0.0686478316783905
ml_latest_small,6,genre_mystery,0.01667310856282711
ml_latest_small,6,genre_no_genres_listed,0.07174989581108093
ml_latest_small,6,genre_romance,0.05461882799863815
ml_latest_small,6,genre_sci_fi,0.08345842361450195
ml_latest_small,6,genre_thriller,0.006755736190825701
ml_latest_small,6,genre_war,0.004827968310564756
ml_latest_small,6,genre_western,0.044788289815187454
ml_latest_small,6,tag_in_netflix_queue,0.07045289129018784
ml_latest_small,6,tag_atmospheric,0.008045889437198639
ml_latest_small,6,tag_thought_provoking,0.016992872580885887
ml_latest_small,6,tag_funny,0.018288765102624893
ml_latest_small,6,tag_superhero,0.003639643080532551
ml_latest_small,6,tag_surreal,0.033993251621723175
ml_latest_small,6,tag_sci_fi,9.99999993922529e-09
ml_latest_small,6,tag_disney,0.0563695952296257
ml_latest_small,6,tag_quirky,0.06816791743040085
ml_latest_small,6,tag_religion,9.99999993922529e-09
ml_latest_small,6,tag_dark_comedy,0.08859919011592865
ml_latest_small,6,tag_suspense,0.01582738757133484
ml_latest_small,6,tag_psychology,0.08802115172147751
ml_latest_small,6,tag_twist_ending,0.06656596064567566
ml_latest_small,6,tag_visually_appealing,0.07486385107040405
ml_latest_small,6,tag_comedy,0.024176238104701042
ml_latest_small,6,tag_politics,0.06611546874046326
ml_latest_small,6,tag_crime,0.005368953570723534
ml_latest_small,6,tag_time_travel,0.028138184919953346
ml_latest_small,6,tag_music,0.08568556606769562
ml_latest_small,6,tag_dark,0.037581976503133774
ml_latest_small,6,tag_action,0.06862052530050278
ml_latest_small,6,tag_high_school,0.04907161742448807
ml_latest_small,6,tag_mental_illness,0.02693912386894226
ml_latest_small,6,tag_mindfuck,0.07960841804742813
ml_latest_small,6,tag_aliens,0.04383618384599686
ml_latest_small,6,tag_black_comedy,0.0432191900908947
ml_latest_small,6,tag_space,0.010650960728526115
ml_latest_small,6,tag_dreamlike,0.05049437656998634
ml_latest_small,6,tag_mafia,0.013892332091927528
ml_latest_small,6,tag_holocaust,0.06965675950050354
ml_latest_small,6,tag_disturbing,0.09014470875263214
ml_latest_small,6,tag_shakespeare,0.07257149368524551
ml_latest_small,6,tag_emotional,0.029526636004447937
ml_latest_small,6,tag_stephen_king,0.038811106234788895
ml_latest_small,6,tag_journalism,0.06290911883115768
ml_latest_small,6,tag_heist,0.08626679331064224
ml_latest_small,6,tag_classic,9.99999993922529e-09
ml_latest_small,6,tag_anime,0.06616746634244919
ml_latest_small,6,tag_satire,0.0039807031862437725
ml_latest_small,6,tag_court,0.08000927418470383
ml_latest_small,6,tag_christmas,0.07905840128660202
ml_latest_small,6,tag_animation,0.04358895495533943
ml_latest_small,6,tag_imdb_top_250,0.03755226731300354
ml_latest_small,6,tag_comic_book,0.08022325485944748
ml_latest_small,6,tag_psychological,0.045823290944099426
ml_latest_small,6,tag_ghosts,9.99999993922529e-09
ml_latest_small,6,tag_bittersweet,0.07124066352844238
ml_latest_small,6,tag_adolescence,0.05391433462500572
ml_latest_small,6,tag_adultery,0.06564600020647049
ml_latest_small,6,tag_boxing,0.07988468557596207
ml_latest_small,6,tag_drugs,0.0020685463678091764
ml_latest_small,6,tag_leonardo_dicaprio,9.99999993922529e-09
ml_latest_small,6,tag_post_apocalyptic,0.09011971205472946
ml_latest_small,6,tag_robots,0.028735913336277008
ml_latest_small,6,tag_cinematography,0.02426142990589142
ml_latest_small,6,tag_india,0.030915193259716034
ml_latest_small,6,tag_remake,0.07115217298269272
ml_latest_small,6,tag_england,0.03346008062362671
ml_latest_small,6,tag_australia,0.011804789304733276
ml_latest_small,6,tag_vietnam,0.03160732612013817
ml_latest_small,6,tag_philosophical,0.03480970859527588
ml_latest_small,6,tag_will_ferrell,0.08036252111196518
ml_latest_small,6,tag_revenge,0.0016087336698547006
ml_latest_small,6,tag_world_war_ii,0.0006745378486812115
ml_latest_small,6,tag_adventure,0.08179904520511627
ml_latest_small,6,tag_stylized,0.050287194550037384
ml_latest_small,6,tag_mystery,0.056695934385061264
ml_latest_small,6,tag_murder,0.04559604823589325
ml_latest_small,6,tag_hallucinatory,0.08481023460626602
ml_latest_small,6,tag_military,0.019475124776363373
ml_latest_small,6,tag_tense,0.029083339497447014
ml_latest_small,6,tag_creepy,0.048069898039102554
ml_latest_small,6,tag_sexuality,0.004963364452123642
ml_latest_small,6,tag_racism,0.0390668585896492
ml_latest_small,6,tag_heartwarming,0.04214933514595032
ml_latest_small,6,tag_family,0.05509219691157341
ml_latest_small,6,tag_sequel,0.015164921060204506
ml_latest_small,6,tag_police,9.99999993922529e-09
ml_latest_small,6,tag_violence,0.06827337294816971
ml_latest_small,6,tag_divorce,0.06056060642004013
ml_latest_small,6,tag_coen_brothers,0.03785610571503639
ml_latest_small,6,tag_martial_arts,0.08630727231502533
ml_latest_small,6,tag_serial_killer,0.0013108847197145224
ml_latest_small,6,tag_animal_movie,0.07617782801389694
ml_latest_small,6,tag_movie_business,9.99999993922529e-09
ml_latest_small,6,tag_race,0.07116599380970001
ml_latest_small,6,tag_spoof,0.001040886389091611
ml_latest_small,6,tag_new_york,0.06518875062465668
ml_latest_small,6,tag_bad,0.07130981981754303
ml_latest_small,6,tag_beautiful,5.674100248143077e-05
ml_latest_small,6,tag_inspirational,0.04696274176239967
ml_latest_small,6,tag_clever,0.008963700383901596
ml_latest_small,6,tag_witty,9.99999993922529e-09
ml_latest_small,6,tag_social_commentary,0.02389867603778839
ml_latest_small,6,tag_romance,0.047117702662944794
ml_latest_small,6,tag_predictable,0.051623228937387466
ml_latest_small,6,tag_quentin_tarantino,0.026360666379332542
ml_latest_small,6,tag_dark_humor,0.04186731204390526
ml_latest_small,6,tag_black_and_white,0.06274543702602386
ml_latest_small,6,tag_magic,0.059525858610868454
ml_latest_small,6,tag_cult_film,9.99999993922529e-09
ml_latest_small,6,tag_assassination,0.07473653554916382
ml_latest_small,6,tag_kidnapping,0.04480988159775734
ml_latest_small,6,tag_prostitution,0.034174807369709015
ml_latest_small,6,tag_disability,0.02099062129855156
ml_latest_small,6,tag_death,0.040338702499866486
ml_latest_small,6,tag_screwball,0.08929944783449173
ml_latest_small,6,tag_bible,0.03506254777312279
ml_latest_small,6,tag_intelligent,0.040627628564834595
ml_latest_small,6,tag_gritty,0.0535089410841465
ml_latest_small,6,tag_cerebral,0.02106969617307186
ml_latest_small,6,tag_wedding,9.99999993922529e-09
ml_latest_small,6,tag_fantasy,0.0859932154417038
ml_latest_small,6,tag_gothic,0.007869739085435867
ml_latest_small,6,tag_pixar,9.99999993922529e-09
ml_latest_small,6,tag_great_soundtrack,0.07896395772695541
ml_latest_small,6,tag_soundtrack,9.99999993922529e-09
ml_latest_small,6,tag_dystopia,0.04679616540670395
ml_latest_small,6,tag_visually_stunning,0.0688122883439064
ml_latest_small,6,tag_future,0.014520321972668171
ml_latest_small,6,tag_zombies,0.05420507863163948
ml_latest_small,6,tag_depressing,0.08577661961317062
ml_latest_small,6,tag_terrorism,0.053477898240089417
ml_latest_small,6,tag_pregnancy,0.020360099151730537
ml_latest_small,6,tag_twins,0.07888052612543106
ml_latest_small,6,tag_hit_men,0.06432952731847763
ml_latest_small,6,tag_men_in_drag,9.99999993922529e-09
ml_latest_small,6,tag_remade,0.06365121155977249
ml_latest_small,6,tag_gambling,0.007538589648902416
ml_latest_small,6,tag_television,0.022614413872361183
ml_latest_small,6,tag_astaire_and_rogers,0.031151434406638145
ml_latest_small,6,tag_nick_and_nora_charles,0.07417465001344681
ml_latest_small,6,tag_business,0.024342797696590424
ml_latest_small,6,tag_philosophy,0.05246075615286827
ml_latest_small,6,tag_touching,0.038072507828474045
ml_latest_small,6,tag_al_pacino,0.028450164943933487
ml_latest_small,6,tag_epic,0.012089758180081844
ml_latest_small,6,tag_dogs,0.07986059784889221
ml_latest_small,6,tag_adam_sandler,0.011681175790727139
ml_latest_small,6,tag_organized_crime,0.02495582029223442
ml_latest_small,6,tag_stylish,0.05585198849439621
ml_latest_small,6,tag_good_dialogue,0.08331172168254852
ml_latest_small,6,tag_brad_pitt,0.08515270054340363
ml_latest_small,6,tag_ben_stiller,0.07070981711149216
ml_latest_small,6,tag_africa,0.06818298995494843
ml_latest_small,6,tag_corruption,0.033474378287792206
ml_latest_small,6,tag_ryan_reynolds,0.04366213455796242
ml_latest_small,6,tag_thriller,0.04731303080916405
ml_latest_small,6,tag_sarcasm,0.0420202873647213
ml_latest_small,6,tag_based_on_a_book,0.07129741460084915
ml_latest_small,6,tag_humorous,0.07099070399999619
ml_latest_small,6,tag_friendship,0.01898864656686783
ml_latest_small,6,tag_artificial_intelligence,0.047142140567302704
ml_latest_small,6,tag_horror,0.02029120922088623
ml_latest_small,6,tag_paranoia,0.027171920984983444
ml_latest_small,6,tag_wizards,0.07489175349473953
ml_latest_small,6,tag_samurai,0.0612231008708477
ml_latest_small,6,tag_president,0.06902597844600677
ml_latest_small,6,tag_alcoholism,1.4028279110789299e-05
ml_latest_small,6,tag_death_penalty,0.00014258766896091402
ml_latest_small,6,tag_ireland,0.06608704477548599
ml_latest_small,6,tag_space_opera,0.049169547855854034
ml_latest_small,6,tag_marriage,9.99999993922529e-09
ml_latest_small,6,tag_cross_dressing,0.030404480174183846
ml_latest_small,6,tag_biopic,0.03801725432276726
ml_latest_small,6,tag_aardman,0.0440242663025856
ml_latest_small,6,tag_civil_war,0.03434782475233078
ml_latest_small,6,tag_amnesia,0.08832540363073349
ml_latest_small,6,tag_swashbuckler,0.042438752949237823
ml_latest_small,6,tag_homeless,0.07766983658075333
ml_latest_small,6,tag_baseball,0.04608161747455597
ml_latest_small,6,tag_sports,0.051538314670324326
ml_latest_small,6,tag_lawyers,0.01719408854842186
ml_latest_small,6,tag_judaism,0.03709006682038307
ml_latest_small,6,tag_dickens,0.04242006689310074
ml_latest_small,6,tag_jason,0.06901523470878601
ml_latest_small,6,tag_hepburn_and_tracy,0.08249720931053162
ml_latest_small,6,tag_unique,0.06673604995012283
ml_latest_small,6,tag_sad,0.08927828073501587
ml_latest_small,6,tag_fun,9.99999993922529e-09
ml_latest_small,6,tag_existentialism,0.006360329687595367
ml_latest_small,6,tag_poignant,0.04092615470290184
ml_latest_small,6,tag_martin_scorsese,0.017506085336208344
ml_latest_small,6,tag_true_story,0.05122622475028038
ml_latest_small,6,tag_tom_hanks,0.05936107039451599
ml_latest_small,6,tag_violent,0.06012086942791939
ml_latest_small,6,tag_marvel,0.032027892768383026
ml_latest_small,6,tag_steve_carell,0.07785631716251373
ml_latest_small,6,tag_bad_plot,0.08405790477991104
ml_latest_small,6,tag_seth_rogen,0.016393329948186874
ml_latest_small,6,tag_samuel_l_jackson,0.020577387884259224
ml_latest_small,6,tag_plot_holes,0.041120801120996475
ml_latest_small,6,tag_survival,0.026828708127141
ml_latest_small,6,tag_interesting,0.03435475379228592
ml_latest_small,6,tag_controversial,0.06405815482139587
ml_latest_small,6,tag_crude_humor,9.99999993922529e-09
ml_latest_small,6,tag_assassin,0.024481402710080147
ml_latest_small,6,tag_feel_good,0.04681698977947235
ml_latest_small,6,tag_hugh_jackman,0.08555536717176437
ml_latest_small,7,genre_action,0.01149644423276186
ml_latest_small,7,genre_adventure,0.05158330500125885
ml_latest_small,7,genre_animation,0.05039864033460617
ml_latest_small,7,genre_children,0.07409801334142685
ml_latest_small,7,genre_comedy,0.06142045184969902
ml_latest_small,7,genre_crime,0.07732900977134705
ml_latest_small,7,genre_documentary,0.07480064779520035
ml_latest_small,7,genre_drama,0.015731146559119225
ml_latest_small,7,genre_fantasy,0.0636892020702362
ml_latest_small,7,genre_film_noir,0.007607696577906609
ml_latest_small,7,genre_horror,0.056313175708055496
ml_latest_small,7,genre_imax,0.0009219751809723675
ml_latest_small,7,genre_musical,0.07100661844015121
ml_latest_small,7,genre_mystery,0.06784874200820923
ml_latest_small,7,genre_no_genres_listed,0.07820063829421997
ml_latest_small,7,genre_romance,0.040909409523010254
ml_latest_small,7,genre_sci_fi,0.01567387953400612
ml_latest_small,7,genre_thriller,0.05278399959206581
ml_latest_small,7,genre_war,0.05370868742465973
ml_latest_small,7,genre_western,0.08030020445585251
ml_latest_small,7,tag_in_netflix_queue,0.030531665310263634
ml_latest_small,7,tag_atmospheric,0.012478066608309746
ml_latest_small,7,tag_thought_provoking,0.043172094970941544
ml_latest_small,7,tag_funny,0.027425492182374
ml_latest_small,7,tag_superhero,0.031151117756962776
ml_latest_small,7,tag_surreal,0.022655369713902473
ml_latest_small,7,tag_sci_fi,0.06266966462135315
ml_latest_small,7,tag_disney,0.0638389065861702
ml_latest_small,7,tag_quirky,9.99999993922529e-09
ml_latest_small,7,tag_religion,0.035096198320388794
ml_latest_small,7,tag_dark_comedy,0.020215550437569618
ml_latest_small,7,tag_suspense,0.0028873104602098465
ml_latest_small,7,tag_psychology,0.008050238713622093
ml_latest_small,7,tag_twist_ending,0.01863859035074711
ml_latest_small,7,tag_visually_appealing,0.04953230172395706
ml_latest_small,7,tag_comedy,0.0025670547038316727
ml_latest_small,7,tag_politics,0.027455700561404228
ml_latest_small,7,tag_crime,0.018992705270648003
ml_latest_small,7,tag_time_travel,0.050225093960762024
ml_latest_small,7,tag_music,0.010805563069880009
ml_latest_small,7,tag_dark,0.0058340695686638355
ml_latest_small,7,tag_action,0.06579340249300003
ml_latest_small,7,tag_high_school,0.034729473292827606
ml_latest_small,7,tag_mental_illness,0.07972653210163116
ml_latest_small,7,tag_mindfuck,0.07305104285478592
ml_latest_small,7,tag_aliens,0.08172305673360825
ml_latest_small,7,tag_black_comedy,0.06834634393453598
ml_latest_small,7,tag_space,0.0386403389275074
ml_latest_small,7,tag_dreamlike,0.08599364012479782
ml_latest_small,7,tag_mafia,0.054142508655786514
ml_latest_small,7,tag_holocaust,0.08178804814815521
ml_latest_small,7,tag_disturbing,0.044749531894922256
ml_latest_small,7,tag_shakespeare,0.041335515677928925
ml_latest_small,7,tag_emotional,0.08555591851472855
ml_latest_small,7,tag_stephen_king,0.018752994015812874
ml_latest_small,7,tag_journalism,0.0625782459974289
ml_latest_small,7,tag_heist,0.01268498320132494
ml_latest_small,7,tag_classic,0.042009927332401276
ml_latest_small,7,tag_anime,0.028316717594861984
ml_latest_small,7,tag_satire,0.05579797551035881
ml_latest_small,7,tag_court,0.07773470878601074
ml_latest_small,7,tag_christmas,0.028205659240484238
ml_latest_small,7,tag_animation,0.04705321043729782
ml_latest_small,7,tag_imdb_top_250,0.07395228743553162
ml_latest_small,7,tag_comic_book,0.02988913469016552
ml_latest_small,7,tag_psychological,0.010200316086411476
ml_latest_small,7,tag_ghosts,0.08113914728164673
ml_latest_small,7,tag_bittersweet,0.003417619038373232
ml_latest_small,7,tag_adolescence,0.07985464483499527
ml_latest_small,7,tag_adultery,0.0383828729391098
ml_latest_small,7,tag_boxing,0.06029209867119789
ml_latest_small,7,tag_drugs,0.05531832575798035
ml_latest_small,7,tag_leonardo_dicaprio,0.06070898100733757
ml_latest_small,7,tag_post_apocalyptic,0.0362730510532856
ml_latest_small,7,tag_robots,9.99999993922529e-09
ml_latest_small,7,tag_cinematography,0.0542980432510376
ml_latest_small,7,tag_india,0.04394492134451866
ml_latest_small,7,tag_remake,0.03139571473002434
ml_latest_small,7,tag_england,0.013810399919748306
ml_latest_small,7,tag_australia,0.0904628187417984
ml_latest_small,7,tag_vietnam,0.06038284674286842
ml_latest_small,7,tag_philosophical,0.009130826219916344
ml_latest_small,7,tag_will_ferrell,0.023918516933918
ml_latest_small,7,tag_revenge,0.05187887325882912
ml_latest_small,7,tag_world_war_ii,9.99999993922529e-09
ml_latest_small,7,tag_adventure,0.035966672003269196
ml_latest_small,7,tag_stylized,0.06585754454135895
ml_latest_small,7,tag_mystery,0.055635303258895874
ml_latest_small,7,tag_murder,0.08876270055770874
ml_latest_small,7,tag_hallucinatory,0.017624305561184883
ml_latest_small,7,tag_military,0.05636559799313545
ml_latest_small,7,tag_tense,0.046399179846048355
ml_latest_small,7,tag_creepy,0.043946076184511185
ml_latest_small,7,tag_sexuality,0.0887516438961029
ml_latest_small,7,tag_racism,0.0006332682678475976
ml_latest_small,7,tag_heartwarming,0.056318249553442
ml_latest_small,7,tag_family,0.05195322260260582
ml_latest_small,7,tag_sequel,0.05038967356085777
ml_latest_small,7,tag_police,0.07336963713169098
ml_latest_small,7,tag_violence,0.0072647565975785255
ml_latest_small,7,tag_divorce,0.03646913170814514
ml_latest_small,7,tag_coen_brothers,0.08524910360574722
ml_latest_small,7,tag_martial_arts,0.024032028391957283
ml_latest_small,7,tag_serial_killer,0.03183790296316147
ml_latest_small,7,tag_animal_movie,0.08221589028835297
ml_latest_small,7,tag_movie_business,0.04071671515703201
ml_latest_small,7,tag_race,0.06972019374370575
ml_latest_small,7,tag_spoof,0.03610701486468315
ml_latest_small,7,tag_new_york,0.059120237827301025
ml_latest_small,7,tag_bad,0.038164522498846054
ml_latest_small,7,tag_beautiful,9.99999993922529e-09
ml_latest_small,7,tag_inspirational,0.0025054661091417074
ml_latest_small,7,tag_clever,0.01779123581945896
ml_latest_small,7,tag_witty,0.057795777916908264
ml_latest_small,7,tag_social_commentary,0.03734740987420082
ml_latest_small,7,tag_romance,0.06861770898103714
ml_latest_small,7,tag_predictable,0.0686885267496109
ml_latest_small,7,tag_quentin_tarantino,0.07881882786750793
ml_latest_small,7,tag_dark_humor,0.036612775176763535
ml_latest_small,7,tag_black_and_white,0.03244863450527191
ml_latest_small,7,tag_magic,0.005051407031714916
ml_latest_small,7,tag_cult_film,0.012492813169956207
ml_latest_small,7,tag_assassination,0.01861114799976349
ml_latest_small,7,tag_kidnapping,0.05387191101908684
ml_latest_small,7,tag_prostitution,9.99999993922529e-09
ml_latest_small,7,tag_disability,0.09077288210391998
ml_latest_small,7,tag_death,0.02775290608406067
ml_latest_small,7,tag_screwball,0.021175218746066093
ml_latest_small,7,tag_bible,0.019847238436341286
ml_latest_small,7,tag_intelligent,0.0189950093626976
ml_latest_small,7,tag_gritty,0.05914755165576935
ml_latest_small,7,tag_cerebral,0.06545831263065338
ml_latest_small,7,tag_wedding,0.07381535321474075
ml_latest_small,7,tag_fantasy,0.07717237621545792
ml_latest_small,7,tag_gothic,0.0776561051607132
ml_latest_small,7,tag_pixar,0.054624252021312714
ml_latest_small,7,tag_great_soundtrack,0.029216932132840157
ml_latest_small,7,tag_soundtrack,0.03738579899072647
ml_latest_small,7,tag_dystopia,0.07063034176826477
ml_latest_small,7,tag_visually_stunning,0.028714006766676903
ml_latest_small,7,tag_future,0.07148846238851547
ml_latest_small,7,tag_zombies,0.0875232070684433
ml_latest_small,7,tag_depressing,0.07685740292072296
ml_latest_small,7,tag_terrorism,0.012239626608788967
ml_latest_small,7,tag_pregnancy,0.07482852041721344
ml_latest_small,7,tag_twins,0.0722183957695961
ml_latest_small,7,tag_hit_men,0.02334468439221382
ml_latest_small,7,tag_men_in_drag,0.003995349630713463
ml_latest_small,7,tag_remade,0.07691945880651474
ml_latest_small,7,tag_gambling,0.04150427505373955
ml_latest_small,7,tag_television,0.07341000437736511
ml_latest_small,7,tag_astaire_and_rogers,0.03341972827911377
ml_latest_small,7,tag_nick_and_nora_charles,0.05131247639656067
ml_latest_small,7,tag_business,0.018370486795902252
ml_latest_small,7,tag_philosophy,0.03743691369891167
ml_latest_small,7,tag_touching,0.05985761433839798
ml_latest_small,7,tag_al_pacino,0.0725564956665039
ml_latest_small,7,tag_epic,0.07722693681716919
ml_latest_small,7,tag_dogs,0.06148405745625496
ml_latest_small,7,tag_adam_sandler,0.09072832763195038
ml_latest_small,7,tag_organized_crime,0.08961016684770584
ml_latest_small,7,tag_stylish,0.03697999194264412
ml_latest_small,7,tag_good_dialogue,0.020038193091750145
ml_latest_small,7,tag_brad_pitt,0.03424229845404625
ml_latest_small,7,tag_ben_stiller,0.06341056525707245
ml_latest_small,7,tag_africa,0.041777558624744415
ml_latest_small,7,tag_corruption,0.02069627121090889
ml_latest_small,7,tag_ryan_reynolds,9.99999993922529e-09
ml_latest_small,7,tag_thriller,0.061521220952272415
ml_latest_small,7,tag_sarcasm,0.08299797028303146
ml_latest_small,7,tag_based_on_a_book,0.03754530847072601
ml_latest_small,7,tag_humorous,9.99999993922529e-09
ml_latest_small,7,tag_friendship,0.0758206844329834
ml_latest_small,7,tag_artificial_intelligence,0.05803726986050606
ml_latest_small,7,tag_horror,0.011643505655229092
ml_latest_small,7,tag_paranoia,0.06595771014690399
ml_latest_small,7,tag_wizards,0.03964952379465103
ml_latest_small,7,tag_samurai,0.0905502438545227
ml_latest_small,7,tag_president,0.08226913958787918
ml_latest_small,7,tag_alcoholism,9.99999993922529e-09
ml_latest_small,7,tag_death_penalty,0.03833453729748726
ml_latest_small,7,tag_ireland,0.08142945170402527
ml_latest_small,7,tag_space_opera,0.003369579091668129
ml_latest_small,7,tag_marriage,0.0784483477473259
ml_latest_small,7,tag_cross_dressing,9.99999993922529e-09
ml_latest_small,7,tag_biopic,0.0090022012591362
ml_latest_small,7,tag_aardman,0.010610614903271198
ml_latest_small,7,tag_civil_war,0.052846893668174744
ml_latest_small,7,tag_amnesia,0.0824018120765686
ml_latest_small,7,tag_swashbuckler,0.07291519641876221
ml_latest_small,7,tag_homeless,0.0007964210817590356
ml_latest_small,7,tag_baseball,0.012667509727180004
ml_latest_small,7,tag_sports,0.016963128000497818
ml_latest_small,7,tag_lawyers,0.04225454106926918
ml_latest_small,7,tag_judaism,0.054204311221838
ml_latest_small,7,tag_dickens,0.031738054007291794
ml_latest_small,7,tag_jason,0.07894759625196457
ml_latest_small,7,tag_hepburn_and_tracy,0.025691943243145943
ml_latest_small,7,tag_unique,0.024321606382727623
ml_latest_small,7,tag_sad,9.99999993922529e-09
ml_latest_small,7,tag_fun,0.00760240713134408
ml_latest_small,7,tag_existentialism,0.06630931049585342
ml_latest_small,7,tag_poignant,0.06576913595199585
ml_latest_small,7,tag_martin_scorsese,0.04027017578482628
ml_latest_small,7,tag_true_story,0.035698071122169495
ml_latest_small,7,tag_tom_hanks,0.0055006989277899265
ml_latest_small,7,tag_violent,0.050449125468730927
ml_latest_small,7,tag_marvel,0.022230228409171104
ml_latest_small,7,tag_steve_carell,0.056176941841840744
ml_latest_small,7,tag_bad_plot,0.0362975150346756
ml_latest_small,7,tag_seth_rogen,0.07147256284952164
ml_latest_small,7,tag_samuel_l_jackson,0.0887858048081398
ml_latest_small,7,tag_plot_holes,0.003245861502364278
ml_latest_small,7,tag_survival,0.060762010514736176
ml_latest_small,7,tag_interesting,0.08578834682703018
ml_latest_small,7,tag_controversial,9.99999993922529e-09
ml_latest_small,7,tag_crude_humor,0.026888631284236908
ml_latest_small,7,tag_assassin,0.02885453775525093
ml_latest_small,7,tag_feel_good,0.026014138013124466
ml_latest_small,7,tag_hugh_jackman,0.07560441642999649
ml_latest_small,8,genre_action,0.0582151897251606
ml_latest_small,8,genre_adventure,0.08250028640031815
ml_latest_small,8,genre_animation,0.009007725864648819
ml_latest_small,8,genre_children,0.04218099266290665
ml_latest_small,8,genre_comedy,0.05336584150791168
ml_latest_small,8,genre_crime,0.012194360606372356
ml_latest_small,8,genre_documentary,0.008035501465201378
ml_latest_small,8,genre_drama,0.00616347836330533
ml_latest_small,8,genre_fantasy,9.99999993922529e-09
ml_latest_small,8,genre_film_noir,0.02514449693262577
ml_latest_small,8,genre_horror,0.031495075672864914
ml_latest_small,8,genre_imax,0.05696690455079079
ml_latest_small,8,genre_musical,0.022935515269637108
ml_latest_small,8,genre_mystery,0.03168502077460289
ml_latest_small,8,genre_no_genres_listed,0.08313138037919998
ml_latest_small,8,genre_romance,0.005480247084051371
ml_latest_small,8,genre_sci_fi,0.09391754120588303
ml_latest_small,8,genre_thriller,0.008664463646709919
ml_latest_small,8,genre_war,0.07606901973485947
ml_latest_small,8,genre_western,0.024580461904406548
ml_latest_small,8,tag_in_netflix_queue,0.06548672169446945
ml_latest_small,8,tag_atmospheric,0.05181204527616501
ml_latest_small,8,tag_thought_provoking,0.07604102790355682
ml_latest_small,8,tag_funny,0.0464976467192173
ml_latest_small,8,tag_superhero,0.05309762433171272
ml_latest_small,8,tag_surreal,0.07670164853334427
ml_latest_small,8,tag_sci_fi,0.04952671378850937
ml_latest_small,8,tag_disney,0.01863601617515087
ml_latest_small,8,tag_quirky,0.08306078612804413
ml_latest_small,8,tag_religion,0.07580546289682388
ml_latest_small,8,tag_dark_comedy,0.004133925307542086
ml_latest_small,8,tag_suspense,0.012512749060988426
ml_latest_small,8,tag_psychology,0.015479624271392822
ml_latest_small,8,tag_twist_ending,0.0769149661064148
ml_latest_small,8,tag_visually_appealing,0.030169187113642693
ml_latest_small,8,tag_comedy,0.0019002413609996438
ml_latest_small,8,tag_politics,0.010646765120327473
ml_latest_small,8,tag_crime,9.99999993922529e-09
ml_latest_small,8,tag_time_travel,0.06242914870381355
ml_latest_small,8,tag_music,0.0483451783657074
ml_latest_small,8,tag_dark,0.05844932794570923
ml_latest_small,8,tag_action,0.0046235485933721066
ml_latest_small,8,tag_high_school,0.09159591794013977
ml_latest_small,8,tag_mental_illness,0.016518423333764076
ml_latest_small,8,tag_mindfuck,0.08960969001054764
ml_latest_small,8,tag_aliens,0.002488500904291868
ml_latest_small,8,tag_black_comedy,0.0014717677840963006
ml_latest_small,8,tag_space,0.02639102376997471
ml_latest_small,8,tag_dreamlike,0.07221005856990814
ml_latest_small,8,tag_mafia,0.018276646733283997
ml_latest_small,8,tag_holocaust,0.08988749235868454
ml_latest_small,8,tag_disturbing,0.08630474656820297
ml_latest_small,8,tag_shakespeare,0.029514100402593613
ml_latest_small,8,tag_emotional,0.010687011294066906
ml_latest_small,8,tag_stephen_king,0.05897587537765503
ml_latest_small,8,tag_journalism,0.026592424139380455
ml_latest_small,8,tag_heist,0.07755688577890396
ml_latest_small,8,tag_classic,0.05620850622653961
ml_latest_small,8,tag_anime,0.019819319248199463
ml_latest_small,8,tag_satire,0.08866263926029205
ml_latest_small,8,tag_court,0.009841888211667538
ml_latest_small,8,tag_christmas,0.04028518125414848
ml_latest_small,8,tag_animation,0.018221616744995117
ml_latest_small,8,tag_imdb_top_250,0.0556684210896492
ml_latest_small,8,tag_comic_book,0.07660826295614243
ml_latest_small,8,tag_psychological,0.05511350557208061
ml_latest_small,8,tag_ghosts,0.09051556885242462
ml_latest_small,8,tag_bittersweet,0.07283885776996613
ml_latest_small,8,tag_adolescence,0.01114153303205967
ml_latest_small,8,tag_adultery,0.05866406857967377
ml_latest_small,8,tag_boxing,0.08158686757087708
ml_latest_small,8,tag_drugs,0.047375164926052094
ml_latest_small,8,tag_leonardo_dicaprio,0.07022219151258469
ml_latest_small,8,tag_post_apocalyptic,0.019077138975262642
ml_latest_small,8,tag_robots,0.09145807474851608
ml_latest_small,8,tag_cinematography,0.07281945645809174
ml_latest_small,8,tag_india,0.005097053479403257
ml_latest_small,8,tag_remake,0.05796102434396744
ml_latest_small,8,tag_england,0.06918898969888687
ml_latest_small,8,tag_australia,0.061730220913887024
ml_latest_small,8,tag_vietnam,0.03186823055148125
ml_latest_small,8,tag_philosophical,0.08853980153799057
ml_latest_small,8,tag_will_ferrell,0.005991710815578699
ml_latest_small,8,tag_revenge,0.0053340676240623
ml_latest_small,8,tag_world_war_ii,0.013940774835646152
ml_latest_small,8,tag_adventure,0.08472724258899689
ml_latest_small,8,tag_stylized,0.00673924433067441
ml_latest_small,8,tag_mystery,0.060558415949344635
ml_latest_small,8,tag_murder,0.06862340867519379
ml_latest_small,8,tag_hallucinatory,0.056421589106321335
ml_latest_small,8,tag_military,0.011480334214866161
ml_latest_small,8,tag_tense,0.04364699497818947
ml_latest_small,8,tag_creepy,0.049893226474523544
ml_latest_small,8,tag_sexuality,9.99999993922529e-09
ml_latest_small,8,tag_racism,0.00114949862472713
ml_latest_small,8,tag_heartwarming,0.001742368214763701
ml_latest_small,8,tag_family,0.04216395318508148
ml_latest_small,8,tag_sequel,0.020995164290070534
ml_latest_small,8,tag_police,0.012805500067770481
ml_latest_small,8,tag_violence,0.028534626588225365
ml_latest_small,8,tag_divorce,0.04099440574645996
ml_latest_small,8,tag_coen_brothers,0.053220536559820175
ml_latest_small,8,tag_martial_arts,0.02932886779308319
ml_latest_small,8,tag_serial_killer,0.037602800875902176
ml_latest_small,8,tag_animal_movie,0.02836197055876255
ml_latest_small,8,tag_movie_business,0.010913904756307602
ml_latest_small,8,tag_race,0.07060432434082031
ml_latest_small,8,tag_spoof,0.026077888906002045
ml_latest_small,8,tag_new_york,0.0009247565758414567
ml_latest_small,8,tag_bad,0.02769816294312477
ml_latest_small,8,tag_beautiful,0.051538173109292984
ml_latest_small,8,tag_inspirational,0.0830594152212143
ml_latest_small,8,tag_clever,0.0836188942193985
ml_latest_small,8,tag_witty,0.044523369520902634
ml_latest_small,8,tag_social_commentary,0.0010204213904216886
ml_latest_small,8,tag_romance,0.0009197575272992253
ml_latest_small,8,tag_predictable,0.0604122020304203
ml_latest_small,8,tag_quentin_tarantino,0.0820949450135231
ml_latest_small,8,tag_dark_humor,0.05058547854423523
ml_latest_small,8,tag_black_and_white,0.04709259048104286
ml_latest_small,8,tag_magic,9.99999993922529e-09
ml_latest_small,8,tag_cult_film,0.03592616319656372
ml_latest_small,8,tag_assassination,0.02728329971432686
ml_latest_small,8,tag_kidnapping,9.891636727843434e-05
ml_latest_small,8,tag_prostitution,0.01755104772746563
ml_latest_small,8,tag_disability,0.08159981667995453
ml_latest_small,8,tag_death,0.02238881029188633
ml_latest_small,8,tag_screwball,0.017909498885273933
ml_latest_small,8,tag_bible,0.00014912153710611165
ml_latest_small,8,tag_intelligent,0.029285242781043053
ml_latest_small,8,tag_gritty,0.018099235370755196
ml_latest_small,8,tag_cerebral,0.04556320607662201
ml_latest_small,8,tag_wedding,0.0837908610701561
ml_latest_small,8,tag_fantasy,0.0496138297021389
ml_latest_small,8,tag_gothic,9.99999993922529e-09
ml_latest_small,8,tag_pixar,0.06581682711839676
ml_latest_small,8,tag_great_soundtrack,0.03029051423072815
ml_latest_small,8,tag_soundtrack,0.05700968578457832
ml_latest_small,8,tag_dystopia,0.04199115186929703
ml_latest_small,8,tag_visually_stunning,0.058078743517398834
ml_latest_small,8,tag_future,0.09061986953020096
ml_latest_small,8,tag_zombies,0.060045305639505386
ml_latest_small,8,tag_depressing,0.06780041009187698
ml_latest_small,8,tag_terrorism,9.99999993922529e-09
ml_latest_small,8,tag_pregnancy,0.06741123646497726
ml_latest_small,8,tag_twins,0.0563361756503582
ml_latest_small,8,tag_hit_men,0.005735053215175867
ml_latest_small,8,tag_men_in_drag,0.0036112170200794935
ml_latest_small,8,tag_remade,0.052603401243686676
ml_latest_small,8,tag_gambling,0.08934038132429123
ml_latest_small,8,tag_television,0.07531722635030746
ml_latest_small,8,tag_astaire_and_rogers,0.08172938227653503
ml_latest_small,8,tag_nick_and_nora_charles,0.08676949888467789
ml_latest_small,8,tag_business,0.005825818050652742
ml_latest_small,8,tag_philosophy,0.007160325068980455
ml_latest_small,8,tag_touching,0.07661626487970352
ml_latest_small,8,tag_al_pacino,9.99999993922529e-09
ml_latest_small,8,tag_epic,0.07470376789569855
ml_latest_small,8,tag_dogs,0.08189476281404495
ml_latest_small,8,tag_adam_sandler,0.08133845031261444
ml_latest_small,8,tag_organized_crime,0.0787346214056015
ml_latest_small,8,tag_stylish,0.02701394632458687
ml_latest_small,8,tag_good_dialogue,0.07303743809461594
ml_latest_small,8,tag_brad_pitt,0.02249542810022831
ml_latest_small,8,tag_ben_stiller,0.07254786044359207
ml_latest_small,8,tag_africa,0.06629247218370438
ml_latest_small,8,tag_corruption,0.07547149807214737
ml_latest_small,8,tag_ryan_reynolds,0.020375307649374008
ml_latest_small,8,tag_thriller,0.08580755442380905
ml_latest_small,8,tag_sarcasm,0.006034548394382
ml_latest_small,8,tag_based_on_a_book,0.07953477650880814
ml_latest_small,8,tag_humorous,0.024708468466997147
ml_latest_small,8,tag_friendship,0.07758720219135284
ml_latest_small,8,tag_artificial_intelligence,0.03286352753639221
ml_latest_small,8,tag_horror,0.0491676963865757
ml_latest_small,8,tag_paranoia,0.027418747544288635
ml_latest_small,8,tag_wizards,0.03558528795838356
ml_latest_small,8,tag_samurai,0.004090300295501947
ml_latest_small,8,tag_president,0.02138044685125351
ml_latest_small,8,tag_alcoholism,0.07889527827501297
ml_latest_small,8,tag_death_penalty,0.07147268950939178
ml_latest_small,8,tag_ireland,0.01795293390750885
ml_latest_small,8,tag_space_opera,0.08259855955839157
ml_latest_small,8,tag_marriage,0.03054981119930744
ml_latest_small,8,tag_cross_dressing,0.08514873683452606
ml_latest_small,8,tag_biopic,0.06479354202747345
ml_latest_small,8,tag_aardman,0.02382516674697399
ml_latest_small,8,tag_civil_war,0.07230812311172485
ml_latest_small,8,tag_amnesia,0.0557878203690052
ml_latest_small,8,tag_swashbuckler,0.006376694422215223
ml_latest_small,8,tag_homeless,0.07234513014554977
ml_latest_small,8,tag_baseball,0.003882837016135454
ml_latest_small,8,tag_sports,0.027085330337285995
ml_latest_small,8,tag_lawyers,0.06238090619444847
ml_latest_small,8,tag_judaism,0.07514040917158127
ml_latest_small,8,tag_dickens,0.08084271103143692
ml_latest_small,8,tag_jason,0.055151406675577164
ml_latest_small,8,tag_hepburn_and_tracy,0.006630112882703543
ml_latest_small,8,tag_unique,0.004530631471425295
ml_latest_small,8,tag_sad,0.08475812524557114
ml_latest_small,8,tag_fun,0.04785795882344246
ml_latest_small,8,tag_existentialism,0.030133845284581184
ml_latest_small,8,tag_poignant,0.011780159547924995
ml_latest_small,8,tag_martin_scorsese,0.0756254494190216
ml_latest_small,8,tag_true_story,0.008328288793563843
ml_latest_small,8,tag_tom_hanks,0.010853320360183716
ml_latest_small,8,tag_violent,0.06867402791976929
ml_latest_small,8,tag_marvel,0.08384118974208832
ml_latest_small,8,tag_steve_carell,0.06408099085092545
ml_latest_small,8,tag_bad_plot,0.05158812552690506
ml_latest_small,8,tag_seth_rogen,0.008248775266110897
ml_latest_small,8,tag_samuel_l_jackson,0.026102179661393166
ml_latest_small,8,tag_plot_holes,0.034171734005212784
ml_latest_small,8,tag_survival,0.0207277350127697
ml_latest_small,8,tag_interesting,0.0029911452438682318
ml_latest_small,8,tag_controversial,0.08817695826292038
ml_latest_small,8,tag_crude_humor,0.07987163960933685
ml_latest_small,8,tag_assassin,9.99999993922529e-09
ml_latest_small,8,tag_feel_good,0.004744478035718203
ml_latest_small,8,tag_hugh_jackman,0.07804860174655914
ml_latest_small,9,genre_action,0.06778240948915482
ml_latest_small,9,genre_adventure,0.049744267016649246
ml_latest_small,9,genre_animation,0.04719700291752815
ml_latest_small,9,genre_children,0.08884099125862122
ml_latest_small,9,genre_comedy,0.07142018526792526
ml_latest_small,9,genre_crime,0.05389516428112984
ml_latest_small,9,genre_documentary,0.0919790118932724
ml_latest_small,9,genre_drama,0.06162523105740547
ml_latest_small,9,genre_fantasy,0.07307442277669907
ml_latest_small,9,genre_film_noir,0.0886971578001976
ml_latest_small,9,genre_horror,0.05553330481052399
ml_latest_small,9,genre_imax,0.055839311331510544
ml_latest_small,9,genre_musical,0.03516262024641037
ml_latest_small,9,genre_mystery,0.006629671901464462
ml_latest_small,9,genre_no_genres_listed,0.09071504324674606
ml_latest_small,9,genre_romance,0.017294546589255333
ml_latest_small,9,genre_sci_fi,0.06689739972352982
ml_latest_small,9,genre_thriller,0.005735623184591532
ml_latest_small,9,genre_war,0.03988979384303093
ml_latest_small,9,genre_western,0.07106276601552963
ml_latest_small,9,tag_in_netflix_queue,9.99999993922529e-09
ml_latest_small,9,tag_atmospheric,0.055728763341903687
ml_latest_small,9,tag_thought_provoking,0.03242333233356476
ml_latest_small,9,tag_funny,0.07430218160152435
ml_latest_small,9,tag_superhero,0.0043774936348199844
ml_latest_small,9,tag_surreal,0.047230664640665054
ml_latest_small,9,tag_sci_fi,0.07153278589248657
ml_latest_small,9,tag_disney,0.07779824733734131
ml_latest_small,9,tag_quirky,0.022614184767007828
ml_latest_small,9,tag_religion,0.011170870624482632
ml_latest_small,9,tag_dark_comedy,0.05936311185359955
ml_latest_small,9,tag_suspense,0.09067226946353912
ml_latest_small,9,tag_psychology,0.05648430436849594
ml_latest_small,9,tag_twist_ending,0.040184345096349716
ml_latest_small,9,tag_visually_appealing,0.0275834072381258
ml_latest_small,9,tag_comedy,0.020928209647536278
ml_latest_small,9,tag_politics,0.003946885000914335
ml_latest_small,9,tag_crime,0.060853347182273865
ml_latest_small,9,tag_time_travel,0.010103504173457623
ml_latest_small,9,tag_music,0.051293469965457916
ml_latest_small,9,tag_dark,0.07401317358016968
ml_latest_small,9,tag_action,0.0862724632024765
ml_latest_small,9,tag_high_school,0.02078116498887539
ml_latest_small,9,tag_mental_illness,0.054573800414800644
ml_latest_small,9,tag_mindfuck,0.08343272656202316
ml_latest_small,9,tag_aliens,0.00012602021161001176
ml_latest_small,9,tag_black_comedy,0.08143626153469086
ml_latest_small,9,tag_space,0.059542216360569
ml_latest_small,9,tag_dreamlike,0.027450531721115112
ml_latest_small,9,tag_mafia,0.09111975133419037
ml_latest_small,9,tag_holocaust,0.06496314704418182
ml_latest_small,9,tag_disturbing,0.021977253258228302
ml_latest_small,9,tag_shakespeare,0.04615502431988716
ml_latest_small,9,tag_emotional,0.06695938110351562
ml_latest_small,9,tag_stephen_king,0.051765501499176025
ml_latest_small,9,tag_journalism,0.07987526804208755
ml_latest_small,9,tag_heist,0.08476798981428146
ml_latest_small,9,tag_classic,0.08936509490013123
ml_latest_small,9,tag_anime,0.0341828353703022
ml_latest_small,9,tag_satire,0.08263006061315536
ml_latest_small,9,tag_court,9.99999993922529e-09
ml_latest_small,9,tag_christmas,0.08312007039785385
ml_latest_small,9,tag_animation,0.08462323993444443
ml_latest_small,9,tag_imdb_top_250,0.0708741620182991
ml_latest_small,9,tag_comic_book,0.042904727160930634
ml_latest_small,9,tag_psychological,0.014784774743020535
ml_latest_small,9,tag_ghosts,0.08444523066282272
ml_latest_small,9,tag_bittersweet,0.017625778913497925
ml_latest_small,9,tag_adolescence,0.0441569946706295
ml_latest_small,9,tag_adultery,0.056354131549596786
ml_latest_small,9,tag_boxing,9.99999993922529e-09
ml_latest_small,9,tag_drugs,0.07377565652132034
ml_latest_small,9,tag_leonardo_dicaprio,0.006267820950597525
ml_latest_small,9,tag_post_apocalyptic,0.02633681520819664
ml_latest_small,9,tag_robots,0.08881860971450806
ml_latest_small,9,tag_cinematography,0.06206938624382019
ml_latest_small,9,tag_india,9.99999993922529e-09
ml_latest_small,9,tag_remake,0.0371871180832386
ml_latest_small,9,tag_england,0.07462897151708603
ml_latest_small,9,tag_australia,0.07835156470537186
ml_latest_small,9,tag_vietnam,0.09025120735168457
ml_latest_small,9,tag_philosophical,0.006544145755469799
ml_latest_small,9,tag_will_ferrell,0.0730736181139946
ml_latest_small,9,tag_revenge,0.060479383915662766
ml_latest_small,9,tag_world_war_ii,0.04153622314333916
ml_latest_small,9,tag_adventure,0.03464897722005844
ml_latest_small,9,tag_stylized,0.07512909173965454
ml_latest_small,9,tag_mystery,0.052201248705387115
ml_latest_small,9,tag_murder,0.007309037260711193
ml_latest_small,9,tag_hallucinatory,0.010180187411606312
ml_latest_small,9,tag_military,0.0806283950805664
ml_latest_small,9,tag_tense,0.05132384970784187
ml_latest_small,9,tag_creepy,0.08826074004173279
ml_latest_small,9,tag_sexuality,0.03287819027900696
ml_latest_small,9,tag_racism,0.05778155103325844
ml_latest_small,9,tag_heartwarming,0.06404498964548111
ml_latest_small,9,tag_family,9.99999993922529e-09
ml_latest_small,9,tag_sequel,0.037035491317510605
ml_latest_small,9,tag_police,0.03587085381150246
ml_latest_small,9,tag_violence,0.02186688408255577
ml_latest_small,9,tag_divorce,0.0844162330031395
ml_latest_small,9,tag_coen_brothers,0.09100551903247833
ml_latest_small,9,tag_martial_arts,0.05172346904873848
ml_latest_small,9,tag_serial_killer,9.99999993922529e-09
ml_latest_small,9,tag_animal_movie,0.061960455030202866
ml_latest_small,9,tag_movie_business,0.0024162884801626205
ml_latest_small,9,tag_race,9.99999993922529e-09
ml_latest_small,9,tag_spoof,0.07278641313314438
ml_latest_small,9,tag_new_york,0.01960105448961258
ml_latest_small,9,tag_bad,0.0027102897875010967
ml_latest_small,9,tag_beautiful,0.08945819735527039
ml_latest_small,9,tag_inspirational,9.99999993922529e-09
ml_latest_small,9,tag_clever,0.033966317772865295
ml_latest_small,9,tag_witty,9.99999993922529e-09
ml_latest_small,9,tag_social_commentary,0.00639135017991066
ml_latest_small,9,tag_romance,0.006658841390162706
ml_latest_small,9,tag_predictable,0.014312139712274075
ml_latest_small,9,tag_quentin_tarantino,0.018902182579040527
ml_latest_small,9,tag_dark_humor,0.04280370846390724
ml_latest_small,9,tag_black_and_white,0.08795972168445587
ml_latest_small,9,tag_magic,0.05306883156299591
ml_latest_small,9,tag_cult_film,0.022304469719529152
ml_latest_small,9,tag_assassination,0.04837191104888916
ml_latest_small,9,tag_kidnapping,0.08428477495908737
ml_latest_small,9,tag_prostitution,0.0863790288567543
ml_latest_small,9,tag_disability,0.06582272052764893
ml_latest_small,9,tag_death,0.09092238545417786
ml_latest_small,9,tag_screwball,0.02358519658446312
ml_latest_small,9,tag_bible,0.010898076929152012
ml_latest_small,9,tag_intelligent,0.02799145318567753
ml_latest_small,9,tag_gritty,0.0046546487137675285
ml_latest_small,9,tag_cerebral,0.0018402686109766364
ml_latest_small,9,tag_wedding,0.0415010005235672
ml_latest_small,9,tag_fantasy,0.03809082880616188
ml_latest_small,9,tag_gothic,0.07878157496452332
ml_latest_small,9,tag_pixar,0.08660312741994858
ml_latest_small,9,tag_great_soundtrack,0.06890257447957993
ml_latest_small,9,tag_soundtrack,0.026151107624173164
ml_latest_small,9,tag_dystopia,9.99999993922529e-09
ml_latest_small,9,tag_visually_stunning,0.00962623581290245
ml_latest_small,9,tag_future,0.06335828453302383
ml_latest_small,9,tag_zombies,0.06824762374162674
ml_latest_small,9,tag_depressing,0.08590231835842133
ml_latest_small,9,tag_terrorism,0.025467077270150185
ml_latest_small,9,tag_pregnancy,0.056652165949344635
ml_latest_small,9,tag_twins,0.014214021153748035
ml_latest_small,9,tag_hit_men,0.07871770858764648
ml_latest_small,9,tag_men_in_drag,0.011654050089418888
ml_latest_small,9,tag_remade,9.99999993922529e-09
ml_latest_small,9,tag_gambling,0.07963874191045761
ml_latest_small,9,tag_television,0.02569841779768467
ml_latest_small,9,tag_astaire_and_rogers,0.009566744789481163
ml_latest_small,9,tag_nick_and_nora_charles,0.05513094738125801
ml_latest_small,9,tag_business,0.08373573422431946
ml_latest_small,9,tag_philosophy,0.05018514394760132
ml_latest_small,9,tag_touching,0.07212778925895691
ml_latest_small,9,tag_al_pacino,0.02410522848367691
ml_latest_small,9,tag_epic,0.08992315083742142
ml_latest_small,9,tag_dogs,0.06570237874984741
ml_latest_small,9,tag_adam_sandler,0.0184074304997921
ml_latest_small,9,tag_organized_crime,0.04806344956159592
ml_latest_small,9,tag_stylish,0.052822295576334
ml_latest_small,9,tag_good_dialogue,0.07098960876464844
ml_latest_small,9,tag_brad_pitt,0.06330546736717224
ml_latest_small,9,tag_ben_stiller,0.06807561963796616
ml_latest_small,9,tag_africa,0.06437328457832336
ml_latest_small,9,tag_corruption,0.006192769855260849
ml_latest_small,9,tag_ryan_reynolds,0.06886859238147736
ml_latest_small,9,tag_thriller,0.051335930824279785
ml_latest_small,9,tag_sarcasm,0.0836964026093483
ml_latest_small,9,tag_based_on_a_book,0.06831534206867218
ml_latest_small,9,tag_humorous,0.0005583971505984664
ml_latest_small,9,tag_friendship,0.07871033996343613
ml_latest_small,9,tag_artificial_intelligence,0.08161964267492294
ml_latest_small,9,tag_horror,9.99999993922529e-09
ml_latest_small,9,tag_paranoia,0.08052472025156021
ml_latest_small,9,tag_wizards,0.07959423959255219
ml_latest_small,9,tag_samurai,0.06652753800153732
ml_latest_small,9,tag_president,0.06182380020618439
ml_latest_small,9,tag_alcoholism,0.07975194603204727
ml_latest_small,9,tag_death_penalty,0.08406645804643631
ml_latest_small,9,tag_ireland,0.0453249029815197
ml_latest_small,9,tag_space_opera,0.06134284287691116
ml_latest_small,9,tag_marriage,0.059368111193180084
ml_latest_small,9,tag_cross_dressing,0.023128125816583633
ml_latest_small,9,tag_biopic,0.06747529655694962
ml_latest_small,9,tag_aardman,0.0584816113114357
ml_latest_small,9,tag_civil_war,0.0409557968378067
ml_latest_small,9,tag_amnesia,0.08727049827575684
ml_latest_small,9,tag_swashbuckler,0.0769195631146431
ml_latest_small,9,tag_homeless,0.08213412761688232
ml_latest_small,9,tag_baseball,0.05885512754321098
ml_latest_small,9,tag_sports,0.05755079165101051
ml_latest_small,9,tag_lawyers,9.99999993922529e-09
ml_latest_small,9,tag_judaism,0.030352598056197166
ml_latest_small,9,tag_dickens,0.03486248850822449
ml_latest_small,9,tag_jason,0.019101480022072792
ml_latest_small,9,tag_hepburn_and_tracy,0.07088697701692581
ml_latest_small,9,tag_unique,0.06223943084478378
ml_latest_small,9,tag_sad,0.0008002531249076128
ml_latest_small,9,tag_fun,0.00995283480733633
ml_latest_small,9,tag_existentialism,0.05692814290523529
ml_latest_small,9,tag_poignant,0.08797639608383179
ml_latest_small,9,tag_martin_scorsese,0.07677071541547775
ml_latest_small,9,tag_true_story,0.03044416941702366
ml_latest_small,9,tag_tom_hanks,0.05285954102873802
ml_latest_small,9,tag_violent,9.99999993922529e-09
ml_latest_small,9,tag_marvel,0.06151566281914711
ml_latest_small,9,tag_steve_carell,0.003418023930862546
ml_latest_small,9,tag_bad_plot,0.02802184782922268
ml_latest_small,9,tag_seth_rogen,0.03412039205431938
ml_latest_small,9,tag_samuel_l_jackson,0.0918799638748169
ml_latest_small,9,tag_plot_holes,0.08632408827543259
ml_latest_small,9,tag_survival,0.042687978595495224
ml_latest_small,9,tag_interesting,0.012161917053163052
ml_latest_small,9,tag_controversial,0.087348572909832
ml_latest_small,9,tag_crude_humor,0.03513941541314125
ml_latest_small,9,tag_assassin,0.07881549745798111
ml_latest_small,9,tag_feel_good,0.06522812694311142
ml_latest_small,9,tag_hugh_jackman,0.04086538776755333
ml_latest_small,10,genre_action,9.99999993922529e-09
ml_latest_small,10,genre_adventure,0.06988310813903809
ml_latest_small,10,genre_animation,0.015527045354247093
ml_latest_small,10,genre_children,0.05459333956241608
ml_latest_small,10,genre_comedy,0.04488278552889824
ml_latest_small,10,genre_crime,0.003015519818291068
ml_latest_small,10,genre_documentary,0.06862843781709671
ml_latest_small,10,genre_drama,0.08663318306207657
ml_latest_small,10,genre_fantasy,0.07711724936962128
ml_latest_small,10,genre_film_noir,0.03365401551127434
ml_latest_small,10,genre_horror,0.09259007126092911
ml_latest_small,10,genre_imax,9.99999993922529e-09
ml_latest_small,10,genre_musical,0.027900755405426025
ml_latest_small,10,genre_mystery,0.06526463478803635
ml_latest_small,10,genre_no_genres_listed,0.023836635053157806
ml_latest_small,10,genre_romance,0.0498175211250782
ml_latest_small,10,genre_sci_fi,0.029489479959011078
ml_latest_small,10,genre_thriller,0.005791910458356142
ml_latest_small,10,genre_war,0.006605419330298901
ml_latest_small,10,genre_western,0.08355842530727386
ml_latest_small,10,tag_in_netflix_queue,0.03065512515604496
ml_latest_small,10,tag_atmospheric,0.02140594646334648
ml_latest_small,10,tag_thought_provoking,0.08215179294347763
ml_latest_small,10,tag_funny,0.07865597307682037
ml_latest_small,10,tag_superhero,0.013844284228980541
ml_latest_small,10,tag_surreal,9.99999993922529e-09
ml_latest_small,10,tag_sci_fi,0.050632815808057785
ml_latest_small,10,tag_disney,0.06716811656951904
ml_latest_small,10,tag_quirky,0.0826234444975853
ml_latest_small,10,tag_religion,0.048942551016807556
ml_latest_small,10,tag_dark_comedy,0.06869802623987198
ml_latest_small,10,tag_suspense,0.012739577330648899
ml_latest_small,10,tag_psychology,0.07391533255577087
ml_latest_small,10,tag_twist_ending,9.99999993922529e-09
ml_latest_small,10,tag_visually_appealing,0.03159302845597267
ml_latest_small,10,tag_comedy,0.08861423283815384
ml_latest_small,10,tag_politics,0.02519970014691353
ml_latest_small,10,tag_crime,0.08672071248292923
ml_latest_small,10,tag_time_travel,0.05368514731526375
ml_latest_small,10,tag_music,0.07896830886602402
ml_latest_small,10,tag_dark,0.005462747998535633
ml_latest_small,10,tag_action,0.043148040771484375
ml_latest_small,10,tag_high_school,9.99999993922529e-09
ml_latest_small,10,tag_mental_illness,0.059038154780864716
ml_latest_small,10,tag_mindfuck,0.054779358208179474
ml_latest_small,10,tag_aliens,0.0618855319917202
ml_latest_small,10,tag_black_comedy,0.07014192640781403
ml_latest_small,10,tag_space,9.99999993922529e-09
ml_latest_small,10,tag_dreamlike,0.08281493932008743
ml_latest_small,10,tag_mafia,0.08020876348018646
ml_latest_small,10,tag_holocaust,0.028058258816599846
ml_latest_small,10,tag_disturbing,0.04475238174200058
ml_latest_small,10,tag_shakespeare,0.02030986361205578
ml_latest_small,10,tag_emotional,0.030054517090320587
ml_latest_small,10,tag_stephen_king,0.023656995967030525
ml_latest_small,10,tag_journalism,0.05582199618220329
ml_latest_small,10,tag_heist,0.047563984990119934
ml_latest_small,10,tag_classic,0.041406210511922836
ml_latest_small,10,tag_anime,0.013064966537058353
ml_latest_small,10,tag_satire,0.047501496970653534
ml_latest_small,10,tag_court,0.042868927121162415
ml_latest_small,10,tag_christmas,0.08249980211257935
ml_latest_small,10,tag_animation,0.032090362161397934
ml_latest_small,10,tag_imdb_top_250,0.02703312784433365
ml_latest_small,10,tag_comic_book,0.021125059574842453
ml_latest_small,10,tag_psychological,0.025621658191084862
ml_latest_small,10,tag_ghosts,0.014535019174218178
ml_latest_small,10,tag_bittersweet,0.03420662879943848
ml_latest_small,10,tag_adolescence,0.0754576325416565
ml_latest_small,10,tag_adultery,0.05877593904733658
ml_latest_small,10,tag_boxing,0.026010172441601753
ml_latest_small,10,tag_drugs,0.016811296343803406
ml_latest_small,10,tag_leonardo_dicaprio,0.027245115488767624
ml_latest_small,10,tag_post_apocalyptic,0.024215469136834145
ml_latest_small,10,tag_robots,0.08213485777378082
ml_latest_small,10,tag_cinematography,0.003884589998051524
ml_latest_small,10,tag_india,0.027338139712810516
ml_latest_small,10,tag_remake,0.09123453497886658
ml_latest_small,10,tag_england,0.020834412425756454
ml_latest_small,10,tag_australia,0.05882823094725609
ml_latest_small,10,tag_vietnam,0.008037685416638851
ml_latest_small,10,tag_philosophical,0.01770089566707611
ml_latest_small,10,tag_will_ferrell,0.0873037651181221
ml_latest_small,10,tag_revenge,0.04955822974443436
ml_latest_small,10,tag_world_war_ii,0.08359597623348236
ml_latest_small,10,tag_adventure,0.019372643902897835
ml_latest_small,10,tag_stylized,0.020522933453321457
ml_latest_small,10,tag_mystery,0.050176896154880524
ml_latest_small,10,tag_murder,0.009301839396357536
ml_latest_small,10,tag_hallucinatory,0.0654287040233612
ml_latest_small,10,tag_military,0.007836287841200829
ml_latest_small,10,tag_tense,0.017092520371079445
ml_latest_small,10,tag_creepy,0.0561370886862278
ml_latest_small,10,tag_sexuality,0.09163284301757812
ml_latest_small,10,tag_racism,0.02343830093741417
ml_latest_small,10,tag_heartwarming,0.041397955268621445
ml_latest_small,10,tag_family,0.0707128643989563
ml_latest_small,10,tag_sequel,0.022431841120123863
ml_latest_small,10,tag_police,9.99999993922529e-09
ml_latest_small,10,tag_violence,0.04105319082736969
ml_latest_small,10,tag_divorce,9.99999993922529e-09
ml_latest_small,10,tag_coen_brothers,0.0479876846075058
ml_latest_small,10,tag_martial_arts,9.99999993922529e-09
ml_latest_small,10,tag_serial_killer,0.07434148341417313
ml_latest_small,10,tag_animal_movie,0.050277892500162125
ml_latest_small,10,tag_movie_business,0.01991203799843788
ml_latest_small,10,tag_race,0.07814979553222656
ml_latest_small,10,tag_spoof,0.00803145207464695
ml_latest_small,10,tag_new_york,0.0781145915389061
ml_latest_small,10,tag_bad,0.06586451828479767
ml_latest_small,10,tag_beautiful,0.015677811577916145
ml_latest_small,10,tag_inspirational,0.009500673972070217
ml_latest_small,10,tag_clever,0.0095342006534338
ml_latest_small,10,tag_witty,0.027460044249892235
ml_latest_small,10,tag_social_commentary,0.030344970524311066
ml_latest_small,10,tag_romance,0.07952811568975449
ml_latest_small,10,tag_predictable,0.03597260266542435
ml_latest_small,10,tag_quentin_tarantino,0.040160320699214935
ml_latest_small,10,tag_dark_humor,0.02909999154508114
ml_latest_small,10,tag_black_and_white,0.08410211652517319
ml_latest_small,10,tag_magic,0.06519568711519241
ml_latest_small,10,tag_cult_film,0.03230879083275795
ml_latest_small,10,tag_assassination,0.021901432424783707
ml_latest_small,10,tag_kidnapping,0.053318627178668976
ml_latest_small,10,tag_prostitution,0.04322080686688423
ml_latest_small,10,tag_disability,0.07943609356880188
ml_latest_small,10,tag_death,0.08618221431970596
ml_latest_small,10,tag_screwball,0.05417487770318985
ml_latest_small,10,tag_bible,0.060150146484375
ml_latest_small,10,tag_intelligent,0.04775528982281685
ml_latest_small,10,tag_gritty,0.005394588224589825
ml_latest_small,10,tag_cerebral,0.05440349504351616
ml_latest_small,10,tag_wedding,0.03462030738592148
ml_latest_small,10,tag_fantasy,0.05531913787126541
ml_latest_small,10,tag_gothic,0.02640531025826931
ml_latest_small,10,tag_pixar,0.01074617076665163
ml_latest_small,10,tag_great_soundtrack,0.0821271613240242
ml_latest_small,10,tag_soundtrack,0.05420251935720444
ml_latest_small,10,tag_dystopia,0.08407652378082275
ml_latest_small,10,tag_visually_stunning,0.04953073710203171
ml_latest_small,10,tag_future,0.02949211187660694
ml_latest_small,10,tag_zombies,0.04008493572473526
ml_latest_small,10,tag_depressing,9.99999993922529e-09
ml_latest_small,10,tag_terrorism,9.99999993922529e-09
ml_latest_small,10,tag_pregnancy,0.05841486155986786
ml_latest_small,10,tag_twins,0.0035981591790914536
ml_latest_small,10,tag_hit_men,0.06465758383274078
ml_latest_small,10,tag_men_in_drag,0.07185680419206619
ml_latest_small,10,tag_remade,0.03850411996245384
ml_latest_small,10,tag_gambling,0.001454253913834691
ml_latest_small,10,tag_television,0.00020991126075387
ml_latest_small,10,tag_astaire_and_rogers,0.00261841737665236
ml_latest_small,10,tag_nick_and_nora_charles,0.036313608288764954
ml_latest_small,10,tag_business,0.016337940469384193
ml_latest_small,10,tag_philosophy,9.99999993922529e-09
ml_latest_small,10,tag_touching,9.99999993922529e-09
ml_latest_small,10,tag_al_pacino,0.08896651864051819
ml_latest_small,10,tag_epic,0.08390986174345016
ml_latest_small,10,tag_dogs,0.02981884777545929
ml_latest_small,10,tag_adam_sandler,0.04094187542796135
ml_latest_small,10,tag_organized_crime,0.0028267072048038244
ml_latest_small,10,tag_stylish,0.03542105853557587
ml_latest_small,10,tag_good_dialogue,0.07827142626047134
ml_latest_small,10,tag_brad_pitt,0.08564016222953796
ml_latest_small,10,tag_ben_stiller,0.044876426458358765
ml_latest_small,10,tag_africa,0.08473409712314606
ml_latest_small,10,tag_corruption,0.08323272317647934
ml_latest_small,10,tag_ryan_reynolds,0.050016824156045914
ml_latest_small,10,tag_thriller,0.046387869864702225
ml_latest_small,10,tag_sarcasm,0.0022644794080406427
ml_latest_small,10,tag_based_on_a_book,9.99999993922529e-09
ml_latest_small,10,tag_humorous,0.05328373983502388
ml_latest_small,10,tag_friendship,0.04997323453426361
ml_latest_small,10,tag_artificial_intelligence,0.09057102352380753
ml_latest_small,10,tag_horror,0.015383675694465637
ml_latest_small,10,tag_paranoia,0.06484181433916092
ml_latest_small,10,tag_wizards,0.03740822523832321
ml_latest_small,10,tag_samurai,0.06350159645080566
ml_latest_small,10,tag_president,0.02028564177453518
ml_latest_small,10,tag_alcoholism,0.02630196139216423
ml_latest_small,10,tag_death_penalty,0.06727350503206253
ml_latest_small,10,tag_ireland,0.08655130118131638
ml_latest_small,10,tag_space_opera,0.05466238409280777
ml_latest_small,10,tag_marriage,0.03887197747826576
ml_latest_small,10,tag_cross_dressing,0.051412761211395264
ml_latest_small,10,tag_biopic,0.008531642146408558
ml_latest_small,10,tag_aardman,0.013789238408207893
ml_latest_small,10,tag_civil_war,0.020349616184830666
ml_latest_small,10,tag_amnesia,0.051423534750938416
ml_latest_small,10,tag_swashbuckler,0.07388050109148026
ml_latest_small,10,tag_homeless,9.99999993922529e-09
ml_latest_small,10,tag_baseball,0.0667560026049614
ml_latest_small,10,tag_sports,0.023397672921419144
ml_latest_small,10,tag_lawyers,0.06531690061092377
ml_latest_small,10,tag_judaism,0.0109707647934556
ml_latest_small,10,tag_dickens,0.07040797173976898
ml_latest_small,10,tag_jason,0.021164558827877045
ml_latest_small,10,tag_hepburn_and_tracy,0.0435834638774395
ml_latest_small,10,tag_unique,0.04600175842642784
ml_latest_small,10,tag_sad,0.03154204040765762
ml_latest_small,10,tag_fun,0.08858107030391693
ml_latest_small,10,tag_existentialism,0.011710369028151035
ml_latest_small,10,tag_poignant,0.05343056470155716
ml_latest_small,10,tag_martin_scorsese,0.07286002486944199
ml_latest_small,10,tag_true_story,0.037600114941596985
ml_latest_small,10,tag_tom_hanks,0.03386448696255684
ml_latest_small,10,tag_violent,0.020010903477668762
ml_latest_small,10,tag_marvel,0.04520562291145325
ml_latest_small,10,tag_steve_carell,0.02949189394712448
ml_latest_small,10,tag_bad_plot,0.0350189283490181
ml_latest_small,10,tag_seth_rogen,0.0025187195278704166
ml_latest_small,10,tag_samuel_l_jackson,0.04246489331126213
ml_latest_small,10,tag_plot_holes,9.99999993922529e-09
ml_latest_small,10,tag_survival,0.07573040574789047
ml_latest_small,10,tag_interesting,0.06683265417814255
ml_latest_small,10,tag_controversial,0.08907096832990646
ml_latest_small,10,tag_crude_humor,0.09028977900743484
ml_latest_small,10,tag_assassin,0.06553982198238373
ml_latest_small,10,tag_feel_good,0.03577180951833725
ml_latest_small,10,tag_hugh_jackman,0.066312775015831
ml_latest_small,11,genre_action,9.99999993922529e-09
ml_latest_small,11,genre_adventure,0.07557226717472076
ml_latest_small,11,genre_animation,0.05725479871034622
ml_latest_small,11,genre_children,0.032859157770872116
ml_latest_small,11,genre_comedy,0.07868872582912445
ml_latest_small,11,genre_crime,0.041046250611543655
ml_latest_small,11,genre_documentary,0.013176918029785156
ml_latest_small,11,genre_drama,0.006306974217295647
ml_latest_small,11,genre_fantasy,0.05069521442055702
ml_latest_small,11,genre_film_noir,0.016832130029797554
ml_latest_small,11,genre_horror,0.05892624706029892
ml_latest_small,11,genre_imax,0.005901272874325514
ml_latest_small,11,genre_musical,0.08419603854417801
ml_latest_small,11,genre_mystery,0.07887007296085358
ml_latest_small,11,genre_no_genres_listed,0.05983342230319977
ml_latest_small,11,genre_romance,0.07614301145076752
ml_latest_small,11,genre_sci_fi,0.001941438764333725
ml_latest_small,11,genre_thriller,0.08707264065742493
ml_latest_small,11,genre_war,0.06641986966133118
ml_latest_small,11,genre_western,0.06215117499232292
ml_latest_small,11,tag_in_netflix_queue,0.07487441599369049
ml_latest_small,11,tag_atmospheric,0.008979825302958488
ml_latest_small,11,tag_thought_provoking,0.05708586424589157
ml_latest_small,11,tag_funny,0.03136421740055084
ml_latest_small,11,tag_superhero,0.0876372680068016
ml_latest_small,11,tag_surreal,0.08043503016233444
ml_latest_small,11,tag_sci_fi,0.005114227067679167
ml_latest_small,11,tag_disney,0.017918001860380173
ml_latest_small,11,tag_quirky,0.09155271202325821
ml_latest_small,11,tag_religion,0.07051466405391693
ml_latest_small,11,tag_dark_comedy,0.0055129267275333405
ml_latest_small,11,tag_suspense,0.034342024475336075
ml_latest_small,11,tag_psychology,0.0815492644906044
ml_latest_small,11,tag_twist_ending,0.06371720135211945
ml_latest_small,11,tag_visually_appealing,0.051509566605091095
ml_latest_small,11,tag_comedy,0.07129331678152084
ml_latest_small,11,tag_politics,0.01402901392430067
ml_latest_small,11,tag_crime,0.0324464850127697
ml_latest_small,11,tag_time_travel,0.05027327314019203
ml_latest_small,11,tag_music,0.025471393018960953
ml_latest_small,11,tag_dark,0.0456361398100853
ml_latest_small,11,tag_action,9.99999993922529e-09
ml_latest_small,11,tag_high_school,0.07944183051586151
ml_latest_small,11,tag_mental_illness,0.011671596206724644
ml_latest_small,11,tag_mindfuck,0.08807637542486191
ml_latest_small,11,tag_aliens,0.04338635876774788
ml_latest_small,11,tag_black_comedy,0.08925233036279678
ml_latest_small,11,tag_space,0.03414120525121689
ml_latest_small,11,tag_dreamlike,0.0009304131381213665
ml_latest_small,11,tag_mafia,0.03861502930521965
ml_latest_small,11,tag_holocaust,0.06233227252960205
ml_latest_small,11,tag_disturbing,0.06389228999614716
ml_latest_small,11,tag_shakespeare,0.04618929699063301
ml_latest_small,11,tag_emotional,0.03149234876036644
ml_latest_small,11,tag_stephen_king,0.0712033212184906
ml_latest_small,11,tag_journalism,0.02422354742884636
ml_latest_small,11,tag_heist,0.011192569509148598
ml_latest_small,11,tag_classic,0.07888192683458328
ml_latest_small,11,tag_anime,0.008265547454357147
ml_latest_small,11,tag_satire,0.031240420415997505
ml_latest_small,11,tag_court,0.04333203285932541
ml_latest_small,11,tag_christmas,0.0029770981054753065
ml_latest_small,11,tag_animation,0.08759589493274689
ml_latest_small,11,tag_imdb_top_250,0.03122583217918873
ml_latest_small,11,tag_comic_book,0.034573428332805634
ml_latest_small,11,tag_psychological,0.06626375019550323
ml_latest_small,11,tag_ghosts,0.015987906605005264
ml_latest_small,11,tag_bittersweet,0.025707663968205452
ml_latest_small,11,tag_adolescence,0.02009127289056778
ml_latest_small,11,tag_adultery,0.06811349093914032
ml_latest_small,11,tag_boxing,0.06228242814540863
ml_latest_small,11,tag_drugs,0.03363247215747833
ml_latest_small,11,tag_leonardo_dicaprio,0.027713915333151817
ml_latest_small,11,tag_post_apocalyptic,0.025092286989092827
ml_latest_small,11,tag_robots,9.99999993922529e-09
ml_latest_small,11,tag_cinematography,0.018355393782258034
ml_latest_small,11,tag_india,0.07056131213903427
ml_latest_small,11,tag_remake,0.006547292694449425
ml_latest_small,11,tag_england,0.0920480266213417
ml_latest_small,11,tag_australia,0.05749880522489548
ml_latest_small,11,tag_vietnam,0.03895930200815201
ml_latest_small,11,tag_philosophical,0.03917306661605835
ml_latest_small,11,tag_will_ferrell,0.022080503404140472
ml_latest_small,11,tag_revenge,0.035567883402109146
ml_latest_small,11,tag_world_war_ii,0.07606802135705948
ml_latest_small,11,tag_adventure,0.03961412236094475
ml_latest_small,11,tag_stylized,0.08363444358110428
ml_latest_small,11,tag_mystery,0.04389363154768944
ml_latest_small,11,tag_murder,0.04260209947824478
ml_latest_small,11,tag_hallucinatory,0.06993231177330017
ml_latest_small,11,tag_military,0.07607948035001755
ml_latest_small,11,tag_tense,0.07168146967887878
ml_latest_small,11,tag_creepy,0.04719460383057594
ml_latest_small,11,tag_sexuality,0.005928645376116037
ml_latest_small,11,tag_racism,0.021029526367783546
ml_latest_small,11,tag_heartwarming,0.08014499396085739
ml_latest_small,11,tag_family,0.04135608300566673
ml_latest_small,11,tag_sequel,0.04377123713493347
ml_latest_small,11,tag_police,0.07208464294672012
ml_latest_small,11,tag_violence,0.075163833796978
ml_latest_small,11,tag_divorce,0.08170956373214722
ml_latest_small,11,tag_coen_brothers,0.06016583368182182
ml_latest_small,11,tag_martial_arts,0.05807751417160034
ml_latest_small,11,tag_serial_killer,0.06256935745477676
ml_latest_small,11,tag_animal_movie,0.01844719983637333
ml_latest_small,11,tag_movie_business,0.022883066907525063
ml_latest_small,11,tag_race,0.028741780668497086
ml_latest_small,11,tag_spoof,0.023538334295153618
ml_latest_small,11,tag_new_york,0.03740353882312775
ml_latest_small,11,tag_bad,0.008932658471167088
ml_latest_small,11,tag_beautiful,0.07150792330503464
ml_latest_small,11,tag_inspirational,0.04894370585680008
ml_latest_small,11,tag_clever,0.0063510676845908165
ml_latest_small,11,tag_witty,0.007145427167415619
ml_latest_small,11,tag_social_commentary,0.03242157772183418
ml_latest_small,11,tag_romance,0.021585166454315186
ml_latest_small,11,tag_predictable,0.0017715772846713662
ml_latest_small,11,tag_quentin_tarantino,0.007221384439617395
ml_latest_small,11,tag_dark_humor,0.08038242906332016
ml_latest_small,11,tag_black_and_white,0.03491836041212082
ml_latest_small,11,tag_magic,0.09092093259096146
ml_latest_small,11,tag_cult_film,0.004216866567730904
ml_latest_small,11,tag_assassination,0.06631837040185928
ml_latest_small,11,tag_kidnapping,0.028114870190620422
ml_latest_small,11,tag_prostitution,0.06525450944900513
ml_latest_small,11,tag_disability,0.027685973793268204
ml_latest_small,11,tag_death,0.02856062352657318
ml_latest_small,11,tag_screwball,0.06623602658510208
ml_latest_small,11,tag_bible,0.016523102298378944
ml_latest_small,11,tag_intelligent,0.008066338486969471
ml_latest_small,11,tag_gritty,0.0015110110398381948
ml_latest_small,11,tag_cerebral,0.012165387161076069
ml_latest_small,11,tag_wedding,0.08301205188035965
ml_latest_small,11,tag_fantasy,0.008920400403439999
ml_latest_small,11,tag_gothic,0.022319050505757332
ml_latest_small,11,tag_pixar,0.07812409847974777
ml_latest_small,11,tag_great_soundtrack,9.99999993922529e-09
ml_latest_small,11,tag_soundtrack,0.00830125529319048
ml_latest_small,11,tag_dystopia,0.08079127967357635
ml_latest_small,11,tag_visually_stunning,0.03512851893901825
ml_latest_small,11,tag_future,0.011436372064054012
ml_latest_small,11,tag_zombies,0.023939194157719612
ml_latest_small,11,tag_depressing,0.062146689742803574
ml_latest_small,11,tag_terrorism,0.031181519851088524
ml_latest_small,11,tag_pregnancy,0.07772786915302277
ml_latest_small,11,tag_twins,0.018784282729029655
ml_latest_small,11,tag_hit_men,0.06566198170185089
ml_latest_small,11,tag_men_in_drag,0.0180358923971653
ml_latest_small,11,tag_remade,0.026092419400811195
ml_latest_small,11,tag_gambling,0.07429080456495285
ml_latest_small,11,tag_television,0.038316305726766586
ml_latest_small,11,tag_astaire_and_rogers,0.047472793608903885
ml_latest_small,11,tag_nick_and_nora_charles,0.08911154419183731
ml_latest_small,11,tag_business,0.006912830285727978
ml_latest_small,11,tag_philosophy,9.99999993922529e-09
ml_latest_small,11,tag_touching,0.020926984027028084
ml_latest_small,11,tag_al_pacino,0.0256976131349802
ml_latest_small,11,tag_epic,0.05303642153739929
ml_latest_small,11,tag_dogs,0.07432793080806732
ml_latest_small,11,tag_adam_sandler,0.0785476341843605
ml_latest_small,11,tag_organized_crime,0.05770702287554741
ml_latest_small,11,tag_stylish,0.015519609674811363
ml_latest_small,11,tag_good_dialogue,0.007053838111460209
ml_latest_small,11,tag_brad_pitt,0.04884980991482735
ml_latest_small,11,tag_ben_stiller,0.01673518307507038
ml_latest_small,11,tag_africa,9.99999993922529e-09
ml_latest_small,11,tag_corruption,0.08636420220136642
ml_latest_small,11,tag_ryan_reynolds,0.054456744343042374
ml_latest_small,11,tag_thriller,0.00953927543014288
ml_latest_small,11,tag_sarcasm,0.002376271178945899
ml_latest_small,11,tag_based_on_a_book,0.042269207537174225
ml_latest_small,11,tag_humorous,0.0808747336268425
ml_latest_small,11,tag_friendship,0.012742780148983002
ml_latest_small,11,tag_artificial_intelligence,0.05321891978383064
ml_latest_small,11,tag_horror,9.99999993922529e-09
ml_latest_small,11,tag_paranoia,0.08323469758033752
ml_latest_small,11,tag_wizards,0.025129640474915504
ml_latest_small,11,tag_samurai,0.011674221605062485
ml_latest_small,11,tag_president,0.07910566031932831
ml_latest_small,11,tag_alcoholism,0.07060670852661133
ml_latest_small,11,tag_death_penalty,0.03661292791366577
ml_latest_small,11,tag_ireland,0.03062204271554947
ml_latest_small,11,tag_space_opera,0.08609334379434586
ml_latest_small,11,tag_marriage,0.012642169371247292
ml_latest_small,11,tag_cross_dressing,0.07171159982681274
ml_latest_small,11,tag_biopic,0.024665139615535736
ml_latest_small,11,tag_aardman,0.029608480632305145
ml_latest_small,11,tag_civil_war,0.019544202834367752
ml_latest_small,11,tag_amnesia,0.036227867007255554
ml_latest_small,11,tag_swashbuckler,0.03916356340050697
ml_latest_small,11,tag_homeless,0.07092603296041489
ml_latest_small,11,tag_baseball,0.013190002180635929
ml_latest_small,11,tag_sports,0.03713608905673027
ml_latest_small,11,tag_lawyers,0.045709509402513504
ml_latest_small,11,tag_judaism,0.007241823244839907
ml_latest_small,11,tag_dickens,9.99999993922529e-09
ml_latest_small,11,tag_jason,0.06309683620929718
ml_latest_small,11,tag_hepburn_and_tracy,9.99999993922529e-09
ml_latest_small,11,tag_unique,0.06428353488445282
ml_latest_small,11,tag_sad,9.99999993922529e-09
ml_latest_small,11,tag_fun,0.02783297747373581
ml_latest_small,11,tag_existentialism,0.028916478157043457
ml_latest_small,11,tag_poignant,0.027728823944926262
ml_latest_small,11,tag_martin_scorsese,0.021671496331691742
ml_latest_small,11,tag_true_story,0.05506047606468201
ml_latest_small,11,tag_tom_hanks,9.99999993922529e-09
ml_latest_small,11,tag_violent,0.033693499863147736
ml_latest_small,11,tag_marvel,0.04815258830785751
ml_latest_small,11,tag_steve_carell,0.03913049399852753
ml_latest_small,11,tag_bad_plot,0.02780957892537117
ml_latest_small,11,tag_seth_rogen,0.004938120022416115
ml_latest_small,11,tag_samuel_l_jackson,9.99999993922529e-09
ml_latest_small,11,tag_plot_holes,0.03401757404208183
ml_latest_small,11,tag_survival,0.07973036915063858
ml_latest_small,11,tag_interesting,0.03942841663956642
ml_latest_small,11,tag_controversial,0.07122743129730225
ml_latest_small,11,tag_crude_humor,0.04302249103784561
ml_latest_small,11,tag_assassin,0.02195565588772297
ml_latest_small,11,tag_feel_good,0.05378691479563713
ml_latest_small,11,tag_hugh_jackman,0.01314765028655529
ml_latest_small,12,genre_action,0.07863413542509079
ml_latest_small,12,genre_adventure,0.052426163107156754
ml_latest_small,12,genre_animation,0.029924752190709114
ml_latest_small,12,genre_children,0.014433719217777252
ml_latest_small,12,genre_comedy,0.05390794575214386
ml_latest_small,12,genre_crime,0.006594579666852951
ml_latest_small,12,genre_documentary,9.99999993922529e-09
ml_latest_small,12,genre_drama,0.06398914009332657
ml_latest_small,12,genre_fantasy,0.04817916080355644
ml_latest_small,12,genre_film_noir,0.021918274462223053
ml_latest_small,12,genre_horror,0.0541498176753521
ml_latest_small,12,genre_imax,0.0579732209444046
ml_latest_small,12,genre_musical,0.005306502338498831
ml_latest_small,12,genre_mystery,0.07769986987113953
ml_latest_small,12,genre_no_genres_listed,9.99999993922529e-09
ml_latest_small,12,genre_romance,0.03850078210234642
ml_latest_small,12,genre_sci_fi,0.007486843504011631
ml_latest_small,12,genre_thriller,0.00267829280346632
ml_latest_small,12,genre_war,0.06879688799381256
ml_latest_small,12,genre_western,0.09096771478652954
ml_latest_small,12,tag_in_netflix_queue,0.05774429813027382
ml_latest_small,12,tag_atmospheric,0.05632363259792328
ml_latest_small,12,tag_thought_provoking,0.03954297676682472
ml_latest_small,12,tag_funny,0.04605039209127426
ml_latest_small,12,tag_superhero,0.04505832493305206
ml_latest_small,12,tag_surreal,0.018282055854797363
ml_latest_small,12,tag_sci_fi,0.03319236636161804
ml_latest_small,12,tag_disney,0.02505631372332573
ml_latest_small,12,tag_quirky,0.0023102853447198868
ml_latest_small,12,tag_religion,0.06792614609003067
ml_latest_small,12,tag_dark_comedy,0.06514819711446762
ml_latest_small,12,tag_suspense,0.04332827031612396
ml_latest_small,12,tag_psychology,0.004536858759820461
ml_latest_small,12,tag_twist_ending,0.0799231305718422
ml_latest_small,12,tag_visually_appealing,9.99999993922529e-09
ml_latest_small,12,tag_comedy,0.07179165631532669
ml_latest_small,12,tag_politics,0.04303109645843506
ml_latest_small,12,tag_crime,0.07933700829744339
ml_latest_small,12,tag_time_travel,0.021405434235930443
ml_latest_small,12,tag_music,0.05985134467482567
ml_latest_small,12,tag_dark,0.04765208810567856
ml_latest_small,12,tag_action,0.056864626705646515
ml_latest_small,12,tag_high_school,0.04446849599480629
ml_latest_small,12,tag_mental_illness,0.0018456969410181046
ml_latest_small,12,tag_mindfuck,0.06566775590181351
ml_latest_small,12,tag_aliens,0.024471305310726166
ml_latest_small,12,tag_black_comedy,0.002204288961365819
ml_latest_small,12,tag_space,0.07692292332649231
ml_latest_small,12,tag_dreamlike,0.007571360096335411
ml_latest_small,12,tag_mafia,0.057607006281614304
ml_latest_small,12,tag_holocaust,0.02427433803677559
ml_latest_small,12,tag_disturbing,0.0630786269903183
ml_latest_small,12,tag_shakespeare,0.05963687226176262
ml_latest_small,12,tag_emotional,0.016689138486981392
ml_latest_small,12,tag_stephen_king,0.06291843950748444
ml_latest_small,12,tag_journalism,0.039512477815151215
ml_latest_small,12,tag_heist,0.06809718906879425
ml_latest_small,12,tag_classic,0.06704804301261902
ml_latest_small,12,tag_anime,0.03751453012228012
ml_latest_small,12,tag_satire,0.0069616083055734634
ml_latest_small,12,tag_court,9.99999993922529e-09
ml_latest_small,12,tag_christmas,0.06803976744413376
ml_latest_small,12,tag_animation,0.0800541341304779
ml_latest_small,12,tag_imdb_top_250,0.002280185930430889
ml_latest_small,12,tag_comic_book,0.05138254538178444
ml_latest_small,12,tag_psychological,0.005520936101675034
ml_latest_small,12,tag_ghosts,0.09116126596927643
ml_latest_small,12,tag_bittersweet,0.04713727533817291
ml_latest_small,12,tag_adolescence,0.028162753209471703
ml_latest_small,12,tag_adultery,0.05807826295495033
ml_latest_small,12,tag_boxing,9.99999993922529e-09
ml_latest_small,12,tag_drugs,0.012008468620479107
ml_latest_small,12,tag_leonardo_dicaprio,0.06692042201757431
ml_latest_small,12,tag_post_apocalyptic,0.08299116790294647
ml_latest_small,12,tag_robots,0.06408071517944336
ml_latest_small,12,tag_cinematography,0.09127077460289001
ml_latest_small,12,tag_india,0.002978087868541479
ml_latest_small,12,tag_remake,0.051186151802539825
ml_latest_small,12,tag_england,0.036215756088495255
ml_latest_small,12,tag_australia,0.03984198719263077
ml_latest_small,12,tag_vietnam,0.0017383975209668279
ml_latest_small,12,tag_philosophical,0.031262051314115524
ml_latest_small,12,tag_will_ferrell,0.04754498600959778
ml_latest_small,12,tag_revenge,0.03859194740653038
ml_latest_small,12,tag_world_war_ii,0.038308754563331604
ml_latest_small,12,tag_adventure,0.0029913929756730795
ml_latest_small,12,tag_stylized,0.08304686844348907
ml_latest_small,12,tag_mystery,0.055623024702072144
ml_latest_small,12,tag_murder,0.01657811366021633
ml_latest_small,12,tag_hallucinatory,0.06997036933898926
ml_latest_small,12,tag_military,0.007360637653619051
ml_latest_small,12,tag_tense,9.99999993922529e-09
ml_latest_small,12,tag_creepy,0.0844944417476654
ml_latest_small,12,tag_sexuality,0.05935695394873619
ml_latest_small,12,tag_racism,0.011273400858044624
ml_latest_small,12,tag_heartwarming,0.0038192805368453264
ml_latest_small,12,tag_family,0.032891321927309036
ml_latest_small,12,tag_sequel,0.008136391639709473
ml_latest_small,12,tag_police,0.011516873724758625
ml_latest_small,12,tag_violence,0.07776794582605362
ml_latest_small,12,tag_divorce,0.021178200840950012
ml_latest_small,12,tag_coen_brothers,0.0454535111784935
ml_latest_small,12,tag_martial_arts,0.00670328876003623
ml_latest_small,12,tag_serial_killer,0.025385696440935135
ml_latest_small,12,tag_animal_movie,0.0841505378484726
ml_latest_small,12,tag_movie_business,0.06770037859678268
ml_latest_small,12,tag_race,0.017067192122340202
ml_latest_small,12,tag_spoof,0.06618960201740265
ml_latest_small,12,tag_new_york,0.002875193953514099
ml_latest_small,12,tag_bad,0.009235704317688942
ml_latest_small,12,tag_beautiful,0.0008978723199106753
ml_latest_small,12,tag_inspirational,0.007080785930156708
ml_latest_small,12,tag_clever,0.02207026444375515
ml_latest_small,12,tag_witty,0.08352460712194443
ml_latest_small,12,tag_social_commentary,0.06019289046525955
ml_latest_small,12,tag_romance,9.99999993922529e-09
ml_latest_small,12,tag_predictable,0.05905105546116829
ml_latest_small,12,tag_quentin_tarantino,0.035431671887636185
ml_latest_small,12,tag_dark_humor,0.07204201817512512
ml_latest_small,12,tag_black_and_white,0.029116922989487648
ml_latest_small,12,tag_magic,0.0402020588517189
ml_latest_small,12,tag_cult_film,0.006892095785588026
ml_latest_small,12,tag_assassination,0.06838693469762802
ml_latest_small,12,tag_kidnapping,0.03806662932038307
ml_latest_small,12,tag_prostitution,0.023136727511882782
ml_latest_small,12,tag_disability,0.06493724137544632
ml_latest_small,12,tag_death,9.99999993922529e-09
ml_latest_small,12,tag_screwball,0.02279535122215748
ml_latest_small,12,tag_bible,0.08696675300598145
ml_latest_small,12,tag_intelligent,0.06915146857500076
ml_latest_small,12,tag_gritty,0.028554636985063553
ml_latest_small,12,tag_cerebral,0.0789206251502037
ml_latest_small,12,tag_wedding,0.036862071603536606
ml_latest_small,12,tag_fantasy,0.017969274893403053
ml_latest_small,12,tag_gothic,0.07039422541856766
ml_latest_small,12,tag_pixar,9.99999993922529e-09
ml_latest_small,12,tag_great_soundtrack,9.99999993922529e-09
ml_latest_small,12,tag_soundtrack,0.06518662720918655
ml_latest_small,12,tag_dystopia,0.08392076194286346
ml_latest_small,12,tag_visually_stunning,0.043283719569444656
ml_latest_small,12,tag_future,0.04914696887135506
ml_latest_small,12,tag_zombies,0.0271014217287302
ml_latest_small,12,tag_depressing,0.07888776063919067
ml_latest_small,12,tag_terrorism,0.019242597743868828
ml_latest_small,12,tag_pregnancy,0.01590799167752266
ml_latest_small,12,tag_twins,0.0005819856887683272
ml_latest_small,12,tag_hit_men,0.08140091598033905
ml_latest_small,12,tag_men_in_drag,0.05150596424937248
ml_latest_small,12,tag_remade,0.010303785093128681
ml_latest_small,12,tag_gambling,0.007724616210907698
ml_latest_small,12,tag_television,0.05911610648036003
ml_latest_small,12,tag_astaire_and_rogers,0.05630134791135788
ml_latest_small,12,tag_nick_and_nora_charles,0.012409730814397335
ml_latest_small,12,tag_business,9.99999993922529e-09
ml_latest_small,12,tag_philosophy,0.0498528853058815
ml_latest_small,12,tag_touching,0.0754835456609726
ml_latest_small,12,tag_al_pacino,0.06461498886346817
ml_latest_small,12,tag_epic,9.99999993922529e-09
ml_latest_small,12,tag_dogs,0.025437787175178528
ml_latest_small,12,tag_adam_sandler,0.01728876493871212
ml_latest_small,12,tag_organized_crime,9.99999993922529e-09
ml_latest_small,12,tag_stylish,0.029326023533940315
ml_latest_small,12,tag_good_dialogue,0.0704941526055336
ml_latest_small,12,tag_brad_pitt,9.99999993922529e-09
ml_latest_small,12,tag_ben_stiller,0.08719446510076523
ml_latest_small,12,tag_africa,0.05272553488612175
ml_latest_small,12,tag_corruption,0.017656931653618813
ml_latest_small,12,tag_ryan_reynolds,0.06556820124387741
ml_latest_small,12,tag_thriller,0.044006481766700745
ml_latest_small,12,tag_sarcasm,9.99999993922529e-09
ml_latest_small,12,tag_based_on_a_book,0.0890415608882904
ml_latest_small,12,tag_humorous,0.08616770058870316
ml_latest_small,12,tag_friendship,0.06385857611894608
ml_latest_small,12,tag_artificial_intelligence,0.04723523557186127
ml_latest_small,12,tag_horror,0.028508184477686882
ml_latest_small,12,tag_paranoia,0.07371702790260315
ml_latest_small,12,tag_wizards,0.08390116691589355
ml_latest_small,12,tag_samurai,9.99999993922529e-09
ml_latest_small,12,tag_president,0.04545443132519722
ml_latest_small,12,tag_alcoholism,0.018463825806975365
ml_latest_small,12,tag_death_penalty,0.06304251402616501
ml_latest_small,12,tag_ireland,0.03390425443649292
ml_latest_small,12,tag_space_opera,0.03212288022041321
ml_latest_small,12,tag_marriage,0.06121420860290527
ml_latest_small,12,tag_cross_dressing,0.00973337609320879
ml_latest_small,12,tag_biopic,0.08800067007541656
ml_latest_small,12,tag_aardman,0.026256510987877846
ml_latest_small,12,tag_civil_war,0.08792296797037125
ml_latest_small,12,tag_amnesia,0.009051385335624218
ml_latest_small,12,tag_swashbuckler,0.05702820420265198
ml_latest_small,12,tag_homeless,0.04265948757529259
ml_latest_small,12,tag_baseball,0.05402670055627823
ml_latest_small,12,tag_sports,0.025254512205719948
ml_latest_small,12,tag_lawyers,9.99999993922529e-09
ml_latest_small,12,tag_judaism,0.05436436086893082
ml_latest_small,12,tag_dickens,0.04987361282110214
ml_latest_small,12,tag_jason,0.07735701650381088
ml_latest_small,12,tag_hepburn_and_tracy,0.07540063560009003
ml_latest_small,12,tag_unique,0.032997120171785355
ml_latest_small,12,tag_sad,0.06386824697256088
ml_latest_small,12,tag_fun,0.07388563454151154
ml_latest_small,12,tag_existentialism,0.06523866206407547
ml_latest_small,12,tag_poignant,0.023727403953671455
ml_latest_small,12,tag_martin_scorsese,0.06902172416448593
ml_latest_small,12,tag_true_story,0.036898475140333176
ml_latest_small,12,tag_tom_hanks,0.08610643446445465
ml_latest_small,12,tag_violent,0.06660546362400055
ml_latest_small,12,tag_marvel,0.06728864461183548
ml_latest_small,12,tag_steve_carell,0.04112356901168823
ml_latest_small,12,tag_bad_plot,0.01856832578778267
ml_latest_small,12,tag_seth_rogen,0.062043447047472
ml_latest_small,12,tag_samuel_l_jackson,0.08623731881380081
ml_latest_small,12,tag_plot_holes,0.007449478376656771
ml_latest_small,12,tag_survival,0.08467616885900497
ml_latest_small,12,tag_interesting,0.022866981104016304
ml_latest_small,12,tag_controversial,0.09267337620258331
ml_latest_small,12,tag_crude_humor,0.08292000740766525
ml_latest_small,12,tag_assassin,0.006533532403409481
ml_latest_small,12,tag_feel_good,0.070844367146492
ml_latest_small,12,tag_hugh_jackman,0.08341362327337265
ml_latest_small,13,genre_action,0.030719351023435593
ml_latest_small,13,genre_adventure,0.031939323991537094
ml_latest_small,13,genre_animation,0.08616039156913757
ml_latest_small,13,genre_children,0.08891180902719498
ml_latest_small,13,genre_comedy,0.09718664735555649
ml_latest_small,13,genre_crime,0.023003140464425087
ml_latest_small,13,genre_documentary,9.99999993922529e-09
ml_latest_small,13,genre_drama,0.07661302387714386
ml_latest_small,13,genre_fantasy,0.040497101843357086
ml_latest_small,13,genre_film_noir,0.02704377844929695
ml_latest_small,13,genre_horror,0.022713758051395416
ml_latest_small,13,genre_imax,0.07964666187763214
ml_latest_small,13,genre_musical,0.08393194526433945
ml_latest_small,13,genre_mystery,0.043142784386873245
ml_latest_small,13,genre_no_genres_listed,0.0339774526655674
ml_latest_small,13,genre_romance,0.058470554649829865
ml_latest_small,13,genre_sci_fi,0.0075348615646362305
ml_latest_small,13,genre_thriller,0.03572845831513405
ml_latest_small,13,genre_war,0.08036383986473083
ml_latest_small,13,genre_western,0.014377481304109097
ml_latest_small,13,tag_in_netflix_queue,0.01941644586622715
ml_latest_small,13,tag_atmospheric,0.01728963851928711
ml_latest_small,13,tag_thought_provoking,0.07230354100465775
ml_latest_small,13,tag_funny,9.99999993922529e-09
ml_latest_small,13,tag_superhero,0.05148988589644432
ml_latest_small,13,tag_surreal,0.05364525318145752
ml_latest_small,13,tag_sci_fi,0.09081298112869263
ml_latest_small,13,tag_disney,0.07047855108976364
ml_latest_small,13,tag_quirky,0.030205227434635162
ml_latest_small,13,tag_religion,0.0521855391561985
ml_latest_small,13,tag_dark_comedy,0.03060033544898033
ml_latest_small,13,tag_suspense,0.06358999758958817
ml_latest_small,13,tag_psychology,9.99999993922529e-09
ml_latest_small,13,tag_twist_ending,0.017088118940591812
ml_latest_small,13,tag_visually_appealing,0.057987846434116364
ml_latest_small,13,tag_comedy,0.026860501617193222
ml_latest_small,13,tag_politics,0.03628400340676308
ml_latest_small,13,tag_crime,0.027753693982958794
ml_latest_small,13,tag_time_travel,0.0818467065691948
ml_latest_small,13,tag_music,0.003041154472157359
ml_latest_small,13,tag_dark,0.025305498391389847
ml_latest_small,13,tag_action,0.06316477060317993
ml_latest_small,13,tag_high_school,0.0003779861144721508
ml_latest_small,13,tag_mental_illness,9.99999993922529e-09
ml_latest_small,13,tag_mindfuck,0.08072466403245926
ml_latest_small,13,tag_aliens,9.99999993922529e-09
ml_latest_small,13,tag_black_comedy,0.013871381059288979
ml_latest_small,13,tag_space,0.01873633824288845
ml_latest_small,13,tag_dreamlike,0.015353839844465256
ml_latest_small,13,tag_mafia,0.032352231442928314
ml_latest_small,13,tag_holocaust,0.08186575770378113
ml_latest_small,13,tag_disturbing,0.0181525070220232
ml_latest_small,13,tag_shakespeare,0.09008041769266129
ml_latest_small,13,tag_emotional,0.060161929577589035
ml_latest_small,13,tag_stephen_king,0.06400211900472641
ml_latest_small,13,tag_journalism,0.02248603291809559
ml_latest_small,13,tag_heist,0.048755351454019547
ml_latest_small,13,tag_classic,0.07010189443826675
ml_latest_small,13,tag_anime,0.08850590884685516
ml_latest_small,13,tag_satire,0.01877051219344139
ml_latest_small,13,tag_court,0.08007879555225372
ml_latest_small,13,tag_christmas,9.99999993922529e-09
ml_latest_small,13,tag_animation,0.0003197366022504866
ml_latest_small,13,tag_imdb_top_250,0.08097094297409058
ml_latest_small,13,tag_comic_book,5.784633685834706e-05
ml_latest_small,13,tag_psychological,0.026196857914328575
ml_latest_small,13,tag_ghosts,0.0553039088845253
ml_latest_small,13,tag_bittersweet,0.05473727732896805
ml_latest_small,13,tag_adolescence,0.0368715263903141
ml_latest_small,13,tag_adultery,0.043932653963565826
ml_latest_small,13,tag_boxing,0.03876374661922455
ml_latest_small,13,tag_drugs,0.0866554006934166
ml_latest_small,13,tag_leonardo_dicaprio,0.07926466315984726
ml_latest_small,13,tag_post_apocalyptic,0.04483915492892265
ml_latest_small,13,tag_robots,0.08817767351865768
ml_latest_small,13,tag_cinematography,0.06897061318159103
ml_latest_small,13,tag_india,0.07387483865022659
ml_latest_small,13,tag_remake,0.028447721153497696
ml_latest_small,13,tag_england,0.07691695541143417
ml_latest_small,13,tag_australia,0.057209182530641556
ml_latest_small,13,tag_vietnam,0.04956067353487015
ml_latest_small,13,tag_philosophical,0.03444052115082741
ml_latest_small,13,tag_will_ferrell,0.043663736432790756
ml_latest_small,13,tag_revenge,0.08784760534763336
ml_latest_small,13,tag_world_war_ii,0.02245463989675045
ml_latest_small,13,tag_adventure,0.04911832883954048
ml_latest_small,13,tag_stylized,0.06363166123628616
ml_latest_small,13,tag_mystery,0.028348824009299278
ml_latest_small,13,tag_murder,0.08024735003709793
ml_latest_small,13,tag_hallucinatory,0.020572371780872345
ml_latest_small,13,tag_military,0.02125544846057892
ml_latest_small,13,tag_tense,0.09069964289665222
ml_latest_small,13,tag_creepy,0.01659124530851841
ml_latest_small,13,tag_sexuality,0.019201315939426422
ml_latest_small,13,tag_racism,0.0682317391037941
ml_latest_small,13,tag_heartwarming,0.023380069062113762
ml_latest_small,13,tag_family,0.0373154915869236
ml_latest_small,13,tag_sequel,0.009599758312106133
ml_latest_small,13,tag_police,0.04507826268672943
ml_latest_small,13,tag_violence,0.03176449239253998
ml_latest_small,13,tag_divorce,9.99999993922529e-09
ml_latest_small,13,tag_coen_brothers,0.08468466997146606
ml_latest_small,13,tag_martial_arts,0.06118091195821762
ml_latest_small,13,tag_serial_killer,9.99999993922529e-09
ml_latest_small,13,tag_animal_movie,0.025504283607006073
ml_latest_small,13,tag_movie_business,0.018941562622785568
ml_latest_small,13,tag_race,0.045393526554107666
ml_latest_small,13,tag_spoof,0.0876062735915184
ml_latest_small,13,tag_new_york,0.057221997529268265
ml_latest_small,13,tag_bad,0.01910112053155899
ml_latest_small,13,tag_beautiful,9.99999993922529e-09
ml_latest_small,13,tag_inspirational,0.043279148638248444
ml_latest_small,13,tag_clever,0.06636858731508255
ml_latest_small,13,tag_witty,0.06759284436702728
ml_latest_small,13,tag_social_commentary,0.014472690410912037
ml_latest_small,13,tag_romance,0.0037003583274781704
ml_latest_small,13,tag_predictable,0.033678196370601654
ml_latest_small,13,tag_quentin_tarantino,0.07936971634626389
ml_latest_small,13,tag_dark_humor,0.05729048699140549
ml_latest_small,13,tag_black_and_white,0.022178979590535164
ml_latest_small,13,tag_magic,0.005803070496767759
ml_latest_small,13,tag_cult_film,0.06750566512346268
ml_latest_small,13,tag_assassination,0.06832879781723022
ml_latest_small,13,tag_kidnapping,0.04355975612998009
ml_latest_small,13,tag_prostitution,9.99999993922529e-09
ml_latest_small,13,tag_disability,0.01036837138235569
ml_latest_small,13,tag_death,0.028937360271811485
ml_latest_small,13,tag_screwball,0.06264036893844604
ml_latest_small,13,tag_bible,0.04099143296480179
ml_latest_small,13,tag_intelligent,0.008298122324049473
ml_latest_small,13,tag_gritty,0.06848157942295074
ml_latest_small,13,tag_cerebral,0.01848330721259117
ml_latest_small,13,tag_wedding,0.028769757598638535
ml_latest_small,13,tag_fantasy,0.04772676154971123
ml_latest_small,13,tag_gothic,0.009257959201931953
ml_latest_small,13,tag_pixar,0.06536008417606354
ml_latest_small,13,tag_great_soundtrack,0.08472179621458054
ml_latest_small,13,tag_soundtrack,0.026000168174505234
ml_latest_small,13,tag_dystopia,0.05920740216970444
ml_latest_small,13,tag_visually_stunning,0.028934799134731293
ml_latest_small,13,tag_future,0.03702184185385704
ml_latest_small,13,tag_zombies,0.08193371444940567
ml_latest_small,13,tag_depressing,0.08942815661430359
ml_latest_small,13,tag_terrorism,0.08632462471723557
ml_latest_small,13,tag_pregnancy,0.08710425347089767
ml_latest_small,13,tag_twins,0.07086709141731262
ml_latest_small,13,tag_hit_men,0.0639871209859848
ml_latest_small,13,tag_men_in_drag,0.018615804612636566
ml_latest_small,13,tag_remade,0.07872360944747925
ml_latest_small,13,tag_gambling,0.08328041434288025
ml_latest_small,13,tag_television,0.07120855152606964
ml_latest_small,13,tag_astaire_and_rogers,0.044293809682130814
ml_latest_small,13,tag_nick_and_nora_charles,0.005149198230355978
ml_latest_small,13,tag_business,0.022672228515148163
ml_latest_small,13,tag_philosophy,0.06360150128602982
ml_latest_small,13,tag_touching,0.0885017067193985
ml_latest_small,13,tag_al_pacino,0.05413419380784035
ml_latest_small,13,tag_epic,0.06669875234365463
ml_latest_small,13,tag_dogs,0.07405044138431549
ml_latest_small,13,tag_adam_sandler,0.058699049055576324
ml_latest_small,13,tag_organized_crime,0.03208029642701149
ml_latest_small,13,tag_stylish,0.02168809436261654
ml_latest_small,13,tag_good_dialogue,0.07035541534423828
ml_latest_small,13,tag_brad_pitt,0.061441801488399506
ml_latest_small,13,tag_ben_stiller,0.011314860545098782
ml_latest_small,13,tag_africa,0.038466475903987885
ml_latest_small,13,tag_corruption,0.04846645146608353
ml_latest_small,13,tag_ryan_reynolds,0.08359623700380325
ml_latest_small,13,tag_thriller,0.07861766219139099
ml_latest_small,13,tag_sarcasm,0.01633596047759056
ml_latest_small,13,tag_based_on_a_book,0.06468725204467773
ml_latest_small,13,tag_humorous,0.032761961221694946
ml_latest_small,13,tag_friendship,0.06309148669242859
ml_latest_small,13,tag_artificial_intelligence,0.044812023639678955
ml_latest_small,13,tag_horror,0.08402002602815628
ml_latest_small,13,tag_paranoia,0.06737948954105377
ml_latest_small,13,tag_wizards,0.07215189933776855
ml_latest_small,13,tag_samurai,0.05573570728302002
ml_latest_small,13,tag_president,0.07571811228990555
ml_latest_small,13,tag_alcoholism,0.02310776710510254
ml_latest_small,13,tag_death_penalty,0.07067447155714035
ml_latest_small,13,tag_ireland,0.06332797557115555
ml_latest_small,13,tag_space_opera,0.007703213486820459
ml_latest_small,13,tag_marriage,0.02976520173251629
ml_latest_small,13,tag_cross_dressing,0.013833149336278439
ml_latest_small,13,tag_biopic,0.07776302099227905
ml_latest_small,13,tag_aardman,0.06438610702753067
ml_latest_small,13,tag_civil_war,0.03437262400984764
ml_latest_small,13,tag_amnesia,0.03843193128705025
ml_latest_small,13,tag_swashbuckler,0.018758529797196388
ml_latest_small,13,tag_homeless,0.03102722205221653
ml_latest_small,13,tag_baseball,0.04315655678510666
ml_latest_small,13,tag_sports,0.029617883265018463
ml_latest_small,13,tag_lawyers,0.0038667740300297737
ml_latest_small,13,tag_judaism,0.09248757362365723
ml_latest_small,13,tag_dickens,9.99999993922529e-09
ml_latest_small,13,tag_jason,0.0842306837439537
ml_latest_small,13,tag_hepburn_and_tracy,0.04276718944311142
ml_latest_small,13,tag_unique,0.008246272802352905
ml_latest_small,13,tag_sad,0.023924773558974266
ml_latest_small,13,tag_fun,0.02589120902121067
ml_latest_small,13,tag_existentialism,0.07876469194889069
ml_latest_small,13,tag_poignant,0.0033430210314691067
ml_latest_small,13,tag_martin_scorsese,0.03771495446562767
ml_latest_small,13,tag_true_story,0.012379620224237442
ml_latest_small,13,tag_tom_hanks,0.08097702264785767
ml_latest_small,13,tag_violent,0.04731953144073486
ml_latest_small,13,tag_marvel,0.0236161220818758
ml_latest_small,13,tag_steve_carell,0.08031854033470154
ml_latest_small,13,tag_bad_plot,0.06346667557954788
ml_latest_small,13,tag_seth_rogen,0.03942122310400009
ml_latest_small,13,tag_samuel_l_jackson,0.013112697750329971
ml_latest_small,13,tag_plot_holes,0.08358944207429886
ml_latest_small,13,tag_survival,0.05638980120420456
ml_latest_small,13,tag_interesting,0.04436661675572395
ml_latest_small,13,tag_controversial,0.09062325209379196
ml_latest_small,13,tag_crude_humor,0.013234513811767101
ml_latest_small,13,tag_assassin,0.04557432234287262
ml_latest_small,13,tag_feel_good,9.99999993922529e-09
ml_latest_small,13,tag_hugh_jackman,0.0394563227891922
ml_latest_small,14,genre_action,0.08134034276008606
ml_latest_small,14,genre_adventure,0.048166509717702866
ml_latest_small,14,genre_animation,0.07715960592031479
ml_latest_small,14,genre_children,0.01023384090512991
ml_latest_small,14,genre_comedy,0.05445125699043274
ml_latest_small,14,genre_crime,0.02216316945850849
ml_latest_small,14,genre_documentary,0.06289307028055191
ml_latest_small,14,genre_drama,0.015423276461660862
ml_latest_small,14,genre_fantasy,0.053363967686891556
ml_latest_small,14,genre_film_noir,0.05130425840616226
ml_latest_small,14,genre_horror,0.02753632515668869
ml_latest_small,14,genre_imax,0.07924317568540573
ml_latest_small,14,genre_musical,0.027605809271335602
ml_latest_small,14,genre_mystery,0.025344140827655792
ml_latest_small,14,genre_no_genres_listed,0.0814698338508606
ml_latest_small,14,genre_romance,0.038952600210905075
ml_latest_small,14,genre_sci_fi,0.002153689507395029
ml_latest_small,14,genre_thriller,0.07073315978050232
ml_latest_small,14,genre_war,0.07894755899906158
ml_latest_small,14,genre_western,9.99999993922529e-09
ml_latest_small,14,tag_in_netflix_queue,0.049073271453380585
ml_latest_small,14,tag_atmospheric,0.01090386975556612
ml_latest_small,14,tag_thought_provoking,0.04137454181909561
ml_latest_small,14,tag_funny,0.0777224451303482
ml_latest_small,14,tag_superhero,0.009559006430208683
ml_latest_small,14,tag_surreal,0.07533443719148636
ml_latest_small,14,tag_sci_fi,0.07442042976617813
ml_latest_small,14,tag_disney,0.018754221498966217
ml_latest_small,14,tag_quirky,0.003254625713452697
ml_latest_small,14,tag_religion,0.026117194443941116
ml_latest_small,14,tag_dark_comedy,0.02455347217619419
ml_latest_small,14,tag_suspense,0.02440543845295906
ml_latest_small,14,tag_psychology,0.02913435734808445
ml_latest_small,14,tag_twist_ending,0.01887044869363308
ml_latest_small,14,tag_visually_appealing,0.049653735011816025
ml_latest_small,14,tag_comedy,0.08822085708379745
ml_latest_small,14,tag_politics,0.043053556233644485
ml_latest_small,14,tag_crime,0.0392317920923233
ml_latest_small,14,tag_time_travel,0.03734450787305832
ml_latest_small,14,tag_music,0.07449313253164291
ml_latest_small,14,tag_dark,0.015944829210639
ml_latest_small,14,tag_action,0.03275759518146515
ml_latest_small,14,tag_high_school,0.0861285999417305
ml_latest_small,14,tag_mental_illness,0.0716240406036377
ml_latest_small,14,tag_mindfuck,0.04032285511493683
ml_latest_small,14,tag_aliens,0.07331909239292145
ml_latest_small,14,tag_black_comedy,0.014916856773197651
ml_latest_small,14,tag_space,0.07847393304109573
ml_latest_small,14,tag_dreamlike,0.019304674118757248
ml_latest_small,14,tag_mafia,0.03661571815609932
ml_latest_small,14,tag_holocaust,9.99999993922529e-09
ml_latest_small,14,tag_disturbing,0.032824598252773285
ml_latest_small,14,tag_shakespeare,0.030110297724604607
ml_latest_small,14,tag_emotional,0.012509594671428204
ml_latest_small,14,tag_stephen_king,0.03745263069868088
ml_latest_small,14,tag_journalism,0.006436425261199474
ml_latest_small,14,tag_heist,0.029030397534370422
ml_latest_small,14,tag_classic,0.0009607328684069216
ml_latest_small,14,tag_anime,9.99999993922529e-09
ml_latest_small,14,tag_satire,0.07165836542844772
ml_latest_small,14,tag_court,0.056552574038505554
ml_latest_small,14,tag_christmas,0.009172654710710049
ml_latest_small,14,tag_animation,0.007291821762919426
ml_latest_small,14,tag_imdb_top_250,0.018477369099855423
ml_latest_small,14,tag_comic_book,0.048917315900325775
ml_latest_small,14,tag_psychological,0.02867690660059452
ml_latest_small,14,tag_ghosts,0.047306280583143234
ml_latest_small,14,tag_bittersweet,0.028441131114959717
ml_latest_small,14,tag_adolescence,0.06229613348841667
ml_latest_small,14,tag_adultery,0.05064116790890694
ml_latest_small,14,tag_boxing,0.08097419887781143
ml_latest_small,14,tag_drugs,0.07119455188512802
ml_latest_small,14,tag_leonardo_dicaprio,0.06507468223571777
ml_latest_small,14,tag_post_apocalyptic,0.03189724311232567
ml_latest_small,14,tag_robots,0.030436981469392776
ml_latest_small,14,tag_cinematography,0.055316515266895294
ml_latest_small,14,tag_india,0.053470294922590256
ml_latest_small,14,tag_remake,0.07167504727840424
ml_latest_small,14,tag_england,0.018252622336149216
ml_latest_small,14,tag_australia,0.06798052787780762
ml_latest_small,14,tag_vietnam,0.06658034026622772
ml_latest_small,14,tag_philosophical,0.06940209120512009
ml_latest_small,14,tag_will_ferrell,0.02694425918161869
ml_latest_small,14,tag_revenge,0.030717160552740097
ml_latest_small,14,tag_world_war_ii,0.0714288204908371
ml_latest_small,14,tag_adventure,0.0918913185596466
ml_latest_small,14,tag_stylized,0.08140569180250168
ml_latest_small,14,tag_mystery,0.008224372752010822
ml_latest_small,14,tag_murder,0.07571546733379364
ml_latest_small,14,tag_hallucinatory,0.07324381172657013
ml_latest_small,14,tag_military,0.06388848274946213
ml_latest_small,14,tag_tense,0.03341643139719963
ml_latest_small,14,tag_creepy,0.017493313178420067
ml_latest_small,14,tag_sexuality,0.026084106415510178
ml_latest_small,14,tag_racism,0.08649128675460815
ml_latest_small,14,tag_heartwarming,0.07633733004331589
ml_latest_small,14,tag_family,0.04017963260412216
ml_latest_small,14,tag_sequel,0.08993561565876007
ml_latest_small,14,tag_police,0.04407814145088196
ml_latest_small,14,tag_violence,0.050795018672943115
ml_latest_small,14,tag_divorce,0.04529949277639389
ml_latest_small,14,tag_coen_brothers,0.0036952761001884937
ml_latest_small,14,tag_martial_arts,0.08169078826904297
ml_latest_small,14,tag_serial_killer,0.06399881094694138
ml_latest_small,14,tag_animal_movie,9.99999993922529e-09
ml_latest_small,14,tag_movie_business,0.07292129844427109
ml_latest_small,14,tag_race,0.07725100964307785
ml_latest_small,14,tag_spoof,0.053022533655166626
ml_latest_small,14,tag_new_york,0.0713130459189415
ml_latest_small,14,tag_bad,0.036621540784835815
ml_latest_small,14,tag_beautiful,0.05344042927026749
ml_latest_small,14,tag_inspirational,0.00034649495501071215
ml_latest_small,14,tag_clever,0.030431382358074188
ml_latest_small,14,tag_witty,0.04266009479761124
ml_latest_small,14,tag_social_commentary,0.0906703993678093
ml_latest_small,14,tag_romance,0.08381897956132889
ml_latest_small,14,tag_predictable,0.01094447448849678
ml_latest_small,14,tag_quentin_tarantino,0.06284582614898682
ml_latest_small,14,tag_dark_humor,0.01286278199404478
ml_latest_small,14,tag_black_and_white,0.060776617377996445
ml_latest_small,14,tag_magic,0.056398697197437286
ml_latest_small,14,tag_cult_film,0.07438140362501144
ml_latest_small,14,tag_assassination,0.04248768091201782
ml_latest_small,14,tag_kidnapping,0.06985504180192947
ml_latest_small,14,tag_prostitution,0.05439606308937073
ml_latest_small,14,tag_disability,0.00392311392351985
ml_latest_small,14,tag_death,0.08061716705560684
ml_latest_small,14,tag_screwball,0.006473372224718332
ml_latest_small,14,tag_bible,0.00207199202850461
ml_latest_small,14,tag_intelligent,0.06310851126909256
ml_latest_small,14,tag_gritty,9.99999993922529e-09
ml_latest_small,14,tag_cerebral,0.07322901487350464
ml_latest_small,14,tag_wedding,0.07979241013526917
ml_latest_small,14,tag_fantasy,0.03558151051402092
ml_latest_small,14,tag_gothic,0.006007417570799589
ml_latest_small,14,tag_pixar,0.023554975166916847
ml_latest_small,14,tag_great_soundtrack,0.03599676117300987
ml_latest_small,14,tag_soundtrack,0.09217610955238342
ml_latest_small,14,tag_dystopia,0.0847848653793335
ml_latest_small,14,tag_visually_stunning,0.00551583943888545
ml_latest_small,14,tag_future,0.017523858696222305
ml_latest_small,14,tag_zombies,0.03014950454235077
ml_latest_small,14,tag_depressing,0.07561597228050232
ml_latest_small,14,tag_terrorism,0.04559044912457466
ml_latest_small,14,tag_pregnancy,0.07914759963750839
ml_latest_small,14,tag_twins,0.021297141909599304
ml_latest_small,14,tag_hit_men,9.99999993922529e-09
ml_latest_small,14,tag_men_in_drag,9.99999993922529e-09
ml_latest_small,14,tag_remade,0.05819081887602806
ml_latest_small,14,tag_gambling,0.01299609337002039
ml_latest_small,14,tag_television,0.013759452849626541
ml_latest_small,14,tag_astaire_and_rogers,0.06407883018255234
ml_latest_small,14,tag_nick_and_nora_charles,0.026386065408587456
ml_latest_small,14,tag_business,0.060356542468070984
ml_latest_small,14,tag_philosophy,0.0015126955695450306
ml_latest_small,14,tag_touching,0.0562826544046402
ml_latest_small,14,tag_al_pacino,0.07147875428199768
ml_latest_small,14,tag_epic,0.06722381711006165
ml_latest_small,14,tag_dogs,0.06263522803783417
ml_latest_small,14,tag_adam_sandler,0.029637739062309265
ml_latest_small,14,tag_organized_crime,0.03320655599236488
ml_latest_small,14,tag_stylish,0.06658365577459335
ml_latest_small,14,tag_good_dialogue,0.08910994976758957
ml_latest_small,14,tag_brad_pitt,0.014943132176995277
ml_latest_small,14,tag_ben_stiller,0.028717322275042534
ml_latest_small,14,tag_africa,0.026583509519696236
ml_latest_small,14,tag_corruption,0.04397205635905266
ml_latest_small,14,tag_ryan_reynolds,9.99999993922529e-09
ml_latest_small,14,tag_thriller,0.05908976495265961
ml_latest_small,14,tag_sarcasm,0.08057350665330887
ml_latest_small,14,tag_based_on_a_book,0.07394722104072571
ml_latest_small,14,tag_humorous,0.016984963789582253
ml_latest_small,14,tag_friendship,0.08048325031995773
ml_latest_small,14,tag_artificial_intelligence,8.05869058240205e-05
ml_latest_small,14,tag_horror,0.04675574600696564
ml_latest_small,14,tag_paranoia,0.02811523713171482
ml_latest_small,14,tag_wizards,0.049569979310035706
ml_latest_small,14,tag_samurai,0.029293639585375786
ml_latest_small,14,tag_president,0.02137058787047863
ml_latest_small,14,tag_alcoholism,0.060910556465387344
ml_latest_small,14,tag_death_penalty,0.030554095283150673
ml_latest_small,14,tag_ireland,0.05673038586974144
ml_latest_small,14,tag_space_opera,0.07623471319675446
ml_latest_small,14,tag_marriage,0.008843198418617249
ml_latest_small,14,tag_cross_dressing,0.056000981479883194
ml_latest_small,14,tag_biopic,0.057654522359371185
ml_latest_small,14,tag_aardman,0.07288416475057602
ml_latest_small,14,tag_civil_war,0.029416821897029877
ml_latest_small,14,tag_amnesia,0.0865749642252922
ml_latest_small,14,tag_swashbuckler,0.06900390982627869
ml_latest_small,14,tag_homeless,0.0029939422383904457
ml_latest_small,14,tag_baseball,0.08642295002937317
ml_latest_small,14,tag_sports,0.06423571705818176
ml_latest_small,14,tag_lawyers,0.08885930478572845
ml_latest_small,14,tag_judaism,1.545580744277686e-05
ml_latest_small,14,tag_dickens,0.010764972306787968
ml_latest_small,14,tag_jason,0.07667088508605957
ml_latest_small,14,tag_hepburn_and_tracy,0.05466683954000473
ml_latest_small,14,tag_unique,0.0827254131436348
ml_latest_small,14,tag_sad,0.044233664870262146
ml_latest_small,14,tag_fun,0.015153219923377037
ml_latest_small,14,tag_existentialism,0.019718850031495094
ml_latest_small,14,tag_poignant,0.027768507599830627
ml_latest_small,14,tag_martin_scorsese,0.030381815508008003
ml_latest_small,14,tag_true_story,0.050082314759492874
ml_latest_small,14,tag_tom_hanks,0.011619933880865574
ml_latest_small,14,tag_violent,0.06930907815694809
ml_latest_small,14,tag_marvel,0.03675749525427818
ml_latest_small,14,tag_steve_carell,0.026490721851587296
ml_latest_small,14,tag_bad_plot,0.005502126179635525
ml_latest_small,14,tag_seth_rogen,0.038087375462055206
ml_latest_small,14,tag_samuel_l_jackson,0.0724584311246872
ml_latest_small,14,tag_plot_holes,0.039956413209438324
ml_latest_small,14,tag_survival,0.08667546510696411
ml_latest_small,14,tag_interesting,0.006701972801238298
ml_latest_small,14,tag_controversial,0.018682273104786873
ml_latest_small,14,tag_crude_humor,0.046887800097465515
ml_latest_small,14,tag_assassin,0.07788018882274628
ml_latest_small,14,tag_feel_good,0.07104647904634476
ml_latest_small,14,tag_hugh_jackman,0.018309516832232475
ml_latest_small,15,genre_action,0.06292542070150375
ml_latest_small,15,genre_adventure,0.07887693494558334
ml_latest_small,15,genre_animation,0.0926816463470459
ml_latest_small,15,genre_children,0.0032851174473762512
ml_latest_small,15,genre_comedy,0.05651756376028061
ml_latest_small,15,genre_crime,0.014921093359589577
ml_latest_small,15,genre_documentary,0.03543977439403534
ml_latest_small,15,genre_drama,0.025067979469895363
ml_latest_small,15,genre_fantasy,0.0509137287735939
ml_latest_small,15,genre_film_noir,0.07369257509708405
ml_latest_small,15,genre_horror,9.99999993922529e-09
ml_latest_small,15,genre_imax,0.0704132691025734
ml_latest_small,15,genre_musical,0.07091648131608963
ml_latest_small,15,genre_mystery,0.016773566603660583
ml_latest_small,15,genre_no_genres_listed,0.0553131103515625
ml_latest_small,15,genre_romance,0.08110298216342926
ml_latest_small,15,genre_sci_fi,0.05655404552817345
ml_latest_small,15,genre_thriller,0.0761619284749031
ml_latest_small,15,genre_war,0.040699947625398636
ml_latest_small,15,genre_western,0.04522203654050827
ml_latest_small,15,tag_in_netflix_queue,9.99999993922529e-09
ml_latest_small,15,tag_atmospheric,0.03125689551234245
ml_latest_small,15,tag_thought_provoking,9.99999993922529e-09
ml_latest_small,15,tag_funny,0.016679437831044197
ml_latest_small,15,tag_superhero,0.05685931816697121
ml_latest_small,15,tag_surreal,0.05956724286079407
ml_latest_small,15,tag_sci_fi,0.02740909904241562
ml_latest_small,15,tag_disney,0.06055222451686859
ml_latest_small,15,tag_quirky,0.08837871253490448
ml_latest_small,15,tag_religion,0.01722642406821251
ml_latest_small,15,tag_dark_comedy,0.059105031192302704
ml_latest_small,15,tag_suspense,0.07579626142978668
ml_latest_small,15,tag_psychology,0.002859213389456272
ml_latest_small,15,tag_twist_ending,0.06528180837631226
ml_latest_small,15,tag_visually_appealing,0.006853283382952213
ml_latest_small,15,tag_comedy,0.034127943217754364
ml_latest_small,15,tag_politics,0.03018125705420971
ml_latest_small,15,tag_crime,0.014748398214578629
ml_latest_small,15,tag_time_travel,0.019468706101179123
ml_latest_small,15,tag_music,0.06829804182052612
ml_latest_small,15,tag_dark,0.0651417225599289
ml_latest_small,15,tag_action,0.06402028352022171
ml_latest_small,15,tag_high_school,0.013750237412750721
ml_latest_small,15,tag_mental_illness,0.022287290543317795
ml_latest_small,15,tag_mindfuck,0.08826394379138947
ml_latest_small,15,tag_aliens,0.059093695133924484
ml_latest_small,15,tag_black_comedy,0.033876933157444
ml_latest_small,15,tag_space,0.011164551600813866
ml_latest_small,15,tag_dreamlike,0.059484295547008514
ml_latest_small,15,tag_mafia,0.04147453233599663
ml_latest_small,15,tag_holocaust,0.08158916234970093
ml_latest_small,15,tag_disturbing,0.015710223466157913
ml_latest_small,15,tag_shakespeare,0.004816841799765825
ml_latest_small,15,tag_emotional,0.029958032071590424
ml_latest_small,15,tag_stephen_king,0.057450905442237854
ml_latest_small,15,tag_journalism,9.99999993922529e-09
ml_latest_small,15,tag_heist,0.08008303493261337
ml_latest_small,15,tag_classic,0.041449885815382004
ml_latest_small,15,tag_anime,0.026662549003958702
ml_latest_small,15,tag_satire,9.99999993922529e-09
ml_latest_small,15,tag_court,0.06052424758672714
ml_latest_small,15,tag_christmas,0.05595122277736664
ml_latest_small,15,tag_animation,0.03169554844498634
ml_latest_small,15,tag_imdb_top_250,0.006029743701219559
ml_latest_small,15,tag_comic_book,0.00402469327673316
ml_latest_small,15,tag_psychological,0.08726025372743607
ml_latest_small,15,tag_ghosts,0.07915773242712021
ml_latest_small,15,tag_bittersweet,9.99999993922529e-09
ml_latest_small,15,tag_adolescence,0.0586649589240551
ml_latest_small,15,tag_adultery,0.055201657116413116
ml_latest_small,15,tag_boxing,0.009984267875552177
ml_latest_small,15,tag_drugs,0.007782557979226112
ml_latest_small,15,tag_leonardo_dicaprio,0.021458713337779045
ml_latest_small,15,tag_post_apocalyptic,0.007752872537821531
ml_latest_small,15,tag_robots,0.0674673542380333
ml_latest_small,15,tag_cinematography,0.036773402243852615
ml_latest_small,15,tag_india,0.019567811861634254
ml_latest_small,15,tag_remake,0.08661139011383057
ml_latest_small,15,tag_england,0.07913763076066971
ml_latest_small,15,tag_australia,0.08980671316385269
ml_latest_small,15,tag_vietnam,0.03913860768079758
ml_latest_small,15,tag_philosophical,0.04818957671523094
ml_latest_small,15,tag_will_ferrell,0.04622386023402214
ml_latest_small,15,tag_revenge,0.0763770341873169
ml_latest_small,15,tag_world_war_ii,0.08690869063138962
ml_latest_small,15,tag_adventure,0.01887018233537674
ml_latest_small,15,tag_stylized,0.008630950003862381
ml_latest_small,15,tag_mystery,0.05939425900578499
ml_latest_small,15,tag_murder,0.08723132312297821
ml_latest_small,15,tag_hallucinatory,0.008622865192592144
ml_latest_small,15,tag_military,0.08761941641569138
ml_latest_small,15,tag_tense,0.07483799755573273
ml_latest_small,15,tag_creepy,0.004306580405682325
ml_latest_small,15,tag_sexuality,0.03831947594881058
ml_latest_small,15,tag_racism,0.01904028095304966
ml_latest_small,15,tag_heartwarming,0.016332276165485382
ml_latest_small,15,tag_family,0.08733222633600235
ml_latest_small,15,tag_sequel,0.02697373554110527
ml_latest_small,15,tag_police,0.003081111703068018
ml_latest_small,15,tag_violence,0.07470466196537018
ml_latest_small,15,tag_divorce,0.013924513943493366
ml_latest_small,15,tag_coen_brothers,0.031020324677228928
ml_latest_small,15,tag_martial_arts,0.08415744453668594
ml_latest_small,15,tag_serial_killer,9.99999993922529e-09
ml_latest_small,15,tag_animal_movie,0.008336860686540604
ml_latest_small,15,tag_movie_business,0.01459873653948307
ml_latest_small,15,tag_race,0.07388322800397873
ml_latest_small,15,tag_spoof,9.99999993922529e-09
ml_latest_small,15,tag_new_york,0.03629821911454201
ml_latest_small,15,tag_bad,0.07988276332616806
ml_latest_small,15,tag_beautiful,0.020589707419276237
ml_latest_small,15,tag_inspirational,0.07945951819419861
ml_latest_small,15,tag_clever,0.03623715788125992
ml_latest_small,15,tag_witty,0.0022908051032572985
ml_latest_small,15,tag_social_commentary,0.07043597847223282
ml_latest_small,15,tag_romance,0.08554956316947937
ml_latest_small,15,tag_predictable,0.08136231452226639
ml_latest_small,15,tag_quentin_tarantino,0.041229795664548874
ml_latest_small,15,tag_dark_humor,0.044488076120615005
ml_latest_small,15,tag_black_and_white,0.09109555184841156
ml_latest_small,15,tag_magic,0.023979391902685165
ml_latest_small,15,tag_cult_film,0.06655577570199966
ml_latest_small,15,tag_assassination,0.055422600358724594
ml_latest_small,15,tag_kidnapping,0.002309915143996477
ml_latest_small,15,tag_prostitution,0.017143860459327698
ml_latest_small,15,tag_disability,0.05743420124053955
ml_latest_small,15,tag_death,0.08245847374200821
ml_latest_small,15,tag_screwball,0.01251496933400631
ml_latest_small,15,tag_bible,0.058798275887966156
ml_latest_small,15,tag_intelligent,0.039873287081718445
ml_latest_small,15,tag_gritty,0.028425322845578194
ml_latest_small,15,tag_cerebral,0.027064045891165733
ml_latest_small,15,tag_wedding,0.08381214737892151
ml_latest_small,15,tag_fantasy,0.011424078606069088
ml_latest_small,15,tag_gothic,0.03919225186109543
ml_latest_small,15,tag_pixar,0.004208053462207317
ml_latest_small,15,tag_great_soundtrack,0.047284968197345734
ml_latest_small,15,tag_soundtrack,0.06942965090274811
ml_latest_small,15,tag_dystopia,0.0003515250573400408
ml_latest_small,15,tag_visually_stunning,0.08391271531581879
ml_latest_small,15,tag_future,0.02978656254708767
ml_latest_small,15,tag_zombies,0.08496538549661636
ml_latest_small,15,tag_depressing,0.07270558178424835
ml_latest_small,15,tag_terrorism,0.03710031509399414
ml_latest_small,15,tag_pregnancy,0.027714412659406662
ml_latest_small,15,tag_twins,0.03638984635472298
ml_latest_small,15,tag_hit_men,0.07673147320747375
ml_latest_small,15,tag_men_in_drag,0.0017483707051724195
ml_latest_small,15,tag_remade,0.08275219798088074
ml_latest_small,15,tag_gambling,0.005083865486085415
ml_latest_small,15,tag_television,0.04141081124544144
ml_latest_small,15,tag_astaire_and_rogers,0.08007974922657013
ml_latest_small,15,tag_nick_and_nora_charles,0.08616534620523453
ml_latest_small,15,tag_business,0.06153309717774391
ml_latest_small,15,tag_philosophy,0.0308653824031353
ml_latest_small,15,tag_touching,9.99999993922529e-09
ml_latest_small,15,tag_al_pacino,0.06586334854364395
ml_latest_small,15,tag_epic,0.06903500109910965
ml_latest_small,15,tag_dogs,0.015081741847097874
ml_latest_small,15,tag_adam_sandler,0.08042378723621368
ml_latest_small,15,tag_organized_crime,0.07015852630138397
ml_latest_small,15,tag_stylish,0.04293790087103844
ml_latest_small,15,tag_good_dialogue,0.06280360370874405
ml_latest_small,15,tag_brad_pitt,0.09151200205087662
ml_latest_small,15,tag_ben_stiller,0.02031969651579857
ml_latest_small,15,tag_africa,0.06655064970254898
ml_latest_small,15,tag_corruption,0.06873410940170288
ml_latest_small,15,tag_ryan_reynolds,0.04153997451066971
ml_latest_small,15,tag_thriller,0.06374875456094742
ml_latest_small,15,tag_sarcasm,0.01386095117777586
ml_latest_small,15,tag_based_on_a_book,0.06383197009563446
ml_latest_small,15,tag_humorous,0.02435934543609619
ml_latest_small,15,tag_friendship,0.0662449523806572
ml_latest_small,15,tag_artificial_intelligence,0.03375722095370293
ml_latest_small,15,tag_horror,0.06718146800994873
ml_latest_small,15,tag_paranoia,0.06523754447698593
ml_latest_small,15,tag_wizards,9.99999993922529e-09
ml_latest_small,15,tag_samurai,0.023816291242837906
ml_latest_small,15,tag_president,0.023758599534630775
ml_latest_small,15,tag_alcoholism,0.08475645631551743
ml_latest_small,15,tag_death_penalty,0.018748873844742775
ml_latest_small,15,tag_ireland,0.0063683572225272655
ml_latest_small,15,tag_space_opera,0.05665615573525429
ml_latest_small,15,tag_marriage,0.01558624766767025
ml_latest_small,15,tag_cross_dressing,0.09192582964897156
ml_latest_small,15,tag_biopic,0.08799880743026733
ml_latest_small,15,tag_aardman,0.07975436747074127
ml_latest_small,15,tag_civil_war,0.04922156035900116
ml_latest_small,15,tag_amnesia,0.0037564558442682028
ml_latest_small,15,tag_swashbuckler,0.00405989121645689
ml_latest_small,15,tag_homeless,0.02414785511791706
ml_latest_small,15,tag_baseball,0.050347767770290375
ml_latest_small,15,tag_sports,0.02252862975001335
ml_latest_small,15,tag_lawyers,0.03874918818473816
ml_latest_small,15,tag_judaism,9.99999993922529e-09
ml_latest_small,15,tag_dickens,0.04746513441205025
ml_latest_small,15,tag_jason,0.05501335859298706
ml_latest_small,15,tag_hepburn_and_tracy,0.02864929288625717
ml_latest_small,15,tag_unique,0.08861660957336426
ml_latest_small,15,tag_sad,0.012119362130761147
ml_latest_small,15,tag_fun,0.00186037493404001
ml_latest_small,15,tag_existentialism,0.07286940515041351
ml_latest_small,15,tag_poignant,0.004662931431084871
ml_latest_small,15,tag_martin_scorsese,0.025208665058016777
ml_latest_small,15,tag_true_story,0.07596182823181152
ml_latest_small,15,tag_tom_hanks,0.057186417281627655
ml_latest_small,15,tag_violent,0.0669587105512619
ml_latest_small,15,tag_marvel,9.99999993922529e-09
ml_latest_small,15,tag_steve_carell,0.0792534127831459
ml_latest_small,15,tag_bad_plot,0.023154057562351227
ml_latest_small,15,tag_seth_rogen,0.02134259045124054
ml_latest_small,15,tag_samuel_l_jackson,0.07394208014011383
ml_latest_small,15,tag_plot_holes,0.05603567510843277
ml_latest_small,15,tag_survival,0.05614485964179039
ml_latest_small,15,tag_interesting,9.99999993922529e-09
ml_latest_small,15,tag_controversial,0.008953580632805824
ml_latest_small,15,tag_crude_humor,0.04038412868976593
ml_latest_small,15,tag_assassin,0.09218700230121613
ml_latest_small,15,tag_feel_good,0.0029009515419602394
ml_latest_small,15,tag_hugh_jackman,0.021577585488557816
ml_latest_small,16,genre_action,0.07527267187833786
ml_latest_small,16,genre_adventure,0.027882004156708717
ml_latest_small,16,genre_animation,0.009382816962897778
ml_latest_small,16,genre_children,0.008094700053334236
ml_latest_small,16,genre_comedy,0.04694825038313866
ml_latest_small,16,genre_crime,0.08086112886667252
ml_latest_small,16,genre_documentary,0.011869089677929878
ml_latest_small,16,genre_drama,0.04974042624235153
ml_latest_small,16,genre_fantasy,0.04371331259608269
ml_latest_small,16,genre_film_noir,9.99999993922529e-09
ml_latest_small,16,genre_horror,0.04494618624448776
ml_latest_small,16,genre_imax,0.07883892208337784
ml_latest_small,16,genre_musical,0.01068037748336792
ml_latest_small,16,genre_mystery,0.034539707005023956
ml_latest_small,16,genre_no_genres_listed,0.07648414373397827
ml_latest_small,16,genre_romance,0.0925467312335968
ml_latest_small,16,genre_sci_fi,0.08162513375282288
ml_latest_small,16,genre_thriller,0.002147544175386429
ml_latest_small,16,genre_war,0.02453496865928173
ml_latest_small,16,genre_western,0.02601361647248268
ml_latest_small,16,tag_in_netflix_queue,0.08888619393110275
ml_latest_small,16,tag_atmospheric,0.02887590415775776
ml_latest_small,16,tag_thought_provoking,0.07839417457580566
ml_latest_small,16,tag_funny,9.99999993922529e-09
ml_latest_small,16,tag_superhero,0.08473935723304749
ml_latest_small,16,tag_surreal,0.033783406019210815
ml_latest_small,16,tag_sci_fi,0.08527758717536926
ml_latest_small,16,tag_disney,0.035878390073776245
ml_latest_small,16,tag_quirky,0.04181684926152229
ml_latest_small,16,tag_religion,0.009177681989967823
ml_latest_small,16,tag_dark_comedy,9.99999993922529e-09
ml_latest_small,16,tag_suspense,0.07118493318557739
ml_latest_small,16,tag_psychology,0.03336002305150032
ml_latest_small,16,tag_twist_ending,0.08913661539554596
ml_latest_small,16,tag_visually_appealing,0.01767270639538765
ml_latest_small,16,tag_comedy,0.03364123776555061
ml_latest_small,16,tag_politics,0.0036087208427488804
ml_latest_small,16,tag_crime,9.99999993922529e-09
ml_latest_small,16,tag_time_travel,0.06373927742242813
ml_latest_small,16,tag_music,0.014692133292555809
ml_latest_small,16,tag_dark,0.0168308038264513
ml_latest_small,16,tag_action,0.06211913749575615
ml_latest_small,16,tag_high_school,0.08870790898799896
ml_latest_small,16,tag_mental_illness,0.01618083380162716
ml_latest_small,16,tag_mindfuck,5.386615521274507e-05
ml_latest_small,16,tag_aliens,0.05213480442762375
ml_latest_small,16,tag_black_comedy,0.0745367780327797
ml_latest_small,16,tag_space,0.06518352031707764
ml_latest_small,16,tag_dreamlike,0.03275516629219055
ml_latest_small,16,tag_mafia,0.031913578510284424
ml_latest_small,16,tag_holocaust,0.06585061550140381
ml_latest_small,16,tag_disturbing,0.05778305232524872
ml_latest_small,16,tag_shakespeare,0.02812153846025467
ml_latest_small,16,tag_emotional,0.041248783469200134
ml_latest_small,16,tag_stephen_king,0.028005490079522133
ml_latest_small,16,tag_journalism,0.03864612057805061
ml_latest_small,16,tag_heist,0.05550765246152878
ml_latest_small,16,tag_classic,0.06589267402887344
ml_latest_small,16,tag_anime,0.02259083464741707
ml_latest_small,16,tag_satire,0.06443655490875244
ml_latest_small,16,tag_court,0.04734988138079643
ml_latest_small,16,tag_christmas,0.0059597790241241455
ml_latest_small,16,tag_animation,0.05494581162929535
ml_latest_small,16,tag_imdb_top_250,0.000681768637150526
ml_latest_small,16,tag_comic_book,0.042269326746463776
ml_latest_small,16,tag_psychological,0.07187405228614807
ml_latest_small,16,tag_ghosts,0.01252442505210638
ml_latest_small,16,tag_bittersweet,0.05523683875799179
ml_latest_small,16,tag_adolescence,0.005227749701589346
ml_latest_small,16,tag_adultery,0.07297865301370621
ml_latest_small,16,tag_boxing,0.0011438642395660281
ml_latest_small,16,tag_drugs,0.07378705590963364
ml_latest_small,16,tag_leonardo_dicaprio,0.05389855429530144
ml_latest_small,16,tag_post_apocalyptic,0.09059105813503265
ml_latest_small,16,tag_robots,0.04612969234585762
ml_latest_small,16,tag_cinematography,0.08614397048950195
ml_latest_small,16,tag_india,0.003822324564680457
ml_latest_small,16,tag_remake,0.02751525118947029
ml_latest_small,16,tag_england,0.00817137397825718
ml_latest_small,16,tag_australia,0.05111062899231911
ml_latest_small,16,tag_vietnam,0.07753171026706696
ml_latest_small,16,tag_philosophical,0.04083326458930969
ml_latest_small,16,tag_will_ferrell,0.045193612575531006
ml_latest_small,16,tag_revenge,0.07276303321123123
ml_latest_small,16,tag_world_war_ii,0.02524111606180668
ml_latest_small,16,tag_adventure,0.00853412039577961
ml_latest_small,16,tag_stylized,0.03931432589888573
ml_latest_small,16,tag_mystery,0.025699565187096596
ml_latest_small,16,tag_murder,0.03198873996734619
ml_latest_small,16,tag_hallucinatory,0.06593849509954453
ml_latest_small,16,tag_military,0.06301742047071457
ml_latest_small,16,tag_tense,9.99999993922529e-09
ml_latest_small,16,tag_creepy,0.013046841137111187
ml_latest_small,16,tag_sexuality,0.051940545439720154
ml_latest_small,16,tag_racism,0.01755731925368309
ml_latest_small,16,tag_heartwarming,0.020168591290712357
ml_latest_small,16,tag_family,0.013370099477469921
ml_latest_small,16,tag_sequel,0.0629803016781807
ml_latest_small,16,tag_police,0.07869885861873627
ml_latest_small,16,tag_violence,0.0783170685172081
ml_latest_small,16,tag_divorce,0.06515339016914368
ml_latest_small,16,tag_coen_brothers,0.059289831668138504
ml_latest_small,16,tag_martial_arts,0.008252750150859356
ml_latest_small,16,tag_serial_killer,0.03637446090579033
ml_latest_small,16,tag_animal_movie,0.08838903158903122
ml_latest_small,16,tag_movie_business,0.07612582296133041
ml_latest_small,16,tag_race,0.009943066164851189
ml_latest_small,16,tag_spoof,0.06367971748113632
ml_latest_small,16,tag_new_york,0.004588519223034382
ml_latest_small,16,tag_bad,0.06711720675230026
ml_latest_small,16,tag_beautiful,0.0029196878895163536
ml_latest_small,16,tag_inspirational,0.05182617902755737
ml_latest_small,16,tag_clever,0.06159516051411629
ml_latest_small,16,tag_witty,0.07836070656776428
ml_latest_small,16,tag_social_commentary,0.08181341737508774
ml_latest_small,16,tag_romance,0.010432596318423748
ml_latest_small,16,tag_predictable,0.041147757321596146
ml_latest_small,16,tag_quentin_tarantino,0.07080420106649399
ml_latest_small,16,tag_dark_humor,0.01396179012954235
ml_latest_small,16,tag_black_and_white,0.05195930227637291
ml_latest_small,16,tag_magic,0.009230549447238445
ml_latest_small,16,tag_cult_film,0.08824975043535233
ml_latest_small,16,tag_assassination,0.011108196340501308
ml_latest_small,16,tag_kidnapping,0.050937775522470474
ml_latest_small,16,tag_prostitution,0.00440616812556982
ml_latest_small,16,tag_disability,0.0640508309006691
ml_latest_small,16,tag_death,0.0630333200097084
ml_latest_small,16,tag_screwball,0.02241208404302597
ml_latest_small,16,tag_bible,0.06235596165060997
ml_latest_small,16,tag_intelligent,0.06654609739780426
ml_latest_small,16,tag_gritty,0.05391982942819595
ml_latest_small,16,tag_cerebral,0.025887472555041313
ml_latest_small,16,tag_wedding,0.01233108900487423
ml_latest_small,16,tag_fantasy,0.04656074196100235
ml_latest_small,16,tag_gothic,0.08693081885576248
ml_latest_small,16,tag_pixar,0.02532581426203251
ml_latest_small,16,tag_great_soundtrack,0.08160404860973358
ml_latest_small,16,tag_soundtrack,0.039084501564502716
ml_latest_small,16,tag_dystopia,0.033269915729761124
ml_latest_small,16,tag_visually_stunning,0.032714344561100006
ml_latest_small,16,tag_future,0.08965777605772018
ml_latest_small,16,tag_zombies,9.99999993922529e-09
ml_latest_small,16,tag_depressing,0.07010754197835922
ml_latest_small,16,tag_terrorism,0.05329512432217598
ml_latest_small,16,tag_pregnancy,0.028250830247998238
ml_latest_small,16,tag_twins,0.05451522395014763
ml_latest_small,16,tag_hit_men,9.99999993922529e-09
ml_latest_small,16,tag_men_in_drag,0.08733713626861572
ml_latest_small,16,tag_remade,0.004242034628987312
ml_latest_small,16,tag_gambling,0.0711580440402031
ml_latest_small,16,tag_television,0.07001569122076035
ml_latest_small,16,tag_astaire_and_rogers,0.0551912747323513
ml_latest_small,16,tag_nick_and_nora_charles,0.07534180581569672
ml_latest_small,16,tag_business,0.07843609154224396
ml_latest_small,16,tag_philosophy,0.08610360324382782
ml_latest_small,16,tag_touching,0.059176042675971985
ml_latest_small,16,tag_al_pacino,0.05294472724199295
ml_latest_small,16,tag_epic,0.01038189884275198
ml_latest_small,16,tag_dogs,9.99999993922529e-09
ml_latest_small,16,tag_adam_sandler,0.021216239780187607
ml_latest_small,16,tag_organized_crime,0.060208480805158615
ml_latest_small,16,tag_stylish,0.013186454772949219
ml_latest_small,16,tag_good_dialogue,0.004597715102136135
ml_latest_small,16,tag_brad_pitt,0.021134888753294945
ml_latest_small,16,tag_ben_stiller,0.034387022256851196
ml_latest_small,16,tag_africa,0.05215555429458618
ml_latest_small,16,tag_corruption,0.06806041300296783
ml_latest_small,16,tag_ryan_reynolds,0.013727910816669464
ml_latest_small,16,tag_thriller,0.007995419204235077
ml_latest_small,16,tag_sarcasm,0.03745279461145401
ml_latest_small,16,tag_based_on_a_book,0.05297757312655449
ml_latest_small,16,tag_humorous,9.99999993922529e-09
ml_latest_small,16,tag_friendship,0.023895135149359703
ml_latest_small,16,tag_artificial_intelligence,0.07357224076986313
ml_latest_small,16,tag_horror,0.06772147864103317
ml_latest_small,16,tag_paranoia,0.0350983589887619
ml_latest_small,16,tag_wizards,0.030947592109441757
ml_latest_small,16,tag_samurai,0.016462286934256554
ml_latest_small,16,tag_president,0.08996735513210297
ml_latest_small,16,tag_alcoholism,0.05383629724383354
ml_latest_small,16,tag_death_penalty,0.019246472045779228
ml_latest_small,16,tag_ireland,9.99999993922529e-09
ml_latest_small,16,tag_space_opera,0.03840962424874306
ml_latest_small,16,tag_marriage,0.07534858584403992
ml_latest_small,16,tag_cross_dressing,0.03327874839305878
ml_latest_small,16,tag_biopic,0.08007731288671494
ml_latest_small,16,tag_aardman,0.004663446918129921
ml_latest_small,16,tag_civil_war,0.06181748956441879
ml_latest_small,16,tag_amnesia,0.07786184549331665
ml_latest_small,16,tag_swashbuckler,0.06546354293823242
ml_latest_small,16,tag_homeless,0.059707071632146835
ml_latest_small,16,tag_baseball,0.04213584214448929
ml_latest_small,16,tag_sports,0.048296328634023666
ml_latest_small,16,tag_lawyers,0.08618693053722382
ml_latest_small,16,tag_judaism,9.99999993922529e-09
ml_latest_small,16,tag_dickens,0.055059608072042465
ml_latest_small,16,tag_jason,0.01005201879888773
ml_latest_small,16,tag_hepburn_and_tracy,0.09112657606601715
ml_latest_small,16,tag_unique,0.06891775131225586
ml_latest_small,16,tag_sad,0.0752192810177803
ml_latest_small,16,tag_fun,0.013583510182797909
ml_latest_small,16,tag_existentialism,0.019598694518208504
ml_latest_small,16,tag_poignant,0.07147349417209625
ml_latest_small,16,tag_martin_scorsese,0.08506431430578232
ml_latest_small,16,tag_true_story,0.03153682500123978
ml_latest_small,16,tag_tom_hanks,0.009841807186603546
ml_latest_small,16,tag_violent,0.07330559939146042
ml_latest_small,16,tag_marvel,0.0715489536523819
ml_latest_small,16,tag_steve_carell,0.07759533822536469
ml_latest_small,16,tag_bad_plot,0.00527403736487031
ml_latest_small,16,tag_seth_rogen,0.009332527406513691
ml_latest_small,16,tag_samuel_l_jackson,0.013069304637610912
ml_latest_small,16,tag_plot_holes,0.0901246964931488
ml_latest_small,16,tag_survival,0.04492567107081413
ml_latest_small,16,tag_interesting,9.99999993922529e-09
ml_latest_small,16,tag_controversial,0.0770474374294281
ml_latest_small,16,tag_crude_humor,0.06978123635053635
ml_latest_small,16,tag_assassin,0.019877159968018532
ml_latest_small,16,tag_feel_good,0.05036967992782593
ml_latest_small,16,tag_hugh_jackman,0.07748408615589142
ml_latest_small,17,genre_action,0.03563390299677849
ml_latest_small,17,genre_adventure,0.08002588152885437
ml_latest_small,17,genre_animation,0.08824578672647476
ml_latest_small,17,genre_children,0.04916159436106682
ml_latest_small,17,genre_comedy,0.03741055727005005
ml_latest_small,17,genre_crime,0.03319236636161804
ml_latest_small,17,genre_documentary,0.025062890723347664
ml_latest_small,17,genre_drama,0.059995029121637344
ml_latest_small,17,genre_fantasy,0.04642128944396973
ml_latest_small,17,genre_film_noir,0.07063472270965576
ml_latest_small,17,genre_horror,0.0016561169177293777
ml_latest_small,17,genre_imax,0.05430849641561508
ml_latest_small,17,genre_musical,0.07744481414556503
ml_latest_small,17,genre_mystery,0.004958650097250938
ml_latest_small,17,genre_no_genres_listed,0.0863833948969841
ml_latest_small,17,genre_romance,0.03750915825366974
ml_latest_small,17,genre_sci_fi,0.07486752420663834
ml_latest_small,17,genre_thriller,0.0853436291217804
ml_latest_small,17,genre_war,0.009730756282806396
ml_latest_small,17,genre_western,0.05650421231985092
ml_latest_small,17,tag_in_netflix_queue,0.04767907038331032
ml_latest_small,17,tag_atmospheric,0.033715520054101944
ml_latest_small,17,tag_thought_provoking,0.006579618901014328
ml_latest_small,17,tag_funny,0.05330469459295273
ml_latest_small,17,tag_superhero,0.08930929005146027
ml_latest_small,17,tag_surreal,9.99999993922529e-09
ml_latest_small,17,tag_sci_fi,9.99999993922529e-09
ml_latest_small,17,tag_disney,0.022652527317404747
ml_latest_small,17,tag_quirky,0.07548412680625916
ml_latest_small,17,tag_religion,0.06646709144115448
ml_latest_small,17,tag_dark_comedy,0.009624502621591091
ml_latest_small,17,tag_suspense,0.04423912987112999
ml_latest_small,17,tag_psychology,0.040638815611600876
ml_latest_small,17,tag_twist_ending,0.018430115655064583
ml_latest_small,17,tag_visually_appealing,0.020121673122048378
ml_latest_small,17,tag_comedy,0.08691029250621796
ml_latest_small,17,tag_politics,0.07104554027318954
ml_latest_small,17,tag_crime,0.009795875288546085
ml_latest_small,17,tag_time_travel,0.012058548629283905
ml_latest_small,17,tag_music,0.005470275413244963
ml_latest_small,17,tag_dark,9.99999993922529e-09
ml_latest_small,17,tag_action,0.05074106901884079
ml_latest_small,17,tag_high_school,0.02742578089237213
ml_latest_small,17,tag_mental_illness,0.08381685614585876
ml_latest_small,17,tag_mindfuck,0.08262883871793747
ml_latest_small,17,tag_aliens,0.016909493133425713
ml_latest_small,17,tag_black_comedy,0.07116108387708664
ml_latest_small,17,tag_space,0.02219216339290142
ml_latest_small,17,tag_dreamlike,0.07716411352157593
ml_latest_small,17,tag_mafia,0.037193797528743744
ml_latest_small,17,tag_holocaust,0.08078307658433914
ml_latest_small,17,tag_disturbing,0.03418654948472977
ml_latest_small,17,tag_shakespeare,0.075779490172863
ml_latest_small,17,tag_emotional,9.99999993922529e-09
ml_latest_small,17,tag_stephen_king,0.09252743422985077
ml_latest_small,17,tag_journalism,9.99999993922529e-09
ml_latest_small,17,tag_heist,0.020430080592632294
ml_latest_small,17,tag_classic,0.0038431715220212936
ml_latest_small,17,tag_anime,0.014860166236758232
ml_latest_small,17,tag_satire,0.08504288643598557
ml_latest_small,17,tag_court,0.09158292412757874
ml_latest_small,17,tag_christmas,0.011967148631811142
ml_latest_small,17,tag_animation,0.004046018235385418
ml_latest_small,17,tag_imdb_top_250,0.0308524239808321
ml_latest_small,17,tag_comic_book,0.025782184675335884
ml_latest_small,17,tag_psychological,0.03031403385102749
ml_latest_small,17,tag_ghosts,0.03364567831158638
ml_latest_small,17,tag_bittersweet,0.03531748428940773
ml_latest_small,17,tag_adolescence,0.012578655034303665
ml_latest_small,17,tag_adultery,0.039852075278759
ml_latest_small,17,tag_boxing,0.05729909613728523
ml_latest_small,17,tag_drugs,0.08488032221794128
ml_latest_small,17,tag_leonardo_dicaprio,0.018831927329301834
ml_latest_small,17,tag_post_apocalyptic,0.009001401253044605
ml_latest_small,17,tag_robots,0.03861930966377258
ml_latest_small,17,tag_cinematography,0.06477504223585129
ml_latest_small,17,tag_india,0.04713516682386398
ml_latest_small,17,tag_remake,0.08319785445928574
ml_latest_small,17,tag_england,0.02978948876261711
ml_latest_small,17,tag_australia,0.06678463518619537
ml_latest_small,17,tag_vietnam,0.06902936846017838
ml_latest_small,17,tag_philosophical,0.06285496801137924
ml_latest_small,17,tag_will_ferrell,0.09074798226356506
ml_latest_small,17,tag_revenge,0.0910886600613594
ml_latest_small,17,tag_world_war_ii,0.043320104479789734
ml_latest_small,17,tag_adventure,0.007068260572850704
ml_latest_small,17,tag_stylized,0.006847829557955265
ml_latest_small,17,tag_mystery,0.0675206109881401
ml_latest_small,17,tag_murder,0.0208972729742527
ml_latest_small,17,tag_hallucinatory,0.039629146456718445
ml_latest_small,17,tag_military,0.026520119979977608
ml_latest_small,17,tag_tense,0.05903828516602516
ml_latest_small,17,tag_creepy,0.0005904447752982378
ml_latest_small,17,tag_sexuality,0.06986390054225922
ml_latest_small,17,tag_racism,0.07072144746780396
ml_latest_small,17,tag_heartwarming,0.023191947489976883
ml_latest_small,17,tag_family,0.011411561630666256
ml_latest_small,17,tag_sequel,9.99999993922529e-09
ml_latest_small,17,tag_police,9.99999993922529e-09
ml_latest_small,17,tag_violence,0.05340501293540001
ml_latest_small,17,tag_divorce,0.06840215623378754
ml_latest_small,17,tag_coen_brothers,0.041433174163103104
ml_latest_small,17,tag_martial_arts,0.05252880975604057
ml_latest_small,17,tag_serial_killer,0.014457140117883682
ml_latest_small,17,tag_animal_movie,9.99999993922529e-09
ml_latest_small,17,tag_movie_business,0.0460638701915741
ml_latest_small,17,tag_race,0.09000950306653976
ml_latest_small,17,tag_spoof,9.99999993922529e-09
ml_latest_small,17,tag_new_york,0.006283201742917299
ml_latest_small,17,tag_bad,0.06591982394456863
ml_latest_small,17,tag_beautiful,0.0838824212551117
ml_latest_small,17,tag_inspirational,0.023245682939887047
ml_latest_small,17,tag_clever,0.05370825156569481
ml_latest_small,17,tag_witty,0.02899792604148388
ml_latest_small,17,tag_social_commentary,0.023435764014720917
ml_latest_small,17,tag_romance,0.021702036261558533
ml_latest_small,17,tag_predictable,9.99999993922529e-09
ml_latest_small,17,tag_quentin_tarantino,0.04797721281647682
ml_latest_small,17,tag_dark_humor,0.009635466150939465
ml_latest_small,17,tag_black_and_white,0.048481788486242294
ml_latest_small,17,tag_magic,0.05516844987869263
ml_latest_small,17,tag_cult_film,0.06580442190170288
ml_latest_small,17,tag_assassination,0.012741376645863056
ml_latest_small,17,tag_kidnapping,0.045146387070417404
ml_latest_small,17,tag_prostitution,0.04246468096971512
ml_latest_small,17,tag_disability,0.052847061306238174
ml_latest_small,17,tag_death,0.06030244380235672
ml_latest_small,17,tag_screwball,0.06305740028619766
ml_latest_small,17,tag_bible,0.011696048080921173
ml_latest_small,17,tag_intelligent,0.010460472665727139
ml_latest_small,17,tag_gritty,9.99999993922529e-09
ml_latest_small,17,tag_cerebral,9.99999993922529e-09
ml_latest_small,17,tag_wedding,0.01915062963962555
ml_latest_small,17,tag_fantasy,0.05869327858090401
ml_latest_small,17,tag_gothic,0.02581772580742836
ml_latest_small,17,tag_pixar,0.04746754840016365
ml_latest_small,17,tag_great_soundtrack,0.03128286451101303
ml_latest_small,17,tag_soundtrack,0.0871092826128006
ml_latest_small,17,tag_dystopia,0.025164425373077393
ml_latest_small,17,tag_visually_stunning,0.06678272038698196
ml_latest_small,17,tag_future,0.010168762877583504
ml_latest_small,17,tag_zombies,0.02136518433690071
ml_latest_small,17,tag_depressing,0.00512042036280036
ml_latest_small,17,tag_terrorism,0.0070693581365048885
ml_latest_small,17,tag_pregnancy,0.011930422857403755
ml_latest_small,17,tag_twins,0.06245660409331322
ml_latest_small,17,tag_hit_men,0.06184966117143631
ml_latest_small,17,tag_men_in_drag,0.048955485224723816
ml_latest_small,17,tag_remade,0.09013435244560242
ml_latest_small,17,tag_gambling,0.07546642422676086
ml_latest_small,17,tag_television,0.04601135104894638
ml_latest_small,17,tag_astaire_and_rogers,0.047729164361953735
ml_latest_small,17,tag_nick_and_nora_charles,0.04720481485128403
ml_latest_small,17,tag_business,0.06007109954953194
ml_latest_small,17,tag_philosophy,0.07118979096412659
ml_latest_small,17,tag_touching,0.08558525145053864
ml_latest_small,17,tag_al_pacino,0.09000881016254425
ml_latest_small,17,tag_epic,0.06526990234851837
ml_latest_small,17,tag_dogs,0.08124253898859024
ml_latest_small,17,tag_adam_sandler,0.03589187562465668
ml_latest_small,17,tag_organized_crime,0.040653739124536514
ml_latest_small,17,tag_stylish,0.007969190366566181
ml_latest_small,17,tag_good_dialogue,0.038027141243219376
ml_latest_small,17,tag_brad_pitt,0.05655484274029732
ml_latest_small,17,tag_ben_stiller,0.01723865419626236
ml_latest_small,17,tag_africa,0.037180133163928986
ml_latest_small,17,tag_corruption,0.09150686860084534
ml_latest_small,17,tag_ryan_reynolds,0.05996333807706833
ml_latest_small,17,tag_thriller,0.07685209810733795
ml_latest_small,17,tag_sarcasm,0.07337848097085953
ml_latest_small,17,tag_based_on_a_book,0.025649238377809525
ml_latest_small,17,tag_humorous,0.02801702544093132
ml_latest_small,17,tag_friendship,0.037549782544374466
ml_latest_small,17,tag_artificial_intelligence,0.061830226331949234
ml_latest_small,17,tag_horror,0.006411778274923563
ml_latest_small,17,tag_paranoia,0.027125628665089607
ml_latest_small,17,tag_wizards,0.08939982950687408
ml_latest_small,17,tag_samurai,0.04687708616256714
ml_latest_small,17,tag_president,0.08320014923810959
ml_latest_small,17,tag_alcoholism,0.08802386373281479
ml_latest_small,17,tag_death_penalty,0.06675297021865845
ml_latest_small,17,tag_ireland,0.030041176825761795
ml_latest_small,17,tag_space_opera,0.002078970428556204
ml_latest_small,17,tag_marriage,0.04525652527809143
ml_latest_small,17,tag_cross_dressing,0.08381758630275726
ml_latest_small,17,tag_biopic,0.05383913591504097
ml_latest_small,17,tag_aardman,0.06969744712114334
ml_latest_small,17,tag_civil_war,9.99999993922529e-09
ml_latest_small,17,tag_amnesia,0.05591561645269394
ml_latest_small,17,tag_swashbuckler,0.05971542000770569
ml_latest_small,17,tag_homeless,0.043664395809173584
ml_latest_small,17,tag_baseball,9.99999993922529e-09
ml_latest_small,17,tag_sports,0.0723084956407547
ml_latest_small,17,tag_lawyers,0.045303553342819214
ml_latest_small,17,tag_judaism,0.04743826016783714
ml_latest_small,17,tag_dickens,0.005164499394595623
ml_latest_small,17,tag_jason,0.0341406986117363
ml_latest_small,17,tag_hepburn_and_tracy,0.03585757315158844
ml_latest_small,17,tag_unique,9.99999993922529e-09
ml_latest_small,17,tag_sad,0.039299510419368744
ml_latest_small,17,tag_fun,0.06807760894298553
ml_latest_small,17,tag_existentialism,0.06662271916866302
ml_latest_small,17,tag_poignant,0.07201613485813141
ml_latest_small,17,tag_martin_scorsese,0.010097538121044636
ml_latest_small,17,tag_true_story,0.055893536657094955
ml_latest_small,17,tag_tom_hanks,0.06397733092308044
ml_latest_small,17,tag_violent,0.05376116931438446
ml_latest_small,17,tag_marvel,0.04243677482008934
ml_latest_small,17,tag_steve_carell,0.05682054162025452
ml_latest_small,17,tag_bad_plot,0.039250221103429794
ml_latest_small,17,tag_seth_rogen,0.08164691925048828
ml_latest_small,17,tag_samuel_l_jackson,0.04909968376159668
ml_latest_small,17,tag_plot_holes,9.99999993922529e-09
ml_latest_small,17,tag_survival,0.011628890410065651
ml_latest_small,17,tag_interesting,0.08233016729354858
ml_latest_small,17,tag_controversial,0.03892119973897934
ml_latest_small,17,tag_crude_humor,0.006519088055938482
ml_latest_small,17,tag_assassin,0.036972593516111374
ml_latest_small,17,tag_feel_good,0.0033212313428521156
ml_latest_small,17,tag_hugh_jackman,0.01122669130563736
ml_latest_small,18,genre_action,0.02764231711626053
ml_latest_small,18,genre_adventure,0.016375688835978508
ml_latest_small,18,genre_animation,9.99999993922529e-09
ml_latest_small,18,genre_children,0.022754624485969543
ml_latest_small,18,genre_comedy,0.07624967396259308
ml_latest_small,18,genre_crime,0.011270437389612198
ml_latest_small,18,genre_documentary,0.03797198459506035
ml_latest_small,18,genre_drama,0.04950511083006859
ml_latest_small,18,genre_fantasy,0.007139211520552635
ml_latest_small,18,genre_film_noir,9.99999993922529e-09
ml_latest_small,18,genre_horror,0.07189612835645676
ml_latest_small,18,genre_imax,0.009772276505827904
ml_latest_small,18,genre_musical,0.04724948853254318
ml_latest_small,18,genre_mystery,0.08314328640699387
ml_latest_small,18,genre_no_genres_listed,0.07164700329303741
ml_latest_small,18,genre_romance,0.024986956268548965
ml_latest_small,18,genre_sci_fi,0.06981385499238968
ml_latest_small,18,genre_thriller,0.09081240743398666
ml_latest_small,18,genre_war,0.003458217950537801
ml_latest_small,18,genre_western,0.02907433547079563
ml_latest_small,18,tag_in_netflix_queue,0.042823344469070435
ml_latest_small,18,tag_atmospheric,0.03241899982094765
ml_latest_small,18,tag_thought_provoking,0.039173100143671036
ml_latest_small,18,tag_funny,0.0305459126830101
ml_latest_small,18,tag_superhero,0.012201438657939434
ml_latest_small,18,tag_surreal,0.016738759353756905
ml_latest_small,18,tag_sci_fi,0.04572097957134247
ml_latest_small,18,tag_disney,0.009883406572043896
ml_latest_small,18,tag_quirky,0.05091889202594757
ml_latest_small,18,tag_religion,0.01963050104677677
ml_latest_small,18,tag_dark_comedy,0.07581136375665665
ml_latest_small,18,tag_suspense,0.08264672756195068
ml_latest_small,18,tag_psychology,0.09225738793611526
ml_latest_small,18,tag_twist_ending,0.03544246032834053
ml_latest_small,18,tag_visually_appealing,0.08428525924682617
ml_latest_small,18,tag_comedy,0.06900867819786072
ml_latest_small,18,tag_politics,0.04837939888238907
ml_latest_small,18,tag_crime,0.051663439720869064
ml_latest_small,18,tag_time_travel,0.05571002513170242
ml_latest_small,18,tag_music,0.003671882674098015
ml_latest_small,18,tag_dark,0.054291244596242905
ml_latest_small,18,tag_action,0.02714833989739418
ml_latest_small,18,tag_high_school,0.027250971645116806
ml_latest_small,18,tag_mental_illness,0.05253322049975395
ml_latest_small,18,tag_mindfuck,0.08791350573301315
ml_latest_small,18,tag_aliens,0.08665437251329422
ml_latest_small,18,tag_black_comedy,0.061889152973890305
ml_latest_small,18,tag_space,0.029663531109690666
ml_latest_small,18,tag_dreamlike,0.05464572831988335
ml_latest_small,18,tag_mafia,0.012084292247891426
ml_latest_small,18,tag_holocaust,0.016413923352956772
ml_latest_small,18,tag_disturbing,9.99999993922529e-09
ml_latest_small,18,tag_shakespeare,0.03849932551383972
ml_latest_small,18,tag_emotional,0.07359247654676437
ml_latest_small,18,tag_stephen_king,0.03706080839037895
ml_latest_small,18,tag_journalism,0.08840999007225037
ml_latest_small,18,tag_heist,0.03529944270849228
ml_latest_small,18,tag_classic,0.08713489770889282
ml_latest_small,18,tag_anime,0.0015768345911055803
ml_latest_small,18,tag_satire,0.035519663244485855
ml_latest_small,18,tag_court,0.07029490172863007
ml_latest_small,18,tag_christmas,0.0381607823073864
ml_latest_small,18,tag_animation,0.01441253162920475
ml_latest_small,18,tag_imdb_top_250,0.04094227775931358
ml_latest_small,18,tag_comic_book,0.05422356352210045
ml_latest_small,18,tag_psychological,0.05382879450917244
ml_latest_small,18,tag_ghosts,0.007801820058375597
ml_latest_small,18,tag_bittersweet,0.07571686804294586
ml_latest_small,18,tag_adolescence,0.07352400571107864
ml_latest_small,18,tag_adultery,0.02247934602200985
ml_latest_small,18,tag_boxing,0.01713576726615429
ml_latest_small,18,tag_drugs,0.05885040760040283
ml_latest_small,18,tag_leonardo_dicaprio,0.05491010844707489
ml_latest_small,18,tag_post_apocalyptic,0.02859974093735218
ml_latest_small,18,tag_robots,0.06426376849412918
ml_latest_small,18,tag_cinematography,0.06521095335483551
ml_latest_small,18,tag_india,0.03529416397213936
ml_latest_small,18,tag_remake,0.053330663591623306
ml_latest_small,18,tag_england,0.03161012753844261
ml_latest_small,18,tag_australia,0.08603967726230621
ml_latest_small,18,tag_vietnam,0.08736532181501389
ml_latest_small,18,tag_philosophical,0.05300053581595421
ml_latest_small,18,tag_will_ferrell,0.0266288872808218
ml_latest_small,18,tag_revenge,0.08111587166786194
ml_latest_small,18,tag_world_war_ii,0.004930818919092417
ml_latest_small,18,tag_adventure,0.010785610415041447
ml_latest_small,18,tag_stylized,0.04045172780752182
ml_latest_small,18,tag_mystery,0.08082964271306992
ml_latest_small,18,tag_murder,0.04506237059831619
ml_latest_small,18,tag_hallucinatory,0.010876794345676899
ml_latest_small,18,tag_military,0.023466598242521286
ml_latest_small,18,tag_tense,0.08999237418174744
ml_latest_small,18,tag_creepy,0.011817575432360172
ml_latest_small,18,tag_sexuality,0.05584116652607918
ml_latest_small,18,tag_racism,0.04364572837948799
ml_latest_small,18,tag_heartwarming,0.04521724954247475
ml_latest_small,18,tag_family,0.006241010967642069
ml_latest_small,18,tag_sequel,0.005123479291796684
ml_latest_small,18,tag_police,0.058639999479055405
ml_latest_small,18,tag_violence,0.007218885235488415
ml_latest_small,18,tag_divorce,0.032969340682029724
ml_latest_small,18,tag_coen_brothers,0.08844441920518875
ml_latest_small,18,tag_martial_arts,0.03771636262536049
ml_latest_small,18,tag_serial_killer,0.01722702383995056
ml_latest_small,18,tag_animal_movie,0.04426654428243637
ml_latest_small,18,tag_movie_business,0.0005322631332091987
ml_latest_small,18,tag_race,0.06977034360170364
ml_latest_small,18,tag_spoof,0.00050575309433043
ml_latest_small,18,tag_new_york,0.03080270066857338
ml_latest_small,18,tag_bad,0.012460312806069851
ml_latest_small,18,tag_beautiful,0.08122067153453827
ml_latest_small,18,tag_inspirational,0.053001124411821365
ml_latest_small,18,tag_clever,0.001723010209389031
ml_latest_small,18,tag_witty,0.051826514303684235
ml_latest_small,18,tag_social_commentary,0.04889090359210968
ml_latest_small,18,tag_romance,0.012153713963925838
ml_latest_small,18,tag_predictable,0.0036008257884532213
ml_latest_small,18,tag_quentin_tarantino,0.036608923226594925
ml_latest_small,18,tag_dark_humor,0.01714082434773445
ml_latest_small,18,tag_black_and_white,0.091672383248806
ml_latest_small,18,tag_magic,0.06491346657276154
ml_latest_small,18,tag_cult_film,0.005236792378127575
ml_latest_small,18,tag_assassination,0.030468396842479706
ml_latest_small,18,tag_kidnapping,0.07141894847154617
ml_latest_small,18,tag_prostitution,0.033995915204286575
ml_latest_small,18,tag_disability,0.04038986563682556
ml_latest_small,18,tag_death,0.02928759902715683
ml_latest_small,18,tag_screwball,0.048530321568250656
ml_latest_small,18,tag_bible,0.07738470286130905
ml_latest_small,18,tag_intelligent,0.013942071236670017
ml_latest_small,18,tag_gritty,0.048378463834524155
ml_latest_small,18,tag_cerebral,0.08589409291744232
ml_latest_small,18,tag_wedding,0.0229802168905735
ml_latest_small,18,tag_fantasy,0.07457675039768219
ml_latest_small,18,tag_gothic,0.046888597309589386
ml_latest_small,18,tag_pixar,0.01185239665210247
ml_latest_small,18,tag_great_soundtrack,0.03661267086863518
ml_latest_small,18,tag_soundtrack,0.08986520022153854
ml_latest_small,18,tag_dystopia,0.04049176722764969
ml_latest_small,18,tag_visually_stunning,0.08258263021707535
ml_latest_small,18,tag_future,0.019147632643580437
ml_latest_small,18,tag_zombies,0.08616529405117035
ml_latest_small,18,tag_depressing,0.03339653089642525
ml_latest_small,18,tag_terrorism,0.006802170071750879
ml_latest_small,18,tag_pregnancy,0.06414765864610672
ml_latest_small,18,tag_twins,0.05182738974690437
ml_latest_small,18,tag_hit_men,0.09161540865898132
ml_latest_small,18,tag_men_in_drag,0.058213844895362854
ml_latest_small,18,tag_remade,0.05335351824760437
ml_latest_small,18,tag_gambling,0.032296571880578995
ml_latest_small,18,tag_television,0.07238155603408813
ml_latest_small,18,tag_astaire_and_rogers,0.0620228573679924
ml_latest_small,18,tag_nick_and_nora_charles,0.08627038449048996
ml_latest_small,18,tag_business,9.99999993922529e-09
ml_latest_small,18,tag_philosophy,0.07346058636903763
ml_latest_small,18,tag_touching,0.07174701243638992
ml_latest_small,18,tag_al_pacino,0.020295552909374237
ml_latest_small,18,tag_epic,0.07461725920438766
ml_latest_small,18,tag_dogs,0.0708199217915535
ml_latest_small,18,tag_adam_sandler,0.06258294731378555
ml_latest_small,18,tag_organized_crime,9.99999993922529e-09
ml_latest_small,18,tag_stylish,0.08564353734254837
ml_latest_small,18,tag_good_dialogue,0.0401957742869854
ml_latest_small,18,tag_brad_pitt,0.061758335679769516
ml_latest_small,18,tag_ben_stiller,0.07367666810750961
ml_latest_small,18,tag_africa,0.06229976564645767
ml_latest_small,18,tag_corruption,0.00035523209953680634
ml_latest_small,18,tag_ryan_reynolds,0.03257264941930771
ml_latest_small,18,tag_thriller,0.04552876204252243
ml_latest_small,18,tag_sarcasm,0.08090832084417343
ml_latest_small,18,tag_based_on_a_book,9.99999993922529e-09
ml_latest_small,18,tag_humorous,0.058957844972610474
ml_latest_small,18,tag_friendship,0.058972153812646866
ml_latest_small,18,tag_artificial_intelligence,9.99999993922529e-09
ml_latest_small,18,tag_horror,0.08793280273675919
ml_latest_small,18,tag_paranoia,0.015422008000314236
ml_latest_small,18,tag_wizards,0.09010095149278641
ml_latest_small,18,tag_samurai,0.017873283475637436
ml_latest_small,18,tag_president,0.012652145698666573
ml_latest_small,18,tag_alcoholism,0.09144016355276108
ml_latest_small,18,tag_death_penalty,0.07322094589471817
ml_latest_small,18,tag_ireland,0.03853787109255791
ml_latest_small,18,tag_space_opera,0.019547700881958008
ml_latest_small,18,tag_marriage,0.035975322127342224
ml_latest_small,18,tag_cross_dressing,9.99999993922529e-09
ml_latest_small,18,tag_biopic,0.04815087839961052
ml_latest_small,18,tag_aardman,0.02063932456076145
ml_latest_small,18,tag_civil_war,9.99999993922529e-09
ml_latest_small,18,tag_amnesia,0.005219500046223402
ml_latest_small,18,tag_swashbuckler,0.016865678131580353
ml_latest_small,18,tag_homeless,9.99999993922529e-09
ml_latest_small,18,tag_baseball,0.08494077622890472
ml_latest_small,18,tag_sports,0.05559976026415825
ml_latest_small,18,tag_lawyers,0.007284524850547314
ml_latest_small,18,tag_judaism,0.024935316294431686
ml_latest_small,18,tag_dickens,0.04297900199890137
ml_latest_small,18,tag_jason,0.0049825976602733135
ml_latest_small,18,tag_hepburn_and_tracy,0.05234595015645027
ml_latest_small,18,tag_unique,0.07277069240808487
ml_latest_small,18,tag_sad,0.02518337592482567
ml_latest_small,18,tag_fun,0.0693155974149704
ml_latest_small,18,tag_existentialism,0.034664664417505264
ml_latest_small,18,tag_poignant,0.0453106053173542
ml_latest_small,18,tag_martin_scorsese,0.08200336992740631
ml_latest_small,18,tag_true_story,0.03819005563855171
ml_latest_small,18,tag_tom_hanks,0.06252525746822357
ml_latest_small,18,tag_violent,0.06835779547691345
ml_latest_small,18,tag_marvel,0.08196363598108292
ml_latest_small,18,tag_steve_carell,0.023781349882483482
ml_latest_small,18,tag_bad_plot,0.061422936618328094
ml_latest_small,18,tag_seth_rogen,0.07326523214578629
ml_latest_small,18,tag_samuel_l_jackson,0.07070375233888626
ml_latest_small,18,tag_plot_holes,0.04221443831920624
ml_latest_small,18,tag_survival,0.07823614031076431
ml_latest_small,18,tag_interesting,0.026198720559477806
ml_latest_small,18,tag_controversial,9.99999993922529e-09
ml_latest_small,18,tag_crude_humor,0.010347023606300354
ml_latest_small,18,tag_assassin,0.05236724391579628
ml_latest_small,18,tag_feel_good,9.99999993922529e-09
ml_latest_small,18,tag_hugh_jackman,0.05985257402062416
ml_latest_small,19,genre_action,0.06945008039474487
ml_latest_small,19,genre_adventure,0.04222331941127777
ml_latest_small,19,genre_animation,0.015951037406921387
ml_latest_small,19,genre_children,0.052280500531196594
ml_latest_small,19,genre_comedy,0.061115480959415436
ml_latest_small,19,genre_crime,0.09454989433288574
ml_latest_small,19,genre_documentary,9.99999993922529e-09
ml_latest_small,19,genre_drama,0.017511771991848946
ml_latest_small,19,genre_fantasy,0.04118625074625015
ml_latest_small,19,genre_film_noir,0.025799404829740524
ml_latest_small,19,genre_horror,0.08950775116682053
ml_latest_small,19,genre_imax,0.04705800488591194
ml_latest_small,19,genre_musical,0.09169547259807587
ml_latest_small,19,genre_mystery,0.0197753868997097
ml_latest_small,19,genre_no_genres_listed,0.06090492382645607
ml_latest_small,19,genre_romance,0.05293487012386322
ml_latest_small,19,genre_sci_fi,0.09301102161407471
ml_latest_small,19,genre_thriller,0.09298234432935715
ml_latest_small,19,genre_war,0.07569762319326401
ml_latest_small,19,genre_western,0.07952456176280975
ml_latest_small,19,tag_in_netflix_queue,0.02629174292087555
ml_latest_small,19,tag_atmospheric,0.05014708638191223
ml_latest_small,19,tag_thought_provoking,0.00906685832887888
ml_latest_small,19,tag_funny,0.034490395337343216
ml_latest_small,19,tag_superhero,0.016148941591382027
ml_latest_small,19,tag_surreal,0.05006827414035797
ml_latest_small,19,tag_sci_fi,0.0697246864438057
ml_latest_small,19,tag_disney,0.06601887941360474
ml_latest_small,19,tag_quirky,0.07671880722045898
ml_latest_small,19,tag_religion,0.05804217979311943
ml_latest_small,19,tag_dark_comedy,0.0910957083106041
ml_latest_small,19,tag_suspense,0.028510183095932007
ml_latest_small,19,tag_psychology,9.99999993922529e-09
ml_latest_small,19,tag_twist_ending,0.06031280755996704
ml_latest_small,19,tag_visually_appealing,0.08570624142885208
ml_latest_small,19,tag_comedy,0.02259027771651745
ml_latest_small,19,tag_politics,0.012317119166254997
ml_latest_small,19,tag_crime,0.0036081289872527122
ml_latest_small,19,tag_time_travel,0.06132196635007858
ml_latest_small,19,tag_music,0.07568545639514923
ml_latest_small,19,tag_dark,0.0011657954892143607
ml_latest_small,19,tag_action,0.09247110784053802
ml_latest_small,19,tag_high_school,0.01446567289531231
ml_latest_small,19,tag_mental_illness,9.99999993922529e-09
ml_latest_small,19,tag_mindfuck,0.07107126712799072
ml_latest_small,19,tag_aliens,7.673862273804843e-05
ml_latest_small,19,tag_black_comedy,0.032553378492593765
ml_latest_small,19,tag_space,0.04622597619891167
ml_latest_small,19,tag_dreamlike,0.053042784333229065
ml_latest_small,19,tag_mafia,0.0587446428835392
ml_latest_small,19,tag_holocaust,0.04314109683036804
ml_latest_small,19,tag_disturbing,0.02220197208225727
ml_latest_small,19,tag_shakespeare,0.03523995727300644
ml_latest_small,19,tag_emotional,0.026159074157476425
ml_latest_small,19,tag_stephen_king,0.0206341203302145
ml_latest_small,19,tag_journalism,0.08017591387033463
ml_latest_small,19,tag_heist,0.02506047673523426
ml_latest_small,19,tag_classic,0.059713009744882584
ml_latest_small,19,tag_anime,0.01185665838420391
ml_latest_small,19,tag_satire,0.07326525449752808
ml_latest_small,19,tag_court,0.050543565303087234
ml_latest_small,19,tag_christmas,0.03518282249569893
ml_latest_small,19,tag_animation,0.07809033989906311
ml_latest_small,19,tag_imdb_top_250,0.07561425864696503
ml_latest_small,19,tag_comic_book,0.07724583148956299
ml_latest_small,19,tag_psychological,0.01734067313373089
ml_latest_small,19,tag_ghosts,0.07288789749145508
ml_latest_small,19,tag_bittersweet,0.06285541504621506
ml_latest_small,19,tag_adolescence,0.05930720269680023
ml_latest_small,19,tag_adultery,0.017888937145471573
ml_latest_small,19,tag_boxing,0.012445442378520966
ml_latest_small,19,tag_drugs,0.09175045788288116
ml_latest_small,19,tag_leonardo_dicaprio,0.08823832869529724
ml_latest_small,19,tag_post_apocalyptic,0.06348365545272827
ml_latest_small,19,tag_robots,0.05047953501343727
ml_latest_small,19,tag_cinematography,0.08383629471063614
ml_latest_small,19,tag_india,0.0034459750168025494
ml_latest_small,19,tag_remake,9.99999993922529e-09
ml_latest_small,19,tag_england,0.012528828345239162
ml_latest_small,19,tag_australia,0.0527837872505188
ml_latest_small,19,tag_vietnam,0.09185658395290375
ml_latest_small,19,tag_philosophical,0.055644210427999496
ml_latest_small,19,tag_will_ferrell,0.007849008776247501
ml_latest_small,19,tag_revenge,0.05408957600593567
ml_latest_small,19,tag_world_war_ii,0.006923014763742685
ml_latest_small,19,tag_adventure,0.03270825743675232
ml_latest_small,19,tag_stylized,0.0509008951485157
ml_latest_small,19,tag_mystery,0.031331393867731094
ml_latest_small,19,tag_murder,0.004170214757323265
ml_latest_small,19,tag_hallucinatory,0.08995246142148972
ml_latest_small,19,tag_military,0.05534889176487923
ml_latest_small,19,tag_tense,0.08821406215429306
ml_latest_small,19,tag_creepy,0.05822103098034859
ml_latest_small,19,tag_sexuality,9.99999993922529e-09
ml_latest_small,19,tag_racism,0.0723700150847435
ml_latest_small,19,tag_heartwarming,9.99999993922529e-09
ml_latest_small,19,tag_family,0.055714111775159836
ml_latest_small,19,tag_sequel,0.07249767333269119
ml_latest_small,19,tag_police,0.010926623828709126
ml_latest_small,19,tag_violence,0.031158145517110825
ml_latest_small,19,tag_divorce,0.07072892785072327
ml_latest_small,19,tag_coen_brothers,0.05050848424434662
ml_latest_small,19,tag_martial_arts,0.0421089269220829
ml_latest_small,19,tag_serial_killer,0.06912365555763245
ml_latest_small,19,tag_animal_movie,0.04045417904853821
ml_latest_small,19,tag_movie_business,0.004957071505486965
ml_latest_small,19,tag_race,0.08591054379940033
ml_latest_small,19,tag_spoof,0.060566212981939316
ml_latest_small,19,tag_new_york,0.041650284081697464
ml_latest_small,19,tag_bad,0.057237062603235245
ml_latest_small,19,tag_beautiful,9.99999993922529e-09
ml_latest_small,19,tag_inspirational,0.047045085579156876
ml_latest_small,19,tag_clever,0.03263384476304054
ml_latest_small,19,tag_witty,0.06547518074512482
ml_latest_small,19,tag_social_commentary,0.0446196049451828
ml_latest_small,19,tag_romance,0.042917557060718536
ml_latest_small,19,tag_predictable,0.023340798914432526
ml_latest_small,19,tag_quentin_tarantino,9.99999993922529e-09
ml_latest_small,19,tag_dark_humor,0.009302951395511627
ml_latest_small,19,tag_black_and_white,0.011440372094511986
ml_latest_small,19,tag_magic,9.99999993922529e-09
ml_latest_small,19,tag_cult_film,0.06656139343976974
ml_latest_small,19,tag_assassination,0.013868186622858047
ml_latest_small,19,tag_kidnapping,0.02916235290467739
ml_latest_small,19,tag_prostitution,0.005063162650913
ml_latest_small,19,tag_disability,0.054125282913446426
ml_latest_small,19,tag_death,0.03717756271362305
ml_latest_small,19,tag_screwball,0.03959837183356285
ml_latest_small,19,tag_bible,0.06735491007566452
ml_latest_small,19,tag_intelligent,0.018320517614483833
ml_latest_small,19,tag_gritty,0.03373604267835617
ml_latest_small,19,tag_cerebral,0.049464769661426544
ml_latest_small,19,tag_wedding,0.007901360280811787
ml_latest_small,19,tag_fantasy,0.056596770882606506
ml_latest_small,19,tag_gothic,0.032644033432006836
ml_latest_small,19,tag_pixar,0.04756210371851921
ml_latest_small,19,tag_great_soundtrack,0.07626406848430634
ml_latest_small,19,tag_soundtrack,0.012848463840782642
ml_latest_small,19,tag_dystopia,9.99999993922529e-09
ml_latest_small,19,tag_visually_stunning,0.0368252731859684
ml_latest_small,19,tag_future,0.028237244114279747
ml_latest_small,19,tag_zombies,0.05012984573841095
ml_latest_small,19,tag_depressing,0.07964961975812912
ml_latest_small,19,tag_terrorism,0.008981321007013321
ml_latest_small,19,tag_pregnancy,0.0240026768296957
ml_latest_small,19,tag_twins,0.06609239429235458
ml_latest_small,19,tag_hit_men,0.033248841762542725
ml_latest_small,19,tag_men_in_drag,0.01237973477691412
ml_latest_small,19,tag_remade,0.04986683279275894
ml_latest_small,19,tag_gambling,0.047201789915561676
ml_latest_small,19,tag_television,0.0609435997903347
ml_latest_small,19,tag_astaire_and_rogers,0.01571544073522091
ml_latest_small,19,tag_nick_and_nora_charles,0.058284275233745575
ml_latest_small,19,tag_business,0.07760647684335709
ml_latest_small,19,tag_philosophy,0.05896834656596184
ml_latest_small,19,tag_touching,0.06367840617895126
ml_latest_small,19,tag_al_pacino,0.021476462483406067
ml_latest_small,19,tag_epic,9.99999993922529e-09
ml_latest_small,19,tag_dogs,9.99999993922529e-09
ml_latest_small,19,tag_adam_sandler,0.05980629846453667
ml_latest_small,19,tag_organized_crime,9.99999993922529e-09
ml_latest_small,19,tag_stylish,0.08162154257297516
ml_latest_small,19,tag_good_dialogue,0.039786335080862045
ml_latest_small,19,tag_brad_pitt,0.03776566684246063
ml_latest_small,19,tag_ben_stiller,0.036134809255599976
ml_latest_small,19,tag_africa,0.05032467842102051
ml_latest_small,19,tag_corruption,0.07411864399909973
ml_latest_small,19,tag_ryan_reynolds,0.009131752885878086
ml_latest_small,19,tag_thriller,0.038206446915864944
ml_latest_small,19,tag_sarcasm,0.03712544962763786
ml_latest_small,19,tag_based_on_a_book,0.02258281596004963
ml_latest_small,19,tag_humorous,9.99999993922529e-09
ml_latest_small,19,tag_friendship,0.07051881402730942
ml_latest_small,19,tag_artificial_intelligence,0.0069189821369946
ml_latest_small,19,tag_horror,0.009357251226902008
ml_latest_small,19,tag_paranoia,0.08225970715284348
ml_latest_small,19,tag_wizards,0.05940848961472511
ml_latest_small,19,tag_samurai,0.0003542383201420307
ml_latest_small,19,tag_president,0.031990472227334976
ml_latest_small,19,tag_alcoholism,9.99999993922529e-09
ml_latest_small,19,tag_death_penalty,0.012167273089289665
ml_latest_small,19,tag_ireland,0.05495583638548851
ml_latest_small,19,tag_space_opera,0.05179561674594879
ml_latest_small,19,tag_marriage,0.0713910385966301
ml_latest_small,19,tag_cross_dressing,0.06668178737163544
ml_latest_small,19,tag_biopic,0.057440150529146194
ml_latest_small,19,tag_aardman,0.08229076862335205
ml_latest_small,19,tag_civil_war,0.050277359783649445
ml_latest_small,19,tag_amnesia,0.014728210866451263
ml_latest_small,19,tag_swashbuckler,0.07352974265813828
ml_latest_small,19,tag_homeless,0.023241864517331123
ml_latest_small,19,tag_baseball,0.060106996446847916
ml_latest_small,19,tag_sports,0.0692511722445488
ml_latest_small,19,tag_lawyers,0.06672308593988419
ml_latest_small,19,tag_judaism,0.07534439861774445
ml_latest_small,19,tag_dickens,0.03398510441184044
ml_latest_small,19,tag_jason,0.03665624186396599
ml_latest_small,19,tag_hepburn_and_tracy,0.04653431102633476
ml_latest_small,19,tag_unique,0.09215370565652847
ml_latest_small,19,tag_sad,9.99999993922529e-09
ml_latest_small,19,tag_fun,0.06000812351703644
ml_latest_small,19,tag_existentialism,0.06341611593961716
ml_latest_small,19,tag_poignant,0.08918683230876923
ml_latest_small,19,tag_martin_scorsese,0.08375418186187744
ml_latest_small,19,tag_true_story,0.022648654878139496
ml_latest_small,19,tag_tom_hanks,0.06702630966901779
ml_latest_small,19,tag_violent,0.061063118278980255
ml_latest_small,19,tag_marvel,0.02241622842848301
ml_latest_small,19,tag_steve_carell,0.0030398424714803696
ml_latest_small,19,tag_bad_plot,0.04600748047232628
ml_latest_small,19,tag_seth_rogen,0.040532421320676804
ml_latest_small,19,tag_samuel_l_jackson,0.086829274892807
ml_latest_small,19,tag_plot_holes,0.0006988315144553781
ml_latest_small,19,tag_survival,0.017598476260900497
ml_latest_small,19,tag_interesting,0.083687923848629
ml_latest_small,19,tag_controversial,0.03824096918106079
ml_latest_small,19,tag_crude_humor,0.015481538139283657
ml_latest_small,19,tag_assassin,0.052696846425533295
ml_latest_small,19,tag_feel_good,0.035608671605587006
ml_latest_small,19,tag_hugh_jackman,0.01988682523369789
ml_latest_small,20,genre_action,0.06037815287709236
ml_latest_small,20,genre_adventure,0.004533508326858282
ml_latest_small,20,genre_animation,0.08008744567632675
ml_latest_small,20,genre_children,0.07634570449590683
ml_latest_small,20,genre_comedy,0.03686671331524849
ml_latest_small,20,genre_crime,9.99999993922529e-09
ml_latest_small,20,genre_documentary,0.04939064756035805
ml_latest_small,20,genre_drama,0.08660753071308136
ml_latest_small,20,genre_fantasy,0.038143448531627655
ml_latest_small,20,genre_film_noir,0.05216178670525551
ml_latest_small,20,genre_horror,0.07439371943473816
ml_latest_small,20,genre_imax,0.02866131067276001
ml_latest_small,20,genre_musical,0.03286056965589523
ml_latest_small,20,genre_mystery,0.07245225459337234
ml_latest_small,20,genre_no_genres_listed,0.027891505509614944
ml_latest_small,20,genre_romance,0.08351793140172958
ml_latest_small,20,genre_sci_fi,0.0577545203268528
ml_latest_small,20,genre_thriller,0.061511389911174774
ml_latest_small,20,genre_war,0.09276806563138962
ml_latest_small,20,genre_western,0.0041289920918643475
ml_latest_small,20,tag_in_netflix_queue,0.015102384611964226
ml_latest_small,20,tag_atmospheric,0.04725361987948418
ml_latest_small,20,tag_thought_provoking,0.07173491269350052
ml_latest_small,20,tag_funny,0.036781810224056244
ml_latest_small,20,tag_superhero,0.05116046592593193
ml_latest_small,20,tag_surreal,0.08772031217813492
ml_latest_small,20,tag_sci_fi,0.059660445898771286
ml_latest_small,20,tag_disney,0.026530776172876358
ml_latest_small,20,tag_quirky,0.05174695700407028
ml_latest_small,20,tag_religion,9.99999993922529e-09
ml_latest_small,20,tag_dark_comedy,0.0829557329416275
ml_latest_small,20,tag_suspense,0.042246341705322266
ml_latest_small,20,tag_psychology,0.025247685611248016
ml_latest_small,20,tag_twist_ending,0.07741253077983856
ml_latest_small,20,tag_visually_appealing,0.07052140682935715
ml_latest_small,20,tag_comedy,0.05850054696202278
ml_latest_small,20,tag_politics,0.001356130582280457
ml_latest_small,20,tag_crime,0.07481884211301804
ml_latest_small,20,tag_time_travel,0.03843465447425842
ml_latest_small,20,tag_music,0.05416570231318474
ml_latest_small,20,tag_dark,0.02518627420067787
ml_latest_small,20,tag_action,0.05502254515886307
ml_latest_small,20,tag_high_school,0.01037093810737133
ml_latest_small,20,tag_mental_illness,0.02372470684349537
ml_latest_small,20,tag_mindfuck,0.08645260334014893
ml_latest_small,20,tag_aliens,0.0670497789978981
ml_latest_small,20,tag_black_comedy,0.002275925362482667
ml_latest_small,20,tag_space,0.06448569148778915
ml_latest_small,20,tag_dreamlike,0.06911569088697433
ml_latest_small,20,tag_mafia,0.0006248317076824605
ml_latest_small,20,tag_holocaust,0.01775473915040493
ml_latest_small,20,tag_disturbing,0.029536914080381393
ml_latest_small,20,tag_shakespeare,0.03926088288426399
ml_latest_small,20,tag_emotional,0.08113502711057663
ml_latest_small,20,tag_stephen_king,0.038571856915950775
ml_latest_small,20,tag_journalism,0.06720801442861557
ml_latest_small,20,tag_heist,0.04663045331835747
ml_latest_small,20,tag_classic,0.07614590972661972
ml_latest_small,20,tag_anime,0.04642840847373009
ml_latest_small,20,tag_satire,0.0905093252658844
ml_latest_small,20,tag_court,0.04278900474309921
ml_latest_small,20,tag_christmas,0.04958627000451088
ml_latest_small,20,tag_animation,0.037081342190504074
ml_latest_small,20,tag_imdb_top_250,0.057526301592588425
ml_latest_small,20,tag_comic_book,0.002096269279718399
ml_latest_small,20,tag_psychological,0.07202285528182983
ml_latest_small,20,tag_ghosts,0.013333084061741829
ml_latest_small,20,tag_bittersweet,0.03083995170891285
ml_latest_small,20,tag_adolescence,0.04372214525938034
ml_latest_small,20,tag_adultery,0.010725831612944603
ml_latest_small,20,tag_boxing,0.048000264912843704
ml_latest_small,20,tag_drugs,0.012033900246024132
ml_latest_small,20,tag_leonardo_dicaprio,0.05814415216445923
ml_latest_small,20,tag_post_apocalyptic,9.99999993922529e-09
ml_latest_small,20,tag_robots,0.06083420291543007
ml_latest_small,20,tag_cinematography,0.08845046162605286
ml_latest_small,20,tag_india,0.0588761568069458
ml_latest_small,20,tag_remake,0.07046158611774445
ml_latest_small,20,tag_england,0.08926459401845932
ml_latest_small,20,tag_australia,0.06789887696504593
ml_latest_small,20,tag_vietnam,0.08782762289047241
ml_latest_small,20,tag_philosophical,0.04053868353366852
ml_latest_small,20,tag_will_ferrell,0.03818932920694351
ml_latest_small,20,tag_revenge,0.09074851125478745
ml_latest_small,20,tag_world_war_ii,0.08221413940191269
ml_latest_small,20,tag_adventure,0.018629927188158035
ml_latest_small,20,tag_stylized,0.04925229027867317
ml_latest_small,20,tag_mystery,0.005940636154264212
ml_latest_small,20,tag_murder,0.0647319033741951
ml_latest_small,20,tag_hallucinatory,0.06849642843008041
ml_latest_small,20,tag_military,0.037231430411338806
ml_latest_small,20,tag_tense,0.037120550870895386
ml_latest_small,20,tag_creepy,0.062220919877290726
ml_latest_small,20,tag_sexuality,0.012503240257501602
ml_latest_small,20,tag_racism,0.06742209196090698
ml_latest_small,20,tag_heartwarming,0.05472145229578018
ml_latest_small,20,tag_family,9.99999993922529e-09
ml_latest_small,20,tag_sequel,0.02962317503988743
ml_latest_small,20,tag_police,0.053445298224687576
ml_latest_small,20,tag_violence,0.021623410284519196
ml_latest_small,20,tag_divorce,0.011553672142326832
ml_latest_small,20,tag_coen_brothers,0.005126460455358028
ml_latest_small,20,tag_martial_arts,0.062034543603658676
ml_latest_small,20,tag_serial_killer,0.02412557788193226
ml_latest_small,20,tag_animal_movie,0.06969349086284637
ml_latest_small,20,tag_movie_business,0.0010480243945494294
ml_latest_small,20,tag_race,0.08549436181783676
ml_latest_small,20,tag_spoof,0.030931096524000168
ml_latest_small,20,tag_new_york,0.06804995983839035
ml_latest_small,20,tag_bad,0.02736949920654297
ml_latest_small,20,tag_beautiful,0.08939726650714874
ml_latest_small,20,tag_inspirational,0.07481780648231506
ml_latest_small,20,tag_clever,0.0634419173002243
ml_latest_small,20,tag_witty,0.03321464732289314
ml_latest_small,20,tag_social_commentary,0.07031828910112381
ml_latest_small,20,tag_romance,0.07601817697286606
ml_latest_small,20,tag_predictable,0.08780727535486221
ml_latest_small,20,tag_quentin_tarantino,0.00395880825817585
ml_latest_small,20,tag_dark_humor,0.07202830165624619
ml_latest_small,20,tag_black_and_white,0.00010997845674864948
ml_latest_small,20,tag_magic,0.0654357448220253
ml_latest_small,20,tag_cult_film,0.016145246103405952
ml_latest_small,20,tag_assassination,0.07277970761060715
ml_latest_small,20,tag_kidnapping,0.029926886782050133
ml_latest_small,20,tag_prostitution,0.05223217234015465
ml_latest_small,20,tag_disability,0.030690353363752365
ml_latest_small,20,tag_death,0.08067844063043594
ml_latest_small,20,tag_screwball,0.05397476628422737
ml_latest_small,20,tag_bible,0.05323299020528793
ml_latest_small,20,tag_intelligent,0.07063157111406326
ml_latest_small,20,tag_gritty,0.08535633236169815
ml_latest_small,20,tag_cerebral,0.009139386005699635
ml_latest_small,20,tag_wedding,0.07688505202531815
ml_latest_small,20,tag_fantasy,0.0546603761613369
ml_latest_small,20,tag_gothic,0.06836575269699097
ml_latest_small,20,tag_pixar,0.06337841600179672
ml_latest_small,20,tag_great_soundtrack,0.06475341320037842
ml_latest_small,20,tag_soundtrack,0.050563715398311615
ml_latest_small,20,tag_dystopia,0.07551506906747818
ml_latest_small,20,tag_visually_stunning,0.07417172193527222
ml_latest_small,20,tag_future,0.0843183621764183
ml_latest_small,20,tag_zombies,0.028810059651732445
ml_latest_small,20,tag_depressing,0.05533454939723015
ml_latest_small,20,tag_terrorism,0.07980141788721085
ml_latest_small,20,tag_pregnancy,0.020264333114027977
ml_latest_small,20,tag_twins,0.004188371356576681
ml_latest_small,20,tag_hit_men,0.024083422496914864
ml_latest_small,20,tag_men_in_drag,0.041883453726768494
ml_latest_small,20,tag_remade,0.011505113914608955
ml_latest_small,20,tag_gambling,0.07136896252632141
ml_latest_small,20,tag_television,0.011225520633161068
ml_latest_small,20,tag_astaire_and_rogers,0.019159819930791855
ml_latest_small,20,tag_nick_and_nora_charles,0.01765611581504345
ml_latest_small,20,tag_business,0.01913679763674736
ml_latest_small,20,tag_philosophy,0.011518173851072788
ml_latest_small,20,tag_touching,0.04390718787908554
ml_latest_small,20,tag_al_pacino,0.051671698689460754
ml_latest_small,20,tag_epic,9.99999993922529e-09
ml_latest_small,20,tag_dogs,0.018083197996020317
ml_latest_small,20,tag_adam_sandler,0.0038647311739623547
ml_latest_small,20,tag_organized_crime,0.07377790659666061
ml_latest_small,20,tag_stylish,0.0755896046757698
ml_latest_small,20,tag_good_dialogue,0.02667303942143917
ml_latest_small,20,tag_brad_pitt,0.07269921898841858
ml_latest_small,20,tag_ben_stiller,0.07893569022417068
ml_latest_small,20,tag_africa,0.02936600148677826
ml_latest_small,20,tag_corruption,0.0728037878870964
ml_latest_small,20,tag_ryan_reynolds,0.08118324726819992
ml_latest_small,20,tag_thriller,9.99999993922529e-09
ml_latest_small,20,tag_sarcasm,0.0294793751090765
ml_latest_small,20,tag_based_on_a_book,0.016350625082850456
ml_latest_small,20,tag_humorous,0.06575439870357513
ml_latest_small,20,tag_friendship,0.023829365149140358
ml_latest_small,20,tag_artificial_intelligence,0.07625579088926315
ml_latest_small,20,tag_horror,0.01808927021920681
ml_latest_small,20,tag_paranoia,0.06545836478471756
ml_latest_small,20,tag_wizards,0.038344815373420715
ml_latest_small,20,tag_samurai,9.99999993922529e-09
ml_latest_small,20,tag_president,0.008683156222105026
ml_latest_small,20,tag_alcoholism,0.03356651961803436
ml_latest_small,20,tag_death_penalty,0.08960331231355667
ml_latest_small,20,tag_ireland,0.03364399075508118
ml_latest_small,20,tag_space_opera,0.0016791593516245484
ml_latest_small,20,tag_marriage,0.018598681315779686
ml_latest_small,20,tag_cross_dressing,0.08972721546888351
ml_latest_small,20,tag_biopic,0.07243353128433228
ml_latest_small,20,tag_aardman,0.04625658690929413
ml_latest_small,20,tag_civil_war,0.05586295947432518
ml_latest_small,20,tag_amnesia,9.99999993922529e-09
ml_latest_small,20,tag_swashbuckler,0.02082112431526184
ml_latest_small,20,tag_homeless,9.99999993922529e-09
ml_latest_small,20,tag_baseball,0.01254219189286232
ml_latest_small,20,tag_sports,0.040399741381406784
ml_latest_small,20,tag_lawyers,0.041677359491586685
ml_latest_small,20,tag_judaism,0.0733306035399437
ml_latest_small,20,tag_dickens,0.0379132516682148
ml_latest_small,20,tag_jason,0.05258864536881447
ml_latest_small,20,tag_hepburn_and_tracy,0.0885719433426857
ml_latest_small,20,tag_unique,0.0341818705201149
ml_latest_small,20,tag_sad,0.0402364544570446
ml_latest_small,20,tag_fun,0.0014661684399470687
ml_latest_small,20,tag_existentialism,0.022014299407601357
ml_latest_small,20,tag_poignant,0.004448754712939262
ml_latest_small,20,tag_martin_scorsese,0.05766863748431206
ml_latest_small,20,tag_true_story,0.08006764203310013
ml_latest_small,20,tag_tom_hanks,0.04676184803247452
ml_latest_small,20,tag_violent,9.99999993922529e-09
ml_latest_small,20,tag_marvel,0.03384263440966606
ml_latest_small,20,tag_steve_carell,0.016777699813246727
ml_latest_small,20,tag_bad_plot,0.06604254245758057
ml_latest_small,20,tag_seth_rogen,9.99999993922529e-09
ml_latest_small,20,tag_samuel_l_jackson,0.031884390860795975
ml_latest_small,20,tag_plot_holes,0.07067472487688065
ml_latest_small,20,tag_survival,0.0100941127166152
ml_latest_small,20,tag_interesting,0.044368624687194824
ml_latest_small,20,tag_controversial,9.99999993922529e-09
ml_latest_small,20,tag_crude_humor,0.08633685111999512
ml_latest_small,20,tag_assassin,0.021744292229413986
ml_latest_small,20,tag_feel_good,0.04778579622507095
ml_latest_small,20,tag_hugh_jackman,0.0518849715590477
ml_latest_small,21,genre_action,0.054138652980327606
ml_latest_small,21,genre_adventure,0.08105456084012985
ml_latest_small,21,genre_animation,0.07974281907081604
ml_latest_small,21,genre_children,0.02335515432059765
ml_latest_small,21,genre_comedy,0.07820064574480057
ml_latest_small,21,genre_crime,0.011006096377968788
ml_latest_small,21,genre_documentary,9.99999993922529e-09
ml_latest_small,21,genre_drama,0.04109271615743637
ml_latest_small,21,genre_fantasy,0.08371219038963318
ml_latest_small,21,genre_film_noir,0.00410009641200304
ml_latest_small,21,genre_horror,0.009820699691772461
ml_latest_small,21,genre_imax,0.019399480894207954
ml_latest_small,21,genre_musical,0.09254905581474304
ml_latest_small,21,genre_mystery,0.03312714397907257
ml_latest_small,21,genre_no_genres_listed,0.045224547386169434
ml_latest_small,21,genre_romance,0.055200353264808655
ml_latest_small,21,genre_sci_fi,0.004756804555654526
ml_latest_small,21,genre_thriller,0.04736195504665375
ml_latest_small,21,genre_war,0.05725312978029251
ml_latest_small,21,genre_western,0.08881368488073349
ml_latest_small,21,tag_in_netflix_queue,0.025646407157182693
ml_latest_small,21,tag_atmospheric,9.99999993922529e-09
ml_latest_small,21,tag_thought_provoking,0.05674278363585472
ml_latest_small,21,tag_funny,0.05588890239596367
ml_latest_small,21,tag_superhero,0.08207210898399353
ml_latest_small,21,tag_surreal,9.99999993922529e-09
ml_latest_small,21,tag_sci_fi,0.01039326936006546
ml_latest_small,21,tag_disney,0.049430001527071
ml_latest_small,21,tag_quirky,9.99999993922529e-09
ml_latest_small,21,tag_religion,0.02227795124053955
ml_latest_small,21,tag_dark_comedy,0.07080627232789993
ml_latest_small,21,tag_suspense,0.05319170281291008
ml_latest_small,21,tag_psychology,0.02693648636341095
ml_latest_small,21,tag_twist_ending,9.99999993922529e-09
ml_latest_small,21,tag_visually_appealing,0.06035793572664261
ml_latest_small,21,tag_comedy,0.028528256341814995
ml_latest_small,21,tag_politics,0.08722519129514694
ml_latest_small,21,tag_crime,0.08473914861679077
ml_latest_small,21,tag_time_travel,0.01360336784273386
ml_latest_small,21,tag_music,0.029967084527015686
ml_latest_small,21,tag_dark,0.0029892364982515574
ml_latest_small,21,tag_action,0.03895597159862518
ml_latest_small,21,tag_high_school,0.07280188053846359
ml_latest_small,21,tag_mental_illness,0.04072627052664757
ml_latest_small,21,tag_mindfuck,0.034227486699819565
ml_latest_small,21,tag_aliens,0.06599454581737518
ml_latest_small,21,tag_black_comedy,0.062019843608140945
ml_latest_small,21,tag_space,0.04653162881731987
ml_latest_small,21,tag_dreamlike,0.03347238153219223
ml_latest_small,21,tag_mafia,0.08420909196138382
ml_latest_small,21,tag_holocaust,0.06308913230895996
ml_latest_small,21,tag_disturbing,0.04867367446422577
ml_latest_small,21,tag_shakespeare,0.018795177340507507
ml_latest_small,21,tag_emotional,0.05748753994703293
ml_latest_small,21,tag_stephen_king,0.08679542690515518
ml_latest_small,21,tag_journalism,0.06734102219343185
ml_latest_small,21,tag_heist,0.02111576870083809
ml_latest_small,21,tag_classic,0.054376862943172455
ml_latest_small,21,tag_anime,0.036674510687589645
ml_latest_small,21,tag_satire,0.06838531047105789
ml_latest_small,21,tag_court,0.07586131244897842
ml_latest_small,21,tag_christmas,0.08520230650901794
ml_latest_small,21,tag_animation,0.04805266857147217
ml_latest_small,21,tag_imdb_top_250,0.07261937111616135
ml_latest_small,21,tag_comic_book,0.002140912227332592
ml_latest_small,21,tag_psychological,0.02758505381643772
ml_latest_small,21,tag_ghosts,0.006405862979590893
ml_latest_small,21,tag_bittersweet,9.99999993922529e-09
ml_latest_small,21,tag_adolescence,0.03392798826098442
ml_latest_small,21,tag_adultery,0.052507348358631134
ml_latest_small,21,tag_boxing,0.05425601452589035
ml_latest_small,21,tag_drugs,0.021810391917824745
ml_latest_small,21,tag_leonardo_dicaprio,0.0701487809419632
ml_latest_small,21,tag_post_apocalyptic,0.025238923728466034
ml_latest_small,21,tag_robots,0.01483974326401949
ml_latest_small,21,tag_cinematography,0.07798902690410614
ml_latest_small,21,tag_india,0.07564589381217957
ml_latest_small,21,tag_remake,0.04781477898359299
ml_latest_small,21,tag_england,0.023060159757733345
ml_latest_small,21,tag_australia,0.010683182626962662
ml_latest_small,21,tag_vietnam,0.03575167804956436
ml_latest_small,21,tag_philosophical,0.048076190054416656
ml_latest_small,21,tag_will_ferrell,0.006929007358849049
ml_latest_small,21,tag_revenge,0.06174840033054352
ml_latest_small,21,tag_world_war_ii,0.016337307170033455
ml_latest_small,21,tag_adventure,0.06447514146566391
ml_latest_small,21,tag_stylized,0.0003968283417634666
ml_latest_small,21,tag_mystery,9.99999993922529e-09
ml_latest_small,21,tag_murder,0.0789809301495552
ml_latest_small,21,tag_hallucinatory,0.007469844073057175
ml_latest_small,21,tag_military,0.013067924417555332
ml_latest_small,21,tag_tense,0.029727360233664513
ml_latest_small,21,tag_creepy,0.05724212899804115
ml_latest_small,21,tag_sexuality,0.05663282051682472
ml_latest_small,21,tag_racism,0.0723280981183052
ml_latest_small,21,tag_heartwarming,0.07366598397493362
ml_latest_small,21,tag_family,0.07255517691373825
ml_latest_small,21,tag_sequel,0.023902572691440582
ml_latest_small,21,tag_police,0.016102902591228485
ml_latest_small,21,tag_violence,0.06113313138484955
ml_latest_small,21,tag_divorce,0.02636672556400299
ml_latest_small,21,tag_coen_brothers,0.05342060327529907
ml_latest_small,21,tag_martial_arts,0.0916881337761879
ml_latest_small,21,tag_serial_killer,0.018316717818379402
ml_latest_small,21,tag_animal_movie,0.07361681759357452
ml_latest_small,21,tag_movie_business,0.03460702300071716
ml_latest_small,21,tag_race,0.04522088170051575
ml_latest_small,21,tag_spoof,9.99999993922529e-09
ml_latest_small,21,tag_new_york,0.06105416268110275
ml_latest_small,21,tag_bad,0.039733774960041046
ml_latest_small,21,tag_beautiful,9.99999993922529e-09
ml_latest_small,21,tag_inspirational,0.0653153508901596
ml_latest_small,21,tag_clever,0.06406647711992264
ml_latest_small,21,tag_witty,0.09037662297487259
ml_latest_small,21,tag_social_commentary,0.07728008180856705
ml_latest_small,21,tag_romance,0.0693720206618309
ml_latest_small,21,tag_predictable,0.0039790477603673935
ml_latest_small,21,tag_quentin_tarantino,0.046602435410022736
ml_latest_small,21,tag_dark_humor,0.04457699507474899
ml_latest_small,21,tag_black_and_white,0.00178385095205158
ml_latest_small,21,tag_magic,0.05055112764239311
ml_latest_small,21,tag_cult_film,0.07037346065044403
ml_latest_small,21,tag_assassination,0.018746109679341316
ml_latest_small,21,tag_kidnapping,0.07344900816679001
ml_latest_small,21,tag_prostitution,0.03768431767821312
ml_latest_small,21,tag_disability,0.022933857515454292
ml_latest_small,21,tag_death,0.014649936929345131
ml_latest_small,21,tag_screwball,0.01308158878237009
ml_latest_small,21,tag_bible,0.00590775441378355
ml_latest_small,21,tag_intelligent,0.019433893263339996
ml_latest_small,21,tag_gritty,0.043403562158346176
ml_latest_small,21,tag_cerebral,9.99999993922529e-09
ml_latest_small,21,tag_wedding,0.08861619979143143
ml_latest_small,21,tag_fantasy,0.04913735389709473
ml_latest_small,21,tag_gothic,0.08230007439851761
ml_latest_small,21,tag_pixar,0.07973416894674301
ml_latest_small,21,tag_great_soundtrack,0.06079244986176491
ml_latest_small,21,tag_soundtrack,0.05812784284353256
ml_latest_small,21,tag_dystopia,0.02308337390422821
ml_latest_small,21,tag_visually_stunning,0.03617849946022034
ml_latest_small,21,tag_future,0.02902604267001152
ml_latest_small,21,tag_zombies,0.00975788850337267
ml_latest_small,21,tag_depressing,0.01825951412320137
ml_latest_small,21,tag_terrorism,0.06757228821516037
ml_latest_small,21,tag_pregnancy,0.060446031391620636
ml_latest_small,21,tag_twins,0.020585324615240097
ml_latest_small,21,tag_hit_men,0.08523757755756378
ml_latest_small,21,tag_men_in_drag,0.05887980759143829
ml_latest_small,21,tag_remade,0.05527092516422272
ml_latest_small,21,tag_gambling,0.07745557278394699
ml_latest_small,21,tag_television,0.014719748869538307
ml_latest_small,21,tag_astaire_and_rogers,0.031127488240599632
ml_latest_small,21,tag_nick_and_nora_charles,9.99999993922529e-09
ml_latest_small,21,tag_business,0.08879254013299942
ml_latest_small,21,tag_philosophy,0.03208375349640846
ml_latest_small,21,tag_touching,0.08119360357522964
ml_latest_small,21,tag_al_pacino,0.06455153226852417
ml_latest_small,21,tag_epic,0.0006344079738482833
ml_latest_small,21,tag_dogs,0.04113665968179703
ml_latest_small,21,tag_adam_sandler,0.0015461106086149812
ml_latest_small,21,tag_organized_crime,0.057825345546007156
ml_latest_small,21,tag_stylish,0.06615211814641953
ml_latest_small,21,tag_good_dialogue,0.07219278067350388
ml_latest_small,21,tag_brad_pitt,0.08240967243909836
ml_latest_small,21,tag_ben_stiller,9.99999993922529e-09
ml_latest_small,21,tag_africa,0.026426145806908607
ml_latest_small,21,tag_corruption,0.06634418666362762
ml_latest_small,21,tag_ryan_reynolds,0.044960398226976395
ml_latest_small,21,tag_thriller,0.08144957572221756
ml_latest_small,21,tag_sarcasm,0.03950359672307968
ml_latest_small,21,tag_based_on_a_book,0.06441303342580795
ml_latest_small,21,tag_humorous,0.07714760303497314
ml_latest_small,21,tag_friendship,0.018935544416308403
ml_latest_small,21,tag_artificial_intelligence,0.0660003051161766
ml_latest_small,21,tag_horror,0.05902773141860962
ml_latest_small,21,tag_paranoia,9.99999993922529e-09
ml_latest_small,21,tag_wizards,0.07773208618164062
ml_latest_small,21,tag_samurai,0.01858367770910263
ml_latest_small,21,tag_president,0.05661226063966751
ml_latest_small,21,tag_alcoholism,0.03957417607307434
ml_latest_small,21,tag_death_penalty,9.99999993922529e-09
ml_latest_small,21,tag_ireland,0.006993441842496395
ml_latest_small,21,tag_space_opera,0.04816139116883278
ml_latest_small,21,tag_marriage,0.008542130701243877
ml_latest_small,21,tag_cross_dressing,0.06738508492708206
ml_latest_small,21,tag_biopic,0.08822913467884064
ml_latest_small,21,tag_aardman,0.08481108397245407
ml_latest_small,21,tag_civil_war,0.041932180523872375
ml_latest_small,21,tag_amnesia,0.06567109376192093
ml_latest_small,21,tag_swashbuckler,0.046234555542469025
ml_latest_small,21,tag_homeless,0.02872912958264351
ml_latest_small,21,tag_baseball,9.99999993922529e-09
ml_latest_small,21,tag_sports,0.039778705686330795
ml_latest_small,21,tag_lawyers,0.0317174531519413
ml_latest_small,21,tag_judaism,0.043123405426740646
ml_latest_small,21,tag_dickens,0.07398831844329834
ml_latest_small,21,tag_jason,0.0598694272339344
ml_latest_small,21,tag_hepburn_and_tracy,0.053898636251688004
ml_latest_small,21,tag_unique,0.0429338775575161
ml_latest_small,21,tag_sad,0.06545805931091309
ml_latest_small,21,tag_fun,0.02534557692706585
ml_latest_small,21,tag_existentialism,0.0017111337510868907
ml_latest_small,21,tag_poignant,0.08045972883701324
ml_latest_small,21,tag_martin_scorsese,9.99999993922529e-09
ml_latest_small,21,tag_true_story,0.08869901299476624
ml_latest_small,21,tag_tom_hanks,9.99999993922529e-09
ml_latest_small,21,tag_violent,0.021304689347743988
ml_latest_small,21,tag_marvel,9.99999993922529e-09
ml_latest_small,21,tag_steve_carell,0.053330518305301666
ml_latest_small,21,tag_bad_plot,0.05151073634624481
ml_latest_small,21,tag_seth_rogen,0.0837264358997345
ml_latest_small,21,tag_samuel_l_jackson,0.03334518522024155
ml_latest_small,21,tag_plot_holes,0.05215023458003998
ml_latest_small,21,tag_survival,0.06772927194833755
ml_latest_small,21,tag_interesting,0.023861195892095566
ml_latest_small,21,tag_controversial,0.051131103187799454
ml_latest_small,21,tag_crude_humor,0.08226756751537323
ml_latest_small,21,tag_assassin,0.07453249394893646
ml_latest_small,21,tag_feel_good,0.025260398164391518
ml_latest_small,21,tag_hugh_jackman,0.045511696487665176
ml_latest_small,22,genre_action,0.03372044116258621
ml_latest_small,22,genre_adventure,0.06695110350847244
ml_latest_small,22,genre_animation,0.023770073428750038
ml_latest_small,22,genre_children,9.99999993922529e-09
ml_latest_small,22,genre_comedy,0.008746486157178879
ml_latest_small,22,genre_crime,0.08102140575647354
ml_latest_small,22,genre_documentary,0.05778789892792702
ml_latest_small,22,genre_drama,0.05216516554355621
ml_latest_small,22,genre_fantasy,0.02389279566705227
ml_latest_small,22,genre_film_noir,0.01989797130227089
ml_latest_small,22,genre_horror,0.057527199387550354
ml_latest_small,22,genre_imax,0.005876440089195967
ml_latest_small,22,genre_musical,0.07669567316770554
ml_latest_small,22,genre_mystery,0.063416987657547
ml_latest_small,22,genre_no_genres_listed,0.00022841154714114964
ml_latest_small,22,genre_romance,0.029749808833003044
ml_latest_small,22,genre_sci_fi,0.044650446623563766
ml_latest_small,22,genre_thriller,0.013391152955591679
ml_latest_small,22,genre_war,0.08977610617876053
ml_latest_small,22,genre_western,0.014954826794564724
ml_latest_small,22,tag_in_netflix_queue,0.038407474756240845
ml_latest_small,22,tag_atmospheric,0.017465369775891304
ml_latest_small,22,tag_thought_provoking,0.0876227617263794
ml_latest_small,22,tag_funny,0.0730728805065155
ml_latest_small,22,tag_superhero,9.99999993922529e-09
ml_latest_small,22,tag_surreal,0.008690286427736282
ml_latest_small,22,tag_sci_fi,0.007025558967143297
ml_latest_small,22,tag_disney,0.01991681195795536
ml_latest_small,22,tag_quirky,0.04049127548933029
ml_latest_small,22,tag_religion,0.03154972940683365
ml_latest_small,22,tag_dark_comedy,0.005572181195020676
ml_latest_small,22,tag_suspense,0.012669943273067474
ml_latest_small,22,tag_psychology,0.0483379028737545
ml_latest_small,22,tag_twist_ending,0.012402554042637348
ml_latest_small,22,tag_visually_appealing,0.08715308457612991
ml_latest_small,22,tag_comedy,0.055160440504550934
ml_latest_small,22,tag_politics,0.0855683758854866
ml_latest_small,22,tag_crime,0.021932190284132957
ml_latest_small,22,tag_time_travel,0.019111596047878265
ml_latest_small,22,tag_music,0.04760425537824631
ml_latest_small,22,tag_dark,0.048932790756225586
ml_latest_small,22,tag_action,0.06905072182416916
ml_latest_small,22,tag_high_school,0.03498423844575882
ml_latest_small,22,tag_mental_illness,0.04085133969783783
ml_latest_small,22,tag_mindfuck,0.024426883086562157
ml_latest_small,22,tag_aliens,0.06564561277627945
ml_latest_small,22,tag_black_comedy,0.000267837691353634
ml_latest_small,22,tag_space,0.051235198974609375
ml_latest_small,22,tag_dreamlike,0.026888182386755943
ml_latest_small,22,tag_mafia,0.08413524180650711
ml_latest_small,22,tag_holocaust,0.05516880005598068
ml_latest_small,22,tag_disturbing,0.08374038338661194
ml_latest_small,22,tag_shakespeare,0.07605169713497162
ml_latest_small,22,tag_emotional,0.018817361444234848
ml_latest_small,22,tag_stephen_king,0.08684107661247253
ml_latest_small,22,tag_journalism,0.05495993420481682
ml_latest_small,22,tag_heist,0.05738160014152527
ml_latest_small,22,tag_classic,0.08025496453046799
ml_latest_small,22,tag_anime,0.05545623600482941
ml_latest_small,22,tag_satire,0.04234404116868973
ml_latest_small,22,tag_court,0.027976147830486298
ml_latest_small,22,tag_christmas,0.03570991009473801
ml_latest_small,22,tag_animation,0.04568881914019585
ml_latest_small,22,tag_imdb_top_250,9.99999993922529e-09
ml_latest_small,22,tag_comic_book,0.03879941254854202
ml_latest_small,22,tag_psychological,0.08291700482368469
ml_latest_small,22,tag_ghosts,0.02938813902437687
ml_latest_small,22,tag_bittersweet,0.04670479893684387
ml_latest_small,22,tag_adolescence,0.0884961262345314
ml_latest_small,22,tag_adultery,0.06557948142290115
ml_latest_small,22,tag_boxing,0.07510139793157578
ml_latest_small,22,tag_drugs,0.05591500550508499
ml_latest_small,22,tag_leonardo_dicaprio,0.06633272022008896
ml_latest_small,22,tag_post_apocalyptic,0.08852589130401611
ml_latest_small,22,tag_robots,0.021186241880059242
ml_latest_small,22,tag_cinematography,0.05861193686723709
ml_latest_small,22,tag_india,0.03739576041698456
ml_latest_small,22,tag_remake,0.08904078602790833
ml_latest_small,22,tag_england,0.03543424978852272
ml_latest_small,22,tag_australia,0.0799330323934555
ml_latest_small,22,tag_vietnam,0.0914817824959755
ml_latest_small,22,tag_philosophical,0.02104777842760086
ml_latest_small,22,tag_will_ferrell,0.00832580216228962
ml_latest_small,22,tag_revenge,0.004254545085132122
ml_latest_small,22,tag_world_war_ii,0.0100840013474226
ml_latest_small,22,tag_adventure,0.027309458702802658
ml_latest_small,22,tag_stylized,0.0011265543289482594
ml_latest_small,22,tag_mystery,0.05076346546411514
ml_latest_small,22,tag_murder,0.009325629100203514
ml_latest_small,22,tag_hallucinatory,0.03165336698293686
ml_latest_small,22,tag_military,0.05483890697360039
ml_latest_small,22,tag_tense,0.08017758280038834
ml_latest_small,22,tag_creepy,0.08271335065364838
ml_latest_small,22,tag_sexuality,0.022905122488737106
ml_latest_small,22,tag_racism,0.008935349062085152
ml_latest_small,22,tag_heartwarming,0.0234876349568367
ml_latest_small,22,tag_family,0.06648160517215729
ml_latest_small,22,tag_sequel,0.011150013655424118
ml_latest_small,22,tag_police,0.06793488562107086
ml_latest_small,22,tag_violence,0.016119277104735374
ml_latest_small,22,tag_divorce,9.99999993922529e-09
ml_latest_small,22,tag_coen_brothers,0.023351462557911873
ml_latest_small,22,tag_martial_arts,0.050130803138017654
ml_latest_small,22,tag_serial_killer,0.023910384625196457
ml_latest_small,22,tag_animal_movie,0.03893474489450455
ml_latest_small,22,tag_movie_business,0.023501679301261902
ml_latest_small,22,tag_race,9.99999993922529e-09
ml_latest_small,22,tag_spoof,0.034360021352767944
ml_latest_small,22,tag_new_york,0.01848411187529564
ml_latest_small,22,tag_bad,0.05506734922528267
ml_latest_small,22,tag_beautiful,0.06627483665943146
ml_latest_small,22,tag_inspirational,0.07611396908760071
ml_latest_small,22,tag_clever,0.03468744829297066
ml_latest_small,22,tag_witty,0.016500627622008324
ml_latest_small,22,tag_social_commentary,0.049697138369083405
ml_latest_small,22,tag_romance,0.03219802305102348
ml_latest_small,22,tag_predictable,0.03404151275753975
ml_latest_small,22,tag_quentin_tarantino,0.0014306720113381743
ml_latest_small,22,tag_dark_humor,0.06577245891094208
ml_latest_small,22,tag_black_and_white,0.05171862244606018
ml_latest_small,22,tag_magic,0.06710527837276459
ml_latest_small,22,tag_cult_film,0.05590769648551941
ml_latest_small,22,tag_assassination,0.08489114791154861
ml_latest_small,22,tag_kidnapping,0.07828858494758606
ml_latest_small,22,tag_prostitution,0.09174611419439316
ml_latest_small,22,tag_disability,0.018569719046354294
ml_latest_small,22,tag_death,0.03349011391401291
ml_latest_small,22,tag_screwball,0.019716542214155197
ml_latest_small,22,tag_bible,0.042044226080179214
ml_latest_small,22,tag_intelligent,0.02631826139986515
ml_latest_small,22,tag_gritty,0.04543749615550041
ml_latest_small,22,tag_cerebral,0.02181713655591011
ml_latest_small,22,tag_wedding,0.043380338698625565
ml_latest_small,22,tag_fantasy,0.004979888442903757
ml_latest_small,22,tag_gothic,0.08992322534322739
ml_latest_small,22,tag_pixar,0.04812372475862503
ml_latest_small,22,tag_great_soundtrack,0.02762649580836296
ml_latest_small,22,tag_soundtrack,0.028560355305671692
ml_latest_small,22,tag_dystopia,0.005244717001914978
ml_latest_small,22,tag_visually_stunning,9.99999993922529e-09
ml_latest_small,22,tag_future,0.02234567143023014
ml_latest_small,22,tag_zombies,0.04022039845585823
ml_latest_small,22,tag_depressing,0.06347589194774628
ml_latest_small,22,tag_terrorism,0.08879201859235764
ml_latest_small,22,tag_pregnancy,0.013101751916110516
ml_latest_small,22,tag_twins,0.06829693913459778
ml_latest_small,22,tag_hit_men,0.03815840557217598
ml_latest_small,22,tag_men_in_drag,0.07093359529972076
ml_latest_small,22,tag_remade,0.0524681992828846
ml_latest_small,22,tag_gambling,0.03424465283751488
ml_latest_small,22,tag_television,0.07259777188301086
ml_latest_small,22,tag_astaire_and_rogers,0.07051092386245728
ml_latest_small,22,tag_nick_and_nora_charles,9.99999993922529e-09
ml_latest_small,22,tag_business,0.02803032286465168
ml_latest_small,22,tag_philosophy,0.05291604995727539
ml_latest_small,22,tag_touching,0.05444787070155144
ml_latest_small,22,tag_al_pacino,0.06103820726275444
ml_latest_small,22,tag_epic,0.06095639616250992
ml_latest_small,22,tag_dogs,0.04496059566736221
ml_latest_small,22,tag_adam_sandler,0.07763076573610306
ml_latest_small,22,tag_organized_crime,0.026447566226124763
ml_latest_small,22,tag_stylish,0.07866475731134415
ml_latest_small,22,tag_good_dialogue,0.02068408764898777
ml_latest_small,22,tag_brad_pitt,0.055869534611701965
ml_latest_small,22,tag_ben_stiller,0.037030596286058426
ml_latest_small,22,tag_africa,0.01824834570288658
ml_latest_small,22,tag_corruption,0.013545653782784939
ml_latest_small,22,tag_ryan_reynolds,0.0045055216178298
ml_latest_small,22,tag_thriller,0.05492829903960228
ml_latest_small,22,tag_sarcasm,0.05171901360154152
ml_latest_small,22,tag_based_on_a_book,0.026766780763864517
ml_latest_small,22,tag_humorous,0.024276986718177795
ml_latest_small,22,tag_friendship,0.08276782929897308
ml_latest_small,22,tag_artificial_intelligence,0.033192023634910583
ml_latest_small,22,tag_horror,0.04179038852453232
ml_latest_small,22,tag_paranoia,0.02766551822423935
ml_latest_small,22,tag_wizards,0.049816831946372986
ml_latest_small,22,tag_samurai,0.05403916910290718
ml_latest_small,22,tag_president,9.99999993922529e-09
ml_latest_small,22,tag_alcoholism,0.010831363499164581
ml_latest_small,22,tag_death_penalty,0.034672919660806656
ml_latest_small,22,tag_ireland,0.06880781799554825
ml_latest_small,22,tag_space_opera,0.07594461739063263
ml_latest_small,22,tag_marriage,0.00327627663500607
ml_latest_small,22,tag_cross_dressing,0.004603922367095947
ml_latest_small,22,tag_biopic,0.02525210939347744
ml_latest_small,22,tag_aardman,0.032983578741550446
ml_latest_small,22,tag_civil_war,0.022449886426329613
ml_latest_small,22,tag_amnesia,0.02766421064734459
ml_latest_small,22,tag_swashbuckler,0.07737812399864197
ml_latest_small,22,tag_homeless,0.08265633881092072
ml_latest_small,22,tag_baseball,0.014406493864953518
ml_latest_small,22,tag_sports,9.99999993922529e-09
ml_latest_small,22,tag_lawyers,0.014837152324616909
ml_latest_small,22,tag_judaism,9.99999993922529e-09
ml_latest_small,22,tag_dickens,0.08716604858636856
ml_latest_small,22,tag_jason,0.015944909304380417
ml_latest_small,22,tag_hepburn_and_tracy,0.002814715029671788
ml_latest_small,22,tag_unique,9.99999993922529e-09
ml_latest_small,22,tag_sad,0.004456442780792713
ml_latest_small,22,tag_fun,0.05296819284558296
ml_latest_small,22,tag_existentialism,0.07142110913991928
ml_latest_small,22,tag_poignant,0.030030932277441025
ml_latest_small,22,tag_martin_scorsese,0.053719304502010345
ml_latest_small,22,tag_true_story,0.010754360817372799
ml_latest_small,22,tag_tom_hanks,0.012975757010281086
ml_latest_small,22,tag_violent,0.08197695761919022
ml_latest_small,22,tag_marvel,0.08877851068973541
ml_latest_small,22,tag_steve_carell,0.014253503642976284
ml_latest_small,22,tag_bad_plot,0.03066272661089897
ml_latest_small,22,tag_seth_rogen,0.037202056497335434
ml_latest_small,22,tag_samuel_l_jackson,0.073582723736763
ml_latest_small,22,tag_plot_holes,0.03779064491391182
ml_latest_small,22,tag_survival,0.08001864701509476
ml_latest_small,22,tag_interesting,9.99999993922529e-09
ml_latest_small,22,tag_controversial,0.060622863471508026
ml_latest_small,22,tag_crude_humor,9.99999993922529e-09
ml_latest_small,22,tag_assassin,0.06316007673740387
ml_latest_small,22,tag_feel_good,0.019419841468334198
ml_latest_small,22,tag_hugh_jackman,0.05360430106520653
ml_latest_small,23,genre_action,0.058642663061618805
ml_latest_small,23,genre_adventure,0.008043755777180195
ml_latest_small,23,genre_animation,0.07779821753501892
ml_latest_small,23,genre_children,0.03022133931517601
ml_latest_small,23,genre_comedy,0.004221290349960327
ml_latest_small,23,genre_crime,0.04120008274912834
ml_latest_small,23,genre_documentary,9.99999993922529e-09
ml_latest_small,23,genre_drama,0.05250316485762596
ml_latest_small,23,genre_fantasy,0.09107214957475662
ml_latest_small,23,genre_film_noir,0.057268381118774414
ml_latest_small,23,genre_horror,0.037161365151405334
ml_latest_small,23,genre_imax,9.99999993922529e-09
ml_latest_small,23,genre_musical,9.99999993922529e-09
ml_latest_small,23,genre_mystery,0.08550983667373657
ml_latest_small,23,genre_no_genres_listed,0.04992344602942467
ml_latest_small,23,genre_romance,0.07291056215763092
ml_latest_small,23,genre_sci_fi,0.0708341896533966
ml_latest_small,23,genre_thriller,0.008843319490551949
ml_latest_small,23,genre_war,0.024019677191972733
ml_latest_small,23,genre_western,0.025638941675424576
ml_latest_small,23,tag_in_netflix_queue,0.03545461595058441
ml_latest_small,23,tag_atmospheric,0.044033851474523544
ml_latest_small,23,tag_thought_provoking,0.07966838777065277
ml_latest_small,23,tag_funny,0.05043449252843857
ml_latest_small,23,tag_superhero,0.016456004232168198
ml_latest_small,23,tag_surreal,0.029037078842520714
ml_latest_small,23,tag_sci_fi,0.06666889786720276
ml_latest_small,23,tag_disney,0.008915225975215435
ml_latest_small,23,tag_quirky,0.05749352648854256
ml_latest_small,23,tag_religion,0.07023926079273224
ml_latest_small,23,tag_dark_comedy,0.02379610575735569
ml_latest_small,23,tag_suspense,0.0019957739859819412
ml_latest_small,23,tag_psychology,0.025273432955145836
ml_latest_small,23,tag_twist_ending,0.08163415640592575
ml_latest_small,23,tag_visually_appealing,0.06575953960418701
ml_latest_small,23,tag_comedy,0.0074865263886749744
ml_latest_small,23,tag_politics,0.012713651172816753
ml_latest_small,23,tag_crime,0.0205910075455904
ml_latest_small,23,tag_time_travel,0.015525547787547112
ml_latest_small,23,tag_music,0.048735495656728745
ml_latest_small,23,tag_dark,0.016058392822742462
ml_latest_small,23,tag_action,0.017307693138718605
ml_latest_small,23,tag_high_school,0.04869040474295616
ml_latest_small,23,tag_mental_illness,0.07151798903942108
ml_latest_small,23,tag_mindfuck,0.005907809361815453
ml_latest_small,23,tag_aliens,0.05363799259066582
ml_latest_small,23,tag_black_comedy,0.013432411476969719
ml_latest_small,23,tag_space,0.023055611178278923
ml_latest_small,23,tag_dreamlike,0.003584191668778658
ml_latest_small,23,tag_mafia,0.014622127637267113
ml_latest_small,23,tag_holocaust,0.06134242191910744
ml_latest_small,23,tag_disturbing,0.09083346277475357
ml_latest_small,23,tag_shakespeare,0.06053617596626282
ml_latest_small,23,tag_emotional,0.05899002403020859
ml_latest_small,23,tag_stephen_king,0.028722012415528297
ml_latest_small,23,tag_journalism,0.0657261535525322
ml_latest_small,23,tag_heist,0.03885858878493309
ml_latest_small,23,tag_classic,0.08112920075654984
ml_latest_small,23,tag_anime,0.0794697180390358
ml_latest_small,23,tag_satire,0.04891766235232353
ml_latest_small,23,tag_court,0.07862415164709091
ml_latest_small,23,tag_christmas,0.024289967492222786
ml_latest_small,23,tag_animation,0.08926156908273697
ml_latest_small,23,tag_imdb_top_250,9.99999993922529e-09
ml_latest_small,23,tag_comic_book,0.06875482946634293
ml_latest_small,23,tag_psychological,0.08200666308403015
ml_latest_small,23,tag_ghosts,0.04955547675490379
ml_latest_small,23,tag_bittersweet,0.072758749127388
ml_latest_small,23,tag_adolescence,0.08003082871437073
ml_latest_small,23,tag_adultery,0.024289878085255623
ml_latest_small,23,tag_boxing,0.0044874767772853374
ml_latest_small,23,tag_drugs,0.046766575425863266
ml_latest_small,23,tag_leonardo_dicaprio,0.039646077901124954
ml_latest_small,23,tag_post_apocalyptic,9.99999993922529e-09
ml_latest_small,23,tag_robots,0.05637313798069954
ml_latest_small,23,tag_cinematography,0.015462873503565788
ml_latest_small,23,tag_india,0.03748258575797081
ml_latest_small,23,tag_remake,0.03878217935562134
ml_latest_small,23,tag_england,9.99999993922529e-09
ml_latest_small,23,tag_australia,0.08937513083219528
ml_latest_small,23,tag_vietnam,0.05855199694633484
ml_latest_small,23,tag_philosophical,0.03423737734556198
ml_latest_small,23,tag_will_ferrell,0.05612561106681824
ml_latest_small,23,tag_revenge,0.00186982995364815
ml_latest_small,23,tag_world_war_ii,0.025708753615617752
ml_latest_small,23,tag_adventure,0.029736170545220375
ml_latest_small,23,tag_stylized,0.0922083631157875
ml_latest_small,23,tag_mystery,0.08010052889585495
ml_latest_small,23,tag_murder,0.012364822439849377
ml_latest_small,23,tag_hallucinatory,0.06645038723945618
ml_latest_small,23,tag_military,0.0358165018260479
ml_latest_small,23,tag_tense,0.056096795946359634
ml_latest_small,23,tag_creepy,0.07824065536260605
ml_latest_small,23,tag_sexuality,0.0003376434906385839
ml_latest_small,23,tag_racism,0.046586453914642334
ml_latest_small,23,tag_heartwarming,0.010363551788032055
ml_latest_small,23,tag_family,0.06444387137889862
ml_latest_small,23,tag_sequel,0.020665623247623444
ml_latest_small,23,tag_police,0.04984953626990318
ml_latest_small,23,tag_violence,9.99999993922529e-09
ml_latest_small,23,tag_divorce,0.0569070540368557
ml_latest_small,23,tag_coen_brothers,0.039303142577409744
ml_latest_small,23,tag_martial_arts,0.048446424305438995
ml_latest_small,23,tag_serial_killer,0.008836201392114162
ml_latest_small,23,tag_animal_movie,0.05497583746910095
ml_latest_small,23,tag_movie_business,9.99999993922529e-09
ml_latest_small,23,tag_race,0.00034109450643882155
ml_latest_small,23,tag_spoof,0.031870994716882706
ml_latest_small,23,tag_new_york,0.06205679103732109
ml_latest_small,23,tag_bad,0.009351632557809353
ml_latest_small,23,tag_beautiful,0.07105617225170135
ml_latest_small,23,tag_inspirational,0.07910825312137604
ml_latest_small,23,tag_clever,0.015017760917544365
ml_latest_small,23,tag_witty,0.02800520323216915
ml_latest_small,23,tag_social_commentary,0.08999305963516235
ml_latest_small,23,tag_romance,0.06311562657356262
ml_latest_small,23,tag_predictable,0.03385092690587044
ml_latest_small,23,tag_quentin_tarantino,9.99999993922529e-09
ml_latest_small,23,tag_dark_humor,0.09068312495946884
ml_latest_small,23,tag_black_and_white,0.08160678297281265
ml_latest_small,23,tag_magic,0.056235749274492264
ml_latest_small,23,tag_cult_film,0.0774407684803009
ml_latest_small,23,tag_assassination,0.03413178399205208
ml_latest_small,23,tag_kidnapping,0.07519783079624176
ml_latest_small,23,tag_prostitution,0.002352464245632291
ml_latest_small,23,tag_disability,0.030068175867199898
ml_latest_small,23,tag_death,0.0805201381444931
ml_latest_small,23,tag_screwball,0.06388726830482483
ml_latest_small,23,tag_bible,0.0904863029718399
ml_latest_small,23,tag_intelligent,0.007104642689228058
ml_latest_small,23,tag_gritty,0.0786995217204094
ml_latest_small,23,tag_cerebral,0.04353120177984238
ml_latest_small,23,tag_wedding,0.06269818544387817
ml_latest_small,23,tag_fantasy,0.03213946893811226
ml_latest_small,23,tag_gothic,0.019821008667349815
ml_latest_small,23,tag_pixar,0.05259004607796669
ml_latest_small,23,tag_great_soundtrack,0.0617758184671402
ml_latest_small,23,tag_soundtrack,0.0925295352935791
ml_latest_small,23,tag_dystopia,0.013182712718844414
ml_latest_small,23,tag_visually_stunning,0.08039192110300064
ml_latest_small,23,tag_future,0.023121269419789314
ml_latest_small,23,tag_zombies,0.08763553947210312
ml_latest_small,23,tag_depressing,9.99999993922529e-09
ml_latest_small,23,tag_terrorism,0.07439342141151428
ml_latest_small,23,tag_pregnancy,0.00500397477298975
ml_latest_small,23,tag_twins,0.06428433209657669
ml_latest_small,23,tag_hit_men,0.08480503410100937
ml_latest_small,23,tag_men_in_drag,0.058945901691913605
ml_latest_small,23,tag_remade,0.0631096363067627
ml_latest_small,23,tag_gambling,0.07083465903997421
ml_latest_small,23,tag_television,0.06384832412004471
ml_latest_small,23,tag_astaire_and_rogers,0.07912805676460266
ml_latest_small,23,tag_nick_and_nora_charles,0.07841651886701584
ml_latest_small,23,tag_business,9.99999993922529e-09
ml_latest_small,23,tag_philosophy,0.05997111275792122
ml_latest_small,23,tag_touching,0.042529769241809845
ml_latest_small,23,tag_al_pacino,0.08870218694210052
ml_latest_small,23,tag_epic,0.02243049442768097
ml_latest_small,23,tag_dogs,0.030859975144267082
ml_latest_small,23,tag_adam_sandler,0.06872130185365677
ml_latest_small,23,tag_organized_crime,0.06782829761505127
ml_latest_small,23,tag_stylish,0.05755831301212311
ml_latest_small,23,tag_good_dialogue,0.0368959978222847
ml_latest_small,23,tag_brad_pitt,0.06844914704561234
ml_latest_small,23,tag_ben_stiller,0.05076756328344345
ml_latest_small,23,tag_africa,0.02270904928445816
ml_latest_small,23,tag_corruption,0.06664508581161499
ml_latest_small,23,tag_ryan_reynolds,0.016211142763495445
ml_latest_small,23,tag_thriller,0.0238720141351223
ml_latest_small,23,tag_sarcasm,0.025498349219560623
ml_latest_small,23,tag_based_on_a_book,0.02772657759487629
ml_latest_small,23,tag_humorous,0.06975898146629333
ml_latest_small,23,tag_friendship,0.0918521136045456
ml_latest_small,23,tag_artificial_intelligence,0.08673170208930969
ml_latest_small,23,tag_horror,0.015365535393357277
ml_latest_small,23,tag_paranoia,0.05085407942533493
ml_latest_small,23,tag_wizards,9.99999993922529e-09
ml_latest_small,23,tag_samurai,0.04542763531208038
ml_latest_small,23,tag_president,9.99999993922529e-09
ml_latest_small,23,tag_alcoholism,0.014071165584027767
ml_latest_small,23,tag_death_penalty,0.04080895334482193
ml_latest_small,23,tag_ireland,0.036934129893779755
ml_latest_small,23,tag_space_opera,0.03846892714500427
ml_latest_small,23,tag_marriage,0.003841565689072013
ml_latest_small,23,tag_cross_dressing,9.99999993922529e-09
ml_latest_small,23,tag_biopic,0.022750556468963623
ml_latest_small,23,tag_aardman,0.025214603170752525
ml_latest_small,23,tag_civil_war,0.07109294086694717
ml_latest_small,23,tag_amnesia,0.010717623867094517
ml_latest_small,23,tag_swashbuckler,9.99999993922529e-09
ml_latest_small,23,tag_homeless,0.068111851811409
ml_latest_small,23,tag_baseball,0.04439818114042282
ml_latest_small,23,tag_sports,0.06375182420015335
ml_latest_small,23,tag_lawyers,0.03838260844349861
ml_latest_small,23,tag_judaism,0.05001387745141983
ml_latest_small,23,tag_dickens,0.0010115965269505978
ml_latest_small,23,tag_jason,0.06216362491250038
ml_latest_small,23,tag_hepburn_and_tracy,0.07841502130031586
ml_latest_small,23,tag_unique,0.05292394012212753
ml_latest_small,23,tag_sad,0.044085755944252014
ml_latest_small,23,tag_fun,0.08674053847789764
ml_latest_small,23,tag_existentialism,9.99999993922529e-09
ml_latest_small,23,tag_poignant,0.06863339990377426
ml_latest_small,23,tag_martin_scorsese,0.004539951682090759
ml_latest_small,23,tag_true_story,0.05494878441095352
ml_latest_small,23,tag_tom_hanks,0.0913490429520607
ml_latest_small,23,tag_violent,0.002604729263111949
ml_latest_small,23,tag_marvel,0.026937756687402725
ml_latest_small,23,tag_steve_carell,0.08281034976243973
ml_latest_small,23,tag_bad_plot,0.08514567464590073
ml_latest_small,23,tag_seth_rogen,0.013410829938948154
ml_latest_small,23,tag_samuel_l_jackson,0.041582413017749786
ml_latest_small,23,tag_plot_holes,0.022920982912182808
ml_latest_small,23,tag_survival,0.08892828971147537
ml_latest_small,23,tag_interesting,0.004467281047254801
ml_latest_small,23,tag_controversial,9.99999993922529e-09
ml_latest_small,23,tag_crude_humor,0.03516280651092529
ml_latest_small,23,tag_assassin,0.07618912309408188
ml_latest_small,23,tag_feel_good,0.012481612153351307
ml_latest_small,23,tag_hugh_jackman,0.014913544990122318
ml_latest_small,24,genre_action,0.03639727085828781
ml_latest_small,24,genre_adventure,0.018390648066997528
ml_latest_small,24,genre_animation,0.0016593231121078134
ml_latest_small,24,genre_children,0.05423229932785034
ml_latest_small,24,genre_comedy,0.06183916702866554
ml_latest_small,24,genre_crime,0.033510297536849976
ml_latest_small,24,genre_documentary,0.07211548835039139
ml_latest_small,24,genre_drama,0.053798459470272064
ml_latest_small,24,genre_fantasy,0.08340545743703842
ml_latest_small,24,genre_film_noir,0.06187108904123306
ml_latest_small,24,genre_horror,9.99999993922529e-09
ml_latest_small,24,genre_imax,0.06878849864006042
ml_latest_small,24,genre_musical,0.0316334143280983
ml_latest_small,24,genre_mystery,0.035321302711963654
ml_latest_small,24,genre_no_genres_listed,0.08926275372505188
ml_latest_small,24,genre_romance,0.013373544439673424
ml_latest_small,24,genre_sci_fi,0.04091527312994003
ml_latest_small,24,genre_thriller,0.07778844237327576
ml_latest_small,24,genre_war,0.06850742548704147
ml_latest_small,24,genre_western,9.99999993922529e-09
ml_latest_small,24,tag_in_netflix_queue,0.03416266292333603
ml_latest_small,24,tag_atmospheric,0.06604307144880295
ml_latest_small,24,tag_thought_provoking,0.019408093765378
ml_latest_small,24,tag_funny,0.054132331162691116
ml_latest_small,24,tag_superhero,0.009486203081905842
ml_latest_small,24,tag_surreal,0.07164401561021805
ml_latest_small,24,tag_sci_fi,0.09177903085947037
ml_latest_small,24,tag_disney,9.99999993922529e-09
ml_latest_small,24,tag_quirky,0.08974397927522659
ml_latest_small,24,tag_religion,0.003117734333500266
ml_latest_small,24,tag_dark_comedy,0.07719318568706512
ml_latest_small,24,tag_suspense,0.09289852529764175
ml_latest_small,24,tag_psychology,0.056223221123218536
ml_latest_small,24,tag_twist_ending,0.0447843112051487
ml_latest_small,24,tag_visually_appealing,0.031321603804826736
ml_latest_small,24,tag_comedy,9.99999993922529e-09
ml_latest_small,24,tag_politics,0.03572952747344971
ml_latest_small,24,tag_crime,0.010718205943703651
ml_latest_small,24,tag_time_travel,0.004708256106823683
ml_latest_small,24,tag_music,0.0026506802532821894
ml_latest_small,24,tag_dark,0.020359419286251068
ml_latest_small,24,tag_action,0.08801403641700745
ml_latest_small,24,tag_high_school,0.024884426966309547
ml_latest_small,24,tag_mental_illness,0.07303659617900848
ml_latest_small,24,tag_mindfuck,0.01185415405780077
ml_latest_small,24,tag_aliens,0.023921191692352295
ml_latest_small,24,tag_black_comedy,0.033377256244421005
ml_latest_small,24,tag_space,0.05999625474214554
ml_latest_small,24,tag_dreamlike,0.07640686631202698
ml_latest_small,24,tag_mafia,9.99999993922529e-09
ml_latest_small,24,tag_holocaust,0.06584760546684265
ml_latest_small,24,tag_disturbing,0.06000317260622978
ml_latest_small,24,tag_shakespeare,0.08834803104400635
ml_latest_small,24,tag_emotional,0.03756776452064514
ml_latest_small,24,tag_stephen_king,0.08114966005086899
ml_latest_small,24,tag_journalism,0.07658567279577255
ml_latest_small,24,tag_heist,9.99999993922529e-09
ml_latest_small,24,tag_classic,9.99999993922529e-09
ml_latest_small,24,tag_anime,0.005289871245622635
ml_latest_small,24,tag_satire,0.013801682740449905
ml_latest_small,24,tag_court,0.006446558982133865
ml_latest_small,24,tag_christmas,0.014752590097486973
ml_latest_small,24,tag_animation,0.004883160814642906
ml_latest_small,24,tag_imdb_top_250,0.015204676426947117
ml_latest_small,24,tag_comic_book,0.021490732207894325
ml_latest_small,24,tag_psychological,0.018103741109371185
ml_latest_small,24,tag_ghosts,0.013656625524163246
ml_latest_small,24,tag_bittersweet,0.07058494538068771
ml_latest_small,24,tag_adolescence,0.032415103167295456
ml_latest_small,24,tag_adultery,0.04623502492904663
ml_latest_small,24,tag_boxing,0.07170405983924866
ml_latest_small,24,tag_drugs,0.06398697197437286
ml_latest_small,24,tag_leonardo_dicaprio,0.005166175775229931
ml_latest_small,24,tag_post_apocalyptic,0.017346026375889778
ml_latest_small,24,tag_robots,0.047949858009815216
ml_latest_small,24,tag_cinematography,0.019192922860383987
ml_latest_small,24,tag_india,0.08004648983478546
ml_latest_small,24,tag_remake,0.018012428656220436
ml_latest_small,24,tag_england,0.061738088726997375
ml_latest_small,24,tag_australia,0.027796797454357147
ml_latest_small,24,tag_vietnam,0.0009156726882793009
ml_latest_small,24,tag_philosophical,0.009114289656281471
ml_latest_small,24,tag_will_ferrell,0.07677668333053589
ml_latest_small,24,tag_revenge,0.059309739619493484
ml_latest_small,24,tag_world_war_ii,0.028598420321941376
ml_latest_small,24,tag_adventure,0.008179670199751854
ml_latest_small,24,tag_stylized,0.017985593527555466
ml_latest_small,24,tag_mystery,0.08143636584281921
ml_latest_small,24,tag_murder,0.022591112181544304
ml_latest_small,24,tag_hallucinatory,0.012763600796461105
ml_latest_small,24,tag_military,0.0893692821264267
ml_latest_small,24,tag_tense,0.08712638169527054
ml_latest_small,24,tag_creepy,0.02532055228948593
ml_latest_small,24,tag_sexuality,0.04863788187503815
ml_latest_small,24,tag_racism,0.036716315895318985
ml_latest_small,24,tag_heartwarming,0.028080638498067856
ml_latest_small,24,tag_family,0.04035881161689758
ml_latest_small,24,tag_sequel,0.017343485727906227
ml_latest_small,24,tag_police,0.05725092068314552
ml_latest_small,24,tag_violence,0.08161726593971252
ml_latest_small,24,tag_divorce,0.06397580355405807
ml_latest_small,24,tag_coen_brothers,7.996949716471136e-05
ml_latest_small,24,tag_martial_arts,0.058115404099226
ml_latest_small,24,tag_serial_killer,0.0676712766289711
ml_latest_small,24,tag_animal_movie,0.07307925820350647
ml_latest_small,24,tag_movie_business,0.061499159783124924
ml_latest_small,24,tag_race,0.055194828659296036
ml_latest_small,24,tag_spoof,0.05389757454395294
ml_latest_small,24,tag_new_york,0.004587810952216387
ml_latest_small,24,tag_bad,0.026992017403244972
ml_latest_small,24,tag_beautiful,0.021554075181484222
ml_latest_small,24,tag_inspirational,0.0032178834080696106
ml_latest_small,24,tag_clever,0.011725158430635929
ml_latest_small,24,tag_witty,0.011919277720153332
ml_latest_small,24,tag_social_commentary,0.042051754891872406
ml_latest_small,24,tag_romance,0.01929488778114319
ml_latest_small,24,tag_predictable,0.055561844259500504
ml_latest_small,24,tag_quentin_tarantino,0.02552441880106926
ml_latest_small,24,tag_dark_humor,0.0202584657818079
ml_latest_small,24,tag_black_and_white,0.015429405495524406
ml_latest_small,24,tag_magic,0.0398995503783226
ml_latest_small,24,tag_cult_film,0.08760286867618561
ml_latest_small,24,tag_assassination,0.06868581473827362
ml_latest_small,24,tag_kidnapping,0.07928673177957535
ml_latest_small,24,tag_prostitution,0.042582131922245026
ml_latest_small,24,tag_disability,0.025312531739473343
ml_latest_small,24,tag_death,0.06257311254739761
ml_latest_small,24,tag_screwball,0.0916878879070282
ml_latest_small,24,tag_bible,0.017422867938876152
ml_latest_small,24,tag_intelligent,0.016202321276068687
ml_latest_small,24,tag_gritty,0.06657306104898453
ml_latest_small,24,tag_cerebral,9.99999993922529e-09
ml_latest_small,24,tag_wedding,0.03354527801275253
ml_latest_small,24,tag_fantasy,0.038608308881521225
ml_latest_small,24,tag_gothic,0.019005704671144485
ml_latest_small,24,tag_pixar,0.08407004177570343
ml_latest_small,24,tag_great_soundtrack,0.07424195855855942
ml_latest_small,24,tag_soundtrack,0.060402605682611465
ml_latest_small,24,tag_dystopia,0.004739321302622557
ml_latest_small,24,tag_visually_stunning,0.0760512426495552
ml_latest_small,24,tag_future,0.08749756217002869
ml_latest_small,24,tag_zombies,0.027772147208452225
ml_latest_small,24,tag_depressing,0.03180411458015442
ml_latest_small,24,tag_terrorism,0.0053216684609651566
ml_latest_small,24,tag_pregnancy,0.07910726964473724
ml_latest_small,24,tag_twins,0.05558226257562637
ml_latest_small,24,tag_hit_men,0.023804664611816406
ml_latest_small,24,tag_men_in_drag,0.052731260657310486
ml_latest_small,24,tag_remade,0.008215656504034996
ml_latest_small,24,tag_gambling,0.07165173441171646
ml_latest_small,24,tag_television,0.07700400799512863
ml_latest_small,24,tag_astaire_and_rogers,0.0494324266910553
ml_latest_small,24,tag_nick_and_nora_charles,0.024523340165615082
ml_latest_small,24,tag_business,0.032681409269571304
ml_latest_small,24,tag_philosophy,0.006667980458587408
ml_latest_small,24,tag_touching,0.08093980699777603
ml_latest_small,24,tag_al_pacino,0.05284179747104645
ml_latest_small,24,tag_epic,0.07349245250225067
ml_latest_small,24,tag_dogs,0.012310574762523174
ml_latest_small,24,tag_adam_sandler,0.0076385559514164925
ml_latest_small,24,tag_organized_crime,0.08452607691287994
ml_latest_small,24,tag_stylish,0.08390875905752182
ml_latest_small,24,tag_good_dialogue,0.036909956485033035
ml_latest_small,24,tag_brad_pitt,9.99999993922529e-09
ml_latest_small,24,tag_ben_stiller,0.07674640417098999
ml_latest_small,24,tag_africa,0.041699402034282684
ml_latest_small,24,tag_corruption,0.04023661091923714
ml_latest_small,24,tag_ryan_reynolds,0.06758810579776764
ml_latest_small,24,tag_thriller,0.04580501839518547
ml_latest_small,24,tag_sarcasm,0.06029137969017029
ml_latest_small,24,tag_based_on_a_book,0.07759379595518112
ml_latest_small,24,tag_humorous,0.03982608765363693
ml_latest_small,24,tag_friendship,0.0228565726429224
ml_latest_small,24,tag_artificial_intelligence,9.99999993922529e-09
ml_latest_small,24,tag_horror,0.028501026332378387
ml_latest_small,24,tag_paranoia,0.06313403695821762
ml_latest_small,24,tag_wizards,0.030253807082772255
ml_latest_small,24,tag_samurai,0.06649316847324371
ml_latest_small,24,tag_president,0.04826980084180832
ml_latest_small,24,tag_alcoholism,0.08936209231615067
ml_latest_small,24,tag_death_penalty,9.99999993922529e-09
ml_latest_small,24,tag_ireland,9.99999993922529e-09
ml_latest_small,24,tag_space_opera,0.0548761747777462
ml_latest_small,24,tag_marriage,0.08551311492919922
ml_latest_small,24,tag_cross_dressing,0.034331824630498886
ml_latest_small,24,tag_biopic,0.0059645166620612144
ml_latest_small,24,tag_aardman,0.07544803619384766
ml_latest_small,24,tag_civil_war,0.003234756411984563
ml_latest_small,24,tag_amnesia,0.007889322936534882
ml_latest_small,24,tag_swashbuckler,0.032804571092128754
ml_latest_small,24,tag_homeless,0.08373767882585526
ml_latest_small,24,tag_baseball,0.08850336819887161
ml_latest_small,24,tag_sports,0.06183895468711853
ml_latest_small,24,tag_lawyers,0.08991195261478424
ml_latest_small,24,tag_judaism,0.02942717634141445
ml_latest_small,24,tag_dickens,0.09206711500883102
ml_latest_small,24,tag_jason,0.025824008509516716
ml_latest_small,24,tag_hepburn_and_tracy,9.99999993922529e-09
ml_latest_small,24,tag_unique,0.06844282150268555
ml_latest_small,24,tag_sad,0.08544544130563736
ml_latest_small,24,tag_fun,0.016724439337849617
ml_latest_small,24,tag_existentialism,0.04582894220948219
ml_latest_small,24,tag_poignant,0.08220648020505905
ml_latest_small,24,tag_martin_scorsese,0.026380913332104683
ml_latest_small,24,tag_true_story,0.08458159118890762
ml_latest_small,24,tag_tom_hanks,0.053963497281074524
ml_latest_small,24,tag_violent,0.04928339272737503
ml_latest_small,24,tag_marvel,0.007917855866253376
ml_latest_small,24,tag_steve_carell,0.03287363052368164
ml_latest_small,24,tag_bad_plot,0.0545932874083519
ml_latest_small,24,tag_seth_rogen,0.007098815403878689
ml_latest_small,24,tag_samuel_l_jackson,0.053896158933639526
ml_latest_small,24,tag_plot_holes,0.012859968468546867
ml_latest_small,24,tag_survival,0.06707817316055298
ml_latest_small,24,tag_interesting,0.0495915561914444
ml_latest_small,24,tag_controversial,0.005631536245346069
ml_latest_small,24,tag_crude_humor,0.04791315644979477
ml_latest_small,24,tag_assassin,0.005052545107901096
ml_latest_small,24,tag_feel_good,0.05085349828004837
ml_latest_small,24,tag_hugh_jackman,0.0822560265660286
ml_latest_small,25,genre_action,0.08603329956531525
ml_latest_small,25,genre_adventure,0.048676103353500366
ml_latest_small,25,genre_animation,0.027438392862677574
ml_latest_small,25,genre_children,0.06681036949157715
ml_latest_small,25,genre_comedy,0.04345110058784485
ml_latest_small,25,genre_crime,0.02660495415329933
ml_latest_small,25,genre_documentary,0.018627749755978584
ml_latest_small,25,genre_drama,0.0280259158462286
ml_latest_small,25,genre_fantasy,0.07257669419050217
ml_latest_small,25,genre_film_noir,0.0018595956498757005
ml_latest_small,25,genre_horror,0.06546082347631454
ml_latest_small,25,genre_imax,0.01094395574182272
ml_latest_small,25,genre_musical,0.03395630791783333
ml_latest_small,25,genre_mystery,0.09074235707521439
ml_latest_small,25,genre_no_genres_listed,0.007057087495923042
ml_latest_small,25,genre_romance,0.022677592933177948
ml_latest_small,25,genre_sci_fi,0.025906173512339592
ml_latest_small,25,genre_thriller,0.08104781061410904
ml_latest_small,25,genre_war,0.03275065869092941
ml_latest_small,25,genre_western,0.06042402610182762
ml_latest_small,25,tag_in_netflix_queue,0.043433357030153275
ml_latest_small,25,tag_atmospheric,9.99999993922529e-09
ml_latest_small,25,tag_thought_provoking,0.0184593815356493
ml_latest_small,25,tag_funny,0.07379845529794693
ml_latest_small,25,tag_superhero,0.0723940059542656
ml_latest_small,25,tag_surreal,0.08767154812812805
ml_latest_small,25,tag_sci_fi,0.06851313263177872
ml_latest_small,25,tag_disney,0.08750293403863907
ml_latest_small,25,tag_quirky,0.07497819513082504
ml_latest_small,25,tag_religion,0.03999432176351547
ml_latest_small,25,tag_dark_comedy,0.06378597021102905
ml_latest_small,25,tag_suspense,9.99999993922529e-09
ml_latest_small,25,tag_psychology,0.07763522863388062
ml_latest_small,25,tag_twist_ending,0.06792931258678436
ml_latest_small,25,tag_visually_appealing,0.02818993851542473
ml_latest_small,25,tag_comedy,0.08946609497070312
ml_latest_small,25,tag_politics,0.051668260246515274
ml_latest_small,25,tag_crime,0.03427642211318016
ml_latest_small,25,tag_time_travel,0.09249226003885269
ml_latest_small,25,tag_music,0.03673449158668518
ml_latest_small,25,tag_dark,0.03397097811102867
ml_latest_small,25,tag_action,0.06612429022789001
ml_latest_small,25,tag_high_school,0.03531388193368912
ml_latest_small,25,tag_mental_illness,9.99999993922529e-09
ml_latest_small,25,tag_mindfuck,0.07851436734199524
ml_latest_small,25,tag_aliens,0.038930099457502365
ml_latest_small,25,tag_black_comedy,0.07014305144548416
ml_latest_small,25,tag_space,0.0011983653530478477
ml_latest_small,25,tag_dreamlike,0.015790721401572227
ml_latest_small,25,tag_mafia,0.041432831436395645
ml_latest_small,25,tag_holocaust,9.99999993922529e-09
ml_latest_small,25,tag_disturbing,0.08278708159923553
ml_latest_small,25,tag_shakespeare,0.003391731297597289
ml_latest_small,25,tag_emotional,0.041340772062540054
ml_latest_small,25,tag_stephen_king,0.023573311045765877
ml_latest_small,25,tag_journalism,0.04368402808904648
ml_latest_small,25,tag_heist,9.99999993922529e-09
ml_latest_small,25,tag_classic,0.08459039032459259
ml_latest_small,25,tag_anime,0.02702965959906578
ml_latest_small,25,tag_satire,0.0057277921587228775
ml_latest_small,25,tag_court,9.99999993922529e-09
ml_latest_small,25,tag_christmas,0.08085210621356964
ml_latest_small,25,tag_animation,0.044580891728401184
ml_latest_small,25,tag_imdb_top_250,0.030775776132941246
ml_latest_small,25,tag_comic_book,0.07142379879951477
ml_latest_small,25,tag_psychological,0.033956486731767654
ml_latest_small,25,tag_ghosts,0.08272450417280197
ml_latest_small,25,tag_bittersweet,0.026824845001101494
ml_latest_small,25,tag_adolescence,0.027047112584114075
ml_latest_small,25,tag_adultery,0.02954661101102829
ml_latest_small,25,tag_boxing,0.06058491766452789
ml_latest_small,25,tag_drugs,0.08903166651725769
ml_latest_small,25,tag_leonardo_dicaprio,0.08903534710407257
ml_latest_small,25,tag_post_apocalyptic,0.002330542542040348
ml_latest_small,25,tag_robots,0.030652929097414017
ml_latest_small,25,tag_cinematography,0.007842016406357288
ml_latest_small,25,tag_india,0.03090483509004116
ml_latest_small,25,tag_remake,0.010149938054382801
ml_latest_small,25,tag_england,0.011655434966087341
ml_latest_small,25,tag_australia,0.08006805926561356
ml_latest_small,25,tag_vietnam,0.0008422702085226774
ml_latest_small,25,tag_philosophical,0.001097993808798492
ml_latest_small,25,tag_will_ferrell,0.004317132756114006
ml_latest_small,25,tag_revenge,0.044738322496414185
ml_latest_small,25,tag_world_war_ii,0.014098262414336205
ml_latest_small,25,tag_adventure,0.05043867975473404
ml_latest_small,25,tag_stylized,0.04195329174399376
ml_latest_small,25,tag_mystery,0.08152773231267929
ml_latest_small,25,tag_murder,0.07210338115692139
ml_latest_small,25,tag_hallucinatory,0.03990540653467178
ml_latest_small,25,tag_military,9.99999993922529e-09
ml_latest_small,25,tag_tense,0.01580371893942356
ml_latest_small,25,tag_creepy,0.011683034710586071
ml_latest_small,25,tag_sexuality,0.025744173675775528
ml_latest_small,25,tag_racism,0.07937245070934296
ml_latest_small,25,tag_heartwarming,0.05730585753917694
ml_latest_small,25,tag_family,0.034591201692819595
ml_latest_small,25,tag_sequel,0.07328076660633087
ml_latest_small,25,tag_police,0.0917346179485321
ml_latest_small,25,tag_violence,0.004492776934057474
ml_latest_small,25,tag_divorce,0.06873718649148941
ml_latest_small,25,tag_coen_brothers,0.07880214601755142
ml_latest_small,25,tag_martial_arts,0.04336830601096153
ml_latest_small,25,tag_serial_killer,0.04311215132474899
ml_latest_small,25,tag_animal_movie,0.07243605703115463
ml_latest_small,25,tag_movie_business,0.07856151461601257
ml_latest_small,25,tag_race,0.0020047298166900873
ml_latest_small,25,tag_spoof,0.08783449232578278
ml_latest_small,25,tag_new_york,0.011610284447669983
ml_latest_small,25,tag_bad,0.03187420591711998
ml_latest_small,25,tag_beautiful,0.006460382137447596
ml_latest_small,25,tag_inspirational,0.06952507793903351
ml_latest_small,25,tag_clever,0.002468408551067114
ml_latest_small,25,tag_witty,0.027845295146107674
ml_latest_small,25,tag_social_commentary,0.020219964906573296
ml_latest_small,25,tag_romance,0.0841965600848198
ml_latest_small,25,tag_predictable,0.053708698600530624
ml_latest_small,25,tag_quentin_tarantino,0.04828333109617233
ml_latest_small,25,tag_dark_humor,0.01283939927816391
ml_latest_small,25,tag_black_and_white,0.06427577883005142
ml_latest_small,25,tag_magic,0.026656316593289375
ml_latest_small,25,tag_cult_film,0.06152363494038582
ml_latest_small,25,tag_assassination,0.0006696793134324253
ml_latest_small,25,tag_kidnapping,0.0033560944721102715
ml_latest_small,25,tag_prostitution,0.07217945158481598
ml_latest_small,25,tag_disability,0.009453123435378075
ml_latest_small,25,tag_death,0.00401888694614172
ml_latest_small,25,tag_screwball,9.99999993922529e-09
ml_latest_small,25,tag_bible,0.08685018122196198
ml_latest_small,25,tag_intelligent,0.07809668779373169
ml_latest_small,25,tag_gritty,0.048493389040231705
ml_latest_small,25,tag_cerebral,0.03028014674782753
ml_latest_small,25,tag_wedding,0.09073156863451004
ml_latest_small,25,tag_fantasy,0.045864757150411606
ml_latest_small,25,tag_gothic,0.08476993441581726
ml_latest_small,25,tag_pixar,9.99999993922529e-09
ml_latest_small,25,tag_great_soundtrack,0.082563117146492
ml_latest_small,25,tag_soundtrack,0.0687091052532196
ml_latest_small,25,tag_dystopia,0.061560600996017456
ml_latest_small,25,tag_visually_stunning,0.04875536262989044
ml_latest_small,25,tag_future,0.02854309044778347
ml_latest_small,25,tag_zombies,0.04013664275407791
ml_latest_small,25,tag_depressing,0.06733063608407974
ml_latest_small,25,tag_terrorism,0.009883683174848557
ml_latest_small,25,tag_pregnancy,9.99999993922529e-09
ml_latest_small,25,tag_twins,0.08615414053201675
ml_latest_small,25,tag_hit_men,0.01129058189690113
ml_latest_small,25,tag_men_in_drag,0.05555214732885361
ml_latest_small,25,tag_remade,0.0564018189907074
ml_latest_small,25,tag_gambling,0.07145285606384277
ml_latest_small,25,tag_television,0.02299976721405983
ml_latest_small,25,tag_astaire_and_rogers,0.05590561404824257
ml_latest_small,25,tag_nick_and_nora_charles,0.03577781468629837
ml_latest_small,25,tag_business,0.03839967027306557
ml_latest_small,25,tag_philosophy,0.09001655131578445
ml_latest_small,25,tag_touching,9.99999993922529e-09
ml_latest_small,25,tag_al_pacino,0.06916096806526184
ml_latest_small,25,tag_epic,0.08746438473463058
ml_latest_small,25,tag_dogs,0.05947920307517052
ml_latest_small,25,tag_adam_sandler,0.0572655163705349
ml_latest_small,25,tag_organized_crime,9.99999993922529e-09
ml_latest_small,25,tag_stylish,0.08435513079166412
ml_latest_small,25,tag_good_dialogue,0.05641396343708038
ml_latest_small,25,tag_brad_pitt,0.017311519011855125
ml_latest_small,25,tag_ben_stiller,0.06509216129779816
ml_latest_small,25,tag_africa,0.010983564890921116
ml_latest_small,25,tag_corruption,0.020355910062789917
ml_latest_small,25,tag_ryan_reynolds,0.04039948433637619
ml_latest_small,25,tag_thriller,0.08301611244678497
ml_latest_small,25,tag_sarcasm,0.07356654107570648
ml_latest_small,25,tag_based_on_a_book,0.011806703172624111
ml_latest_small,25,tag_humorous,0.09147971868515015
ml_latest_small,25,tag_friendship,9.99999993922529e-09
ml_latest_small,25,tag_artificial_intelligence,0.06863531470298767
ml_latest_small,25,tag_horror,0.034443773329257965
ml_latest_small,25,tag_paranoia,0.023507004603743553
ml_latest_small,25,tag_wizards,0.024458305910229683
ml_latest_small,25,tag_samurai,0.05226944386959076
ml_latest_small,25,tag_president,0.0823093056678772
ml_latest_small,25,tag_alcoholism,0.010477819480001926
ml_latest_small,25,tag_death_penalty,0.06463528424501419
ml_latest_small,25,tag_ireland,0.053171008825302124
ml_latest_small,25,tag_space_opera,0.015152934938669205
ml_latest_small,25,tag_marriage,0.08308281004428864
ml_latest_small,25,tag_cross_dressing,0.04877118393778801
ml_latest_small,25,tag_biopic,9.99999993922529e-09
ml_latest_small,25,tag_aardman,0.02861209772527218
ml_latest_small,25,tag_civil_war,0.05667043849825859
ml_latest_small,25,tag_amnesia,0.0421975739300251
ml_latest_small,25,tag_swashbuckler,0.05463020130991936
ml_latest_small,25,tag_homeless,0.00913043599575758
ml_latest_small,25,tag_baseball,0.05582359805703163
ml_latest_small,25,tag_sports,0.04427778348326683
ml_latest_small,25,tag_lawyers,0.01578102447092533
ml_latest_small,25,tag_judaism,0.07627974450588226
ml_latest_small,25,tag_dickens,9.99999993922529e-09
ml_latest_small,25,tag_jason,0.061945121735334396
ml_latest_small,25,tag_hepburn_and_tracy,0.04529542103409767
ml_latest_small,25,tag_unique,0.012987418100237846
ml_latest_small,25,tag_sad,0.07952074706554413
ml_latest_small,25,tag_fun,0.011984693817794323
ml_latest_small,25,tag_existentialism,9.99999993922529e-09
ml_latest_small,25,tag_poignant,0.005794761702418327
ml_latest_small,25,tag_martin_scorsese,0.00036255441955290735
ml_latest_small,25,tag_true_story,0.046283524483442307
ml_latest_small,25,tag_tom_hanks,0.026707980781793594
ml_latest_small,25,tag_violent,0.06947283446788788
ml_latest_small,25,tag_marvel,0.053520362824201584
ml_latest_small,25,tag_steve_carell,0.02103331685066223
ml_latest_small,25,tag_bad_plot,9.99999993922529e-09
ml_latest_small,25,tag_seth_rogen,0.09343772381544113
ml_latest_small,25,tag_samuel_l_jackson,0.004055996425449848
ml_latest_small,25,tag_plot_holes,0.08462291955947876
ml_latest_small,25,tag_survival,0.08712618052959442
ml_latest_small,25,tag_interesting,0.05478205904364586
ml_latest_small,25,tag_controversial,0.08363442867994308
ml_latest_small,25,tag_crude_humor,0.08173219859600067
ml_latest_small,25,tag_assassin,0.06052756682038307
ml_latest_small,25,tag_feel_good,0.03411499783396721
ml_latest_small,25,tag_hugh_jackman,0.08015171438455582
ml_latest_small,26,genre_action,0.06772402673959732
ml_latest_small,26,genre_adventure,0.045221541076898575
ml_latest_small,26,genre_animation,9.99999993922529e-09
ml_latest_small,26,genre_children,0.0010879798792302608
ml_latest_small,26,genre_comedy,0.07706889510154724
ml_latest_small,26,genre_crime,0.05466640368103981
ml_latest_small,26,genre_documentary,0.0446464866399765
ml_latest_small,26,genre_drama,0.030965788289904594
ml_latest_small,26,genre_fantasy,0.06429564207792282
ml_latest_small,26,genre_film_noir,0.07079948484897614
ml_latest_small,26,genre_horror,0.08044146746397018
ml_latest_small,26,genre_imax,0.056215446442365646
ml_latest_small,26,genre_musical,0.01461677998304367
ml_latest_small,26,genre_mystery,0.028626123443245888
ml_latest_small,26,genre_no_genres_listed,0.041225217282772064
ml_latest_small,26,genre_romance,0.01063585001975298
ml_latest_small,26,genre_sci_fi,0.0442999005317688
ml_latest_small,26,genre_thriller,0.0781264379620552
ml_latest_small,26,genre_war,0.031572651118040085
ml_latest_small,26,genre_western,0.06203856319189072
ml_latest_small,26,tag_in_netflix_queue,0.03935267776250839
ml_latest_small,26,tag_atmospheric,0.07403524965047836
ml_latest_small,26,tag_thought_provoking,0.020501378923654556
ml_latest_small,26,tag_funny,0.07131633907556534
ml_latest_small,26,tag_superhero,0.04339762404561043
ml_latest_small,26,tag_surreal,0.010817145928740501
ml_latest_small,26,tag_sci_fi,0.07769530266523361
ml_latest_small,26,tag_disney,0.02389739453792572
ml_latest_small,26,tag_quirky,0.042651813477277756
ml_latest_small,26,tag_religion,0.03919227048754692
ml_latest_small,26,tag_dark_comedy,0.07558884471654892
ml_latest_small,26,tag_suspense,9.99999993922529e-09
ml_latest_small,26,tag_psychology,0.06048159673810005
ml_latest_small,26,tag_twist_ending,9.99999993922529e-09
ml_latest_small,26,tag_visually_appealing,0.058170586824417114
ml_latest_small,26,tag_comedy,0.0006831884966231883
ml_latest_small,26,tag_politics,0.0373016782104969
ml_latest_small,26,tag_crime,0.08334476500749588
ml_latest_small,26,tag_time_travel,0.07667845487594604
ml_latest_small,26,tag_music,0.05364950746297836
ml_latest_small,26,tag_dark,0.042629413306713104
ml_latest_small,26,tag_action,0.056365299969911575
ml_latest_small,26,tag_high_school,0.04102404788136482
ml_latest_small,26,tag_mental_illness,0.02184883877635002
ml_latest_small,26,tag_mindfuck,9.99999993922529e-09
ml_latest_small,26,tag_aliens,0.037424236536026
ml_latest_small,26,tag_black_comedy,0.05278615653514862
ml_latest_small,26,tag_space,0.002776632783934474
ml_latest_small,26,tag_dreamlike,0.05752785503864288
ml_latest_small,26,tag_mafia,9.99999993922529e-09
ml_latest_small,26,tag_holocaust,0.03273824602365494
ml_latest_small,26,tag_disturbing,9.99999993922529e-09
ml_latest_small,26,tag_shakespeare,0.06441450864076614
ml_latest_small,26,tag_emotional,0.0766187459230423
ml_latest_small,26,tag_stephen_king,0.01237502135336399
ml_latest_small,26,tag_journalism,0.07494240254163742
ml_latest_small,26,tag_heist,0.003563377307727933
ml_latest_small,26,tag_classic,0.04390600696206093
ml_latest_small,26,tag_anime,0.08094847947359085
ml_latest_small,26,tag_satire,0.07112845778465271
ml_latest_small,26,tag_court,9.99999993922529e-09
ml_latest_small,26,tag_christmas,0.01518777571618557
ml_latest_small,26,tag_animation,0.00039958138950169086
ml_latest_small,26,tag_imdb_top_250,9.99999993922529e-09
ml_latest_small,26,tag_comic_book,9.99999993922529e-09
ml_latest_small,26,tag_psychological,0.08402831107378006
ml_latest_small,26,tag_ghosts,0.07543168216943741
ml_latest_small,26,tag_bittersweet,0.01417600829154253
ml_latest_small,26,tag_adolescence,0.07870256900787354
ml_latest_small,26,tag_adultery,0.08191658556461334
ml_latest_small,26,tag_boxing,0.06155654042959213
ml_latest_small,26,tag_drugs,0.016120340675115585
ml_latest_small,26,tag_leonardo_dicaprio,0.02777181938290596
ml_latest_small,26,tag_post_apocalyptic,0.06262128055095673
ml_latest_small,26,tag_robots,0.07541681081056595
ml_latest_small,26,tag_cinematography,0.07190266251564026
ml_latest_small,26,tag_india,0.016195064410567284
ml_latest_small,26,tag_remake,0.0006644893437623978
ml_latest_small,26,tag_england,0.02203739993274212
ml_latest_small,26,tag_australia,0.07230482995510101
ml_latest_small,26,tag_vietnam,0.03193359449505806
ml_latest_small,26,tag_philosophical,0.07728996127843857
ml_latest_small,26,tag_will_ferrell,0.031386639922857285
ml_latest_small,26,tag_revenge,0.07852496206760406
ml_latest_small,26,tag_world_war_ii,0.06341215968132019
ml_latest_small,26,tag_adventure,0.025360682979226112
ml_latest_small,26,tag_stylized,0.05031538009643555
ml_latest_small,26,tag_mystery,9.99999993922529e-09
ml_latest_small,26,tag_murder,0.02471480704843998
ml_latest_small,26,tag_hallucinatory,0.0029352311976253986
ml_latest_small,26,tag_military,0.06613950431346893
ml_latest_small,26,tag_tense,0.03703886643052101
ml_latest_small,26,tag_creepy,0.034486766904592514
ml_latest_small,26,tag_sexuality,0.0775800421833992
ml_latest_small,26,tag_racism,0.05801451951265335
ml_latest_small,26,tag_heartwarming,0.04373616725206375
ml_latest_small,26,tag_family,0.08704571425914764
ml_latest_small,26,tag_sequel,0.08727504312992096
ml_latest_small,26,tag_police,0.03756805881857872
ml_latest_small,26,tag_violence,0.07105999439954758
ml_latest_small,26,tag_divorce,0.029059946537017822
ml_latest_small,26,tag_coen_brothers,0.032280080020427704
ml_latest_small,26,tag_martial_arts,0.027687691152095795
ml_latest_small,26,tag_serial_killer,0.01371582318097353
ml_latest_small,26,tag_animal_movie,0.07931587845087051
ml_latest_small,26,tag_movie_business,0.07734870910644531
ml_latest_small,26,tag_race,0.058364856988191605
ml_latest_small,26,tag_spoof,0.004061307292431593
ml_latest_small,26,tag_new_york,0.07142006605863571
ml_latest_small,26,tag_bad,0.07930901646614075
ml_latest_small,26,tag_beautiful,0.048703670501708984
ml_latest_small,26,tag_inspirational,0.08342021703720093
ml_latest_small,26,tag_clever,0.004533751867711544
ml_latest_small,26,tag_witty,0.07255474478006363
ml_latest_small,26,tag_social_commentary,0.009764116257429123
ml_latest_small,26,tag_romance,0.05299825966358185
ml_latest_small,26,tag_predictable,0.042735934257507324
ml_latest_small,26,tag_quentin_tarantino,0.06569268554449081
ml_latest_small,26,tag_dark_humor,0.007615992799401283
ml_latest_small,26,tag_black_and_white,0.08003581315279007
ml_latest_small,26,tag_magic,0.0569542795419693
ml_latest_small,26,tag_cult_film,0.08578193932771683
ml_latest_small,26,tag_assassination,0.06434103846549988
ml_latest_small,26,tag_kidnapping,0.058164309710264206
ml_latest_small,26,tag_prostitution,0.03551752492785454
ml_latest_small,26,tag_disability,0.04680720344185829
ml_latest_small,26,tag_death,0.07130047678947449
ml_latest_small,26,tag_screwball,0.029459793120622635
ml_latest_small,26,tag_bible,0.012981555424630642
ml_latest_small,26,tag_intelligent,0.004967841319739819
ml_latest_small,26,tag_gritty,0.0599089153110981
ml_latest_small,26,tag_cerebral,0.025225305929780006
ml_latest_small,26,tag_wedding,0.08648647367954254
ml_latest_small,26,tag_fantasy,0.02301732264459133
ml_latest_small,26,tag_gothic,0.05065665394067764
ml_latest_small,26,tag_pixar,0.06816884130239487
ml_latest_small,26,tag_great_soundtrack,0.05439884215593338
ml_latest_small,26,tag_soundtrack,0.012415369972586632
ml_latest_small,26,tag_dystopia,0.08480899035930634
ml_latest_small,26,tag_visually_stunning,0.07465047389268875
ml_latest_small,26,tag_future,0.029756540432572365
ml_latest_small,26,tag_zombies,0.027395818382501602
ml_latest_small,26,tag_depressing,0.07012446969747543
ml_latest_small,26,tag_terrorism,0.07520394772291183
ml_latest_small,26,tag_pregnancy,0.08476820588111877
ml_latest_small,26,tag_twins,0.09027222543954849
ml_latest_small,26,tag_hit_men,0.04814613610506058
ml_latest_small,26,tag_men_in_drag,0.030459726229310036
ml_latest_small,26,tag_remade,0.0024328106082975864
ml_latest_small,26,tag_gambling,0.08149547874927521
ml_latest_small,26,tag_television,9.99999993922529e-09
ml_latest_small,26,tag_astaire_and_rogers,0.072495236992836
ml_latest_small,26,tag_nick_and_nora_charles,0.03200047090649605
ml_latest_small,26,tag_business,0.07543804496526718
ml_latest_small,26,tag_philosophy,0.08644013106822968
ml_latest_small,26,tag_touching,0.0037393176462501287
ml_latest_small,26,tag_al_pacino,0.005951543338596821
ml_latest_small,26,tag_epic,9.99999993922529e-09
ml_latest_small,26,tag_dogs,0.0659969374537468
ml_latest_small,26,tag_adam_sandler,0.020753899589180946
ml_latest_small,26,tag_organized_crime,0.08293679356575012
ml_latest_small,26,tag_stylish,0.03625597804784775
ml_latest_small,26,tag_good_dialogue,0.040128037333488464
ml_latest_small,26,tag_brad_pitt,0.036251261830329895
ml_latest_small,26,tag_ben_stiller,0.055225640535354614
ml_latest_small,26,tag_africa,0.0821569561958313
ml_latest_small,26,tag_corruption,0.02976059541106224
ml_latest_small,26,tag_ryan_reynolds,0.08827847987413406
ml_latest_small,26,tag_thriller,0.07593422383069992
ml_latest_small,26,tag_sarcasm,9.99999993922529e-09
ml_latest_small,26,tag_based_on_a_book,0.06785622984170914
ml_latest_small,26,tag_humorous,0.04292186349630356
ml_latest_small,26,tag_friendship,0.05506855994462967
ml_latest_small,26,tag_artificial_intelligence,0.08993673324584961
ml_latest_small,26,tag_horror,0.05395156517624855
ml_latest_small,26,tag_paranoia,0.06311272829771042
ml_latest_small,26,tag_wizards,0.05858846753835678
ml_latest_small,26,tag_samurai,0.021595263853669167
ml_latest_small,26,tag_president,0.06677030026912689
ml_latest_small,26,tag_alcoholism,0.04041340947151184
ml_latest_small,26,tag_death_penalty,0.0819927453994751
ml_latest_small,26,tag_ireland,0.03369752690196037
ml_latest_small,26,tag_space_opera,0.05122692137956619
ml_latest_small,26,tag_marriage,0.03349762037396431
ml_latest_small,26,tag_cross_dressing,0.05844595655798912
ml_latest_small,26,tag_biopic,0.027738548815250397
ml_latest_small,26,tag_aardman,0.07047013938426971
ml_latest_small,26,tag_civil_war,0.03601377084851265
ml_latest_small,26,tag_amnesia,0.025263028219342232
ml_latest_small,26,tag_swashbuckler,0.009808099828660488
ml_latest_small,26,tag_homeless,0.054414037615060806
ml_latest_small,26,tag_baseball,0.0039319549687206745
ml_latest_small,26,tag_sports,0.06536746770143509
ml_latest_small,26,tag_lawyers,0.05023400858044624
ml_latest_small,26,tag_judaism,0.06542152911424637
ml_latest_small,26,tag_dickens,0.08781330287456512
ml_latest_small,26,tag_jason,0.08573591709136963
ml_latest_small,26,tag_hepburn_and_tracy,0.028329871594905853
ml_latest_small,26,tag_unique,0.05576267093420029
ml_latest_small,26,tag_sad,0.08270947635173798
ml_latest_small,26,tag_fun,0.07672187685966492
ml_latest_small,26,tag_existentialism,0.048595402389764786
ml_latest_small,26,tag_poignant,0.07706136256456375
ml_latest_small,26,tag_martin_scorsese,0.06586377322673798
ml_latest_small,26,tag_true_story,0.046244923025369644
ml_latest_small,26,tag_tom_hanks,0.08561922609806061
ml_latest_small,26,tag_violent,0.036039773374795914
ml_latest_small,26,tag_marvel,0.07662136107683182
ml_latest_small,26,tag_steve_carell,0.0547601617872715
ml_latest_small,26,tag_bad_plot,0.009740239940583706
ml_latest_small,26,tag_seth_rogen,9.99999993922529e-09
ml_latest_small,26,tag_samuel_l_jackson,0.05987963452935219
ml_latest_small,26,tag_plot_holes,9.99999993922529e-09
ml_latest_small,26,tag_survival,0.031207222491502762
ml_latest_small,26,tag_interesting,0.08245192468166351
ml_latest_small,26,tag_controversial,0.03216352313756943
ml_latest_small,26,tag_crude_humor,0.03879289701581001
ml_latest_small,26,tag_assassin,0.027356401085853577
ml_latest_small,26,tag_feel_good,0.08451429754495621
ml_latest_small,26,tag_hugh_jackman,0.08432874083518982
ml_latest_small,27,genre_action,0.036934301257133484
ml_latest_small,27,genre_adventure,0.007394141051918268
ml_latest_small,27,genre_animation,0.04545145854353905
ml_latest_small,27,genre_children,0.08175788819789886
ml_latest_small,27,genre_comedy,0.06398943811655045
ml_latest_small,27,genre_crime,0.031878840178251266
ml_latest_small,27,genre_documentary,0.03183523938059807
ml_latest_small,27,genre_drama,0.013042276725172997
ml_latest_small,27,genre_fantasy,0.02624458633363247
ml_latest_small,27,genre_film_noir,0.03419620171189308
ml_latest_small,27,genre_horror,0.04009973630309105
ml_latest_small,27,genre_imax,0.02414763532578945
ml_latest_small,27,genre_musical,0.08091220259666443
ml_latest_small,27,genre_mystery,0.020108791068196297
ml_latest_small,27,genre_no_genres_listed,0.08177118003368378
ml_latest_small,27,genre_romance,0.0863499641418457
ml_latest_small,27,genre_sci_fi,0.07298271358013153
ml_latest_small,27,genre_thriller,0.05791812017560005
ml_latest_small,27,genre_war,0.056906960904598236
ml_latest_small,27,genre_western,0.08535274118185043
ml_latest_small,27,tag_in_netflix_queue,0.023773211985826492
ml_latest_small,27,tag_atmospheric,0.003099739784374833
ml_latest_small,27,tag_thought_provoking,0.00866412278264761
ml_latest_small,27,tag_funny,0.010579757392406464
ml_latest_small,27,tag_superhero,0.06492792069911957
ml_latest_small,27,tag_surreal,0.050963401794433594
ml_latest_small,27,tag_sci_fi,0.08306768536567688
ml_latest_small,27,tag_disney,0.05140071362257004
ml_latest_small,27,tag_quirky,0.07232950627803802
ml_latest_small,27,tag_religion,0.025207435712218285
ml_latest_small,27,tag_dark_comedy,0.03375505283474922
ml_latest_small,27,tag_suspense,0.0037961204070597887
ml_latest_small,27,tag_psychology,0.058910273015499115
ml_latest_small,27,tag_twist_ending,0.0016261767596006393
ml_latest_small,27,tag_visually_appealing,0.03319485858082771
ml_latest_small,27,tag_comedy,0.03356839343905449
ml_latest_small,27,tag_politics,0.07693231105804443
ml_latest_small,27,tag_crime,0.03233962133526802
ml_latest_small,27,tag_time_travel,0.045187078416347504
ml_latest_small,27,tag_music,0.05342898890376091
ml_latest_small,27,tag_dark,0.06576083600521088
ml_latest_small,27,tag_action,0.019475873559713364
ml_latest_small,27,tag_high_school,0.024073071777820587
ml_latest_small,27,tag_mental_illness,0.053148869425058365
ml_latest_small,27,tag_mindfuck,0.012302880175411701
ml_latest_small,27,tag_aliens,0.07974620163440704
ml_latest_small,27,tag_black_comedy,0.0032886869739741087
ml_latest_small,27,tag_space,0.010021818801760674
ml_latest_small,27,tag_dreamlike,0.07123062014579773
ml_latest_small,27,tag_mafia,0.033883579075336456
ml_latest_small,27,tag_holocaust,0.017530104145407677
ml_latest_small,27,tag_disturbing,0.07841886579990387
ml_latest_small,27,tag_shakespeare,0.0016805524937808514
ml_latest_small,27,tag_emotional,0.05671926587820053
ml_latest_small,27,tag_stephen_king,0.015231147408485413
ml_latest_small,27,tag_journalism,0.016338471323251724
ml_latest_small,27,tag_heist,0.010125746950507164
ml_latest_small,27,tag_classic,0.04003654792904854
ml_latest_small,27,tag_anime,0.01764771342277527
ml_latest_small,27,tag_satire,0.04427642375230789
ml_latest_small,27,tag_court,0.0292945709079504
ml_latest_small,27,tag_christmas,9.99999993922529e-09
ml_latest_small,27,tag_animation,9.99999993922529e-09
ml_latest_small,27,tag_imdb_top_250,0.07869783043861389
ml_latest_small,27,tag_comic_book,0.022970007732510567
ml_latest_small,27,tag_psychological,0.002848593518137932
ml_latest_small,27,tag_ghosts,0.08471628278493881
ml_latest_small,27,tag_bittersweet,0.0008806191035546362
ml_latest_small,27,tag_adolescence,0.0265050046145916
ml_latest_small,27,tag_adultery,0.08263849467039108
ml_latest_small,27,tag_boxing,0.017701679840683937
ml_latest_small,27,tag_drugs,0.0797952190041542
ml_latest_small,27,tag_leonardo_dicaprio,0.08019369095563889
ml_latest_small,27,tag_post_apocalyptic,9.99999993922529e-09
ml_latest_small,27,tag_robots,0.026517020538449287
ml_latest_small,27,tag_cinematography,0.025796741247177124
ml_latest_small,27,tag_india,0.07662031054496765
ml_latest_small,27,tag_remake,0.0631023496389389
ml_latest_small,27,tag_england,0.08499863743782043
ml_latest_small,27,tag_australia,0.015023166313767433
ml_latest_small,27,tag_vietnam,0.047973643988370895
ml_latest_small,27,tag_philosophical,0.07316424697637558
ml_latest_small,27,tag_will_ferrell,0.011041687801480293
ml_latest_small,27,tag_revenge,0.045571718364953995
ml_latest_small,27,tag_world_war_ii,0.050895873457193375
ml_latest_small,27,tag_adventure,0.06362249702215195
ml_latest_small,27,tag_stylized,0.00866174977272749
ml_latest_small,27,tag_mystery,9.99999993922529e-09
ml_latest_small,27,tag_murder,0.06500150263309479
ml_latest_small,27,tag_hallucinatory,9.99999993922529e-09
ml_latest_small,27,tag_military,0.07178807258605957
ml_latest_small,27,tag_tense,0.02362402155995369
ml_latest_small,27,tag_creepy,0.08501796424388885
ml_latest_small,27,tag_sexuality,0.08266428112983704
ml_latest_small,27,tag_racism,0.06728555262088776
ml_latest_small,27,tag_heartwarming,0.053172171115875244
ml_latest_small,27,tag_family,0.07638196647167206
ml_latest_small,27,tag_sequel,9.99999993922529e-09
ml_latest_small,27,tag_police,0.06906130909919739
ml_latest_small,27,tag_violence,0.08843351155519485
ml_latest_small,27,tag_divorce,0.0762249156832695
ml_latest_small,27,tag_coen_brothers,0.0725434198975563
ml_latest_small,27,tag_martial_arts,0.07501394301652908
ml_latest_small,27,tag_serial_killer,0.0244979877024889
ml_latest_small,27,tag_animal_movie,0.062277257442474365
ml_latest_small,27,tag_movie_business,0.008767773397266865
ml_latest_small,27,tag_race,0.0032377636525779963
ml_latest_small,27,tag_spoof,0.06018857657909393
ml_latest_small,27,tag_new_york,0.08286499232053757
ml_latest_small,27,tag_bad,0.08872126787900925
ml_latest_small,27,tag_beautiful,0.08101408183574677
ml_latest_small,27,tag_inspirational,0.012802058830857277
ml_latest_small,27,tag_clever,0.08994364738464355
ml_latest_small,27,tag_witty,0.04058638960123062
ml_latest_small,27,tag_social_commentary,0.030459009110927582
ml_latest_small,27,tag_romance,0.08500900864601135
ml_latest_small,27,tag_predictable,0.07437513768672943
ml_latest_small,27,tag_quentin_tarantino,0.0890180915594101
ml_latest_small,27,tag_dark_humor,9.99999993922529e-09
ml_latest_small,27,tag_black_and_white,0.08341974020004272
ml_latest_small,27,tag_magic,0.013294138014316559
ml_latest_small,27,tag_cult_film,0.04680334031581879
ml_latest_small,27,tag_assassination,0.03840944170951843
ml_latest_small,27,tag_kidnapping,0.06156112998723984
ml_latest_small,27,tag_prostitution,0.014097820967435837
ml_latest_small,27,tag_disability,0.034580159932374954
ml_latest_small,27,tag_death,9.99999993922529e-09
ml_latest_small,27,tag_screwball,0.08136335760354996
ml_latest_small,27,tag_bible,0.054111141711473465
ml_latest_small,27,tag_intelligent,0.08371885120868683
ml_latest_small,27,tag_gritty,0.03416299447417259
ml_latest_small,27,tag_cerebral,0.081184521317482
ml_latest_small,27,tag_wedding,0.06628242880105972
ml_latest_small,27,tag_fantasy,0.06775201857089996
ml_latest_small,27,tag_gothic,0.025497378781437874
ml_latest_small,27,tag_pixar,0.08978668600320816
ml_latest_small,27,tag_great_soundtrack,0.07847076654434204
ml_latest_small,27,tag_soundtrack,0.08270193636417389
ml_latest_small,27,tag_dystopia,0.0016845891950652003
ml_latest_small,27,tag_visually_stunning,0.05904793366789818
ml_latest_small,27,tag_future,0.029607046395540237
ml_latest_small,27,tag_zombies,0.07783230394124985
ml_latest_small,27,tag_depressing,0.04299074783921242
ml_latest_small,27,tag_terrorism,0.04784383624792099
ml_latest_small,27,tag_pregnancy,0.061551112681627274
ml_latest_small,27,tag_twins,0.0010664240689948201
ml_latest_small,27,tag_hit_men,0.0299781896173954
ml_latest_small,27,tag_men_in_drag,0.06298381090164185
ml_latest_small,27,tag_remade,0.00024790852330625057
ml_latest_small,27,tag_gambling,0.0757606253027916
ml_latest_small,27,tag_television,0.017385801300406456
ml_latest_small,27,tag_astaire_and_rogers,0.01837971806526184
ml_latest_small,27,tag_nick_and_nora_charles,0.0026391996070742607
ml_latest_small,27,tag_business,0.04855707287788391
ml_latest_small,27,tag_philosophy,9.99999993922529e-09
ml_latest_small,27,tag_touching,0.07513879239559174
ml_latest_small,27,tag_al_pacino,9.99999993922529e-09
ml_latest_small,27,tag_epic,0.06570814549922943
ml_latest_small,27,tag_dogs,0.05679287016391754
ml_latest_small,27,tag_adam_sandler,0.03324546292424202
ml_latest_small,27,tag_organized_crime,0.017703376710414886
ml_latest_small,27,tag_stylish,0.01778431050479412
ml_latest_small,27,tag_good_dialogue,0.0890001654624939
ml_latest_small,27,tag_brad_pitt,0.006240467075258493
ml_latest_small,27,tag_ben_stiller,0.07644059509038925
ml_latest_small,27,tag_africa,0.05083608627319336
ml_latest_small,27,tag_corruption,0.033807698637247086
ml_latest_small,27,tag_ryan_reynolds,9.99999993922529e-09
ml_latest_small,27,tag_thriller,0.022266335785388947
ml_latest_small,27,tag_sarcasm,0.07496616244316101
ml_latest_small,27,tag_based_on_a_book,0.027398668229579926
ml_latest_small,27,tag_humorous,0.052869703620672226
ml_latest_small,27,tag_friendship,9.99999993922529e-09
ml_latest_small,27,tag_artificial_intelligence,0.036410603672266006
ml_latest_small,27,tag_horror,0.0724223405122757
ml_latest_small,27,tag_paranoia,0.020096775144338608
ml_latest_small,27,tag_wizards,0.01409875601530075
ml_latest_small,27,tag_samurai,0.08397112786769867
ml_latest_small,27,tag_president,0.06249639391899109
ml_latest_small,27,tag_alcoholism,0.040543824434280396
ml_latest_small,27,tag_death_penalty,0.016252746805548668
ml_latest_small,27,tag_ireland,0.04709140211343765
ml_latest_small,27,tag_space_opera,0.011814177967607975
ml_latest_small,27,tag_marriage,0.04049084335565567
ml_latest_small,27,tag_cross_dressing,0.08547535538673401
ml_latest_small,27,tag_biopic,0.01754608191549778
ml_latest_small,27,tag_aardman,9.99999993922529e-09
ml_latest_small,27,tag_civil_war,0.029530616477131844
ml_latest_small,27,tag_amnesia,0.08200111240148544
ml_latest_small,27,tag_swashbuckler,0.04337261989712715
ml_latest_small,27,tag_homeless,0.022540029138326645
ml_latest_small,27,tag_baseball,0.01330043189227581
ml_latest_small,27,tag_sports,0.0589946024119854
ml_latest_small,27,tag_lawyers,9.99999993922529e-09
ml_latest_small,27,tag_judaism,0.08841975033283234
ml_latest_small,27,tag_dickens,0.0546114556491375
ml_latest_small,27,tag_jason,0.021565677598118782
ml_latest_small,27,tag_hepburn_and_tracy,0.0409264899790287
ml_latest_small,27,tag_unique,0.018898114562034607
ml_latest_small,27,tag_sad,0.08246686309576035
ml_latest_small,27,tag_fun,0.03998063504695892
ml_latest_small,27,tag_existentialism,0.004316509235650301
ml_latest_small,27,tag_poignant,0.09172628819942474
ml_latest_small,27,tag_martin_scorsese,0.040980059653520584
ml_latest_small,27,tag_true_story,0.0882643535733223
ml_latest_small,27,tag_tom_hanks,0.035446152091026306
ml_latest_small,27,tag_violent,0.011193054728209972
ml_latest_small,27,tag_marvel,0.003739443840458989
ml_latest_small,27,tag_steve_carell,0.0084967240691185
ml_latest_small,27,tag_bad_plot,0.0611054003238678
ml_latest_small,27,tag_seth_rogen,0.03132873401045799
ml_latest_small,27,tag_samuel_l_jackson,0.025719312950968742
ml_latest_small,27,tag_plot_holes,0.0066249798983335495
ml_latest_small,27,tag_survival,0.002287103096023202
ml_latest_small,27,tag_interesting,0.01289420761168003
ml_latest_small,27,tag_controversial,9.99999993922529e-09
ml_latest_small,27,tag_crude_humor,0.06982994824647903
ml_latest_small,27,tag_assassin,0.06927542388439178
ml_latest_small,27,tag_feel_good,0.03759555146098137
ml_latest_small,27,tag_hugh_jackman,0.04158418998122215
ml_latest_small,28,genre_action,0.08152152597904205
ml_latest_small,28,genre_adventure,0.08473430573940277
ml_latest_small,28,genre_animation,0.08348987996578217
ml_latest_small,28,genre_children,0.05340714752674103
ml_latest_small,28,genre_comedy,0.07552700489759445
ml_latest_small,28,genre_crime,0.004650754854083061
ml_latest_small,28,genre_documentary,0.08106091618537903
ml_latest_small,28,genre_drama,0.07163155823945999
ml_latest_small,28,genre_fantasy,0.010894255712628365
ml_latest_small,28,genre_film_noir,0.054467152804136276
ml_latest_small,28,genre_horror,0.08472774922847748
ml_latest_small,28,genre_imax,0.042303286492824554
ml_latest_small,28,genre_musical,0.0020629388745874166
ml_latest_small,28,genre_mystery,0.06680282205343246
ml_latest_small,28,genre_no_genres_listed,0.027929482981562614
ml_latest_small,28,genre_romance,0.08916221559047699
ml_latest_small,28,genre_sci_fi,0.03162674978375435
ml_latest_small,28,genre_thriller,0.05261853709816933
ml_latest_small,28,genre_war,0.006771701388061047
ml_latest_small,28,genre_western,0.0037295992951840162
ml_latest_small,28,tag_in_netflix_queue,0.0508137084543705
ml_latest_small,28,tag_atmospheric,0.05742797255516052
ml_latest_small,28,tag_thought_provoking,0.08677046000957489
ml_latest_small,28,tag_funny,0.027184711769223213
ml_latest_small,28,tag_superhero,9.99999993922529e-09
ml_latest_small,28,tag_surreal,0.0890866070985794
ml_latest_small,28,tag_sci_fi,0.08701590448617935
ml_latest_small,28,tag_disney,0.04060714319348335
ml_latest_small,28,tag_quirky,0.08529147505760193
ml_latest_small,28,tag_religion,0.07279574126005173
ml_latest_small,28,tag_dark_comedy,0.050376977771520615
ml_latest_small,28,tag_suspense,0.048424337059259415
ml_latest_small,28,tag_psychology,0.0052947853691875935
ml_latest_small,28,tag_twist_ending,0.06573012471199036
ml_latest_small,28,tag_visually_appealing,0.03759966045618057
ml_latest_small,28,tag_comedy,0.0131786884739995
ml_latest_small,28,tag_politics,0.05125422403216362
ml_latest_small,28,tag_crime,0.0699736550450325
ml_latest_small,28,tag_time_travel,0.07495307177305222
ml_latest_small,28,tag_music,0.011253977194428444
ml_latest_small,28,tag_dark,0.0870189368724823
ml_latest_small,28,tag_action,0.028041541576385498
ml_latest_small,28,tag_high_school,0.05255209282040596
ml_latest_small,28,tag_mental_illness,9.99999993922529e-09
ml_latest_small,28,tag_mindfuck,0.04199632257223129
ml_latest_small,28,tag_aliens,0.06785145401954651
ml_latest_small,28,tag_black_comedy,0.01760486513376236
ml_latest_small,28,tag_space,0.08119082450866699
ml_latest_small,28,tag_dreamlike,0.029745396226644516
ml_latest_small,28,tag_mafia,0.06863410770893097
ml_latest_small,28,tag_holocaust,0.0864088237285614
ml_latest_small,28,tag_disturbing,0.044952597469091415
ml_latest_small,28,tag_shakespeare,0.0025142240338027477
ml_latest_small,28,tag_emotional,0.09136861562728882
ml_latest_small,28,tag_stephen_king,0.020970892161130905
ml_latest_small,28,tag_journalism,0.08114509284496307
ml_latest_small,28,tag_heist,0.0024483080487698317
ml_latest_small,28,tag_classic,0.016095910221338272
ml_latest_small,28,tag_anime,0.003920003771781921
ml_latest_small,28,tag_satire,0.0850558951497078
ml_latest_small,28,tag_court,0.04554237797856331
ml_latest_small,28,tag_christmas,0.04445880278944969
ml_latest_small,28,tag_animation,0.04099701717495918
ml_latest_small,28,tag_imdb_top_250,0.08856090903282166
ml_latest_small,28,tag_comic_book,0.04536033049225807
ml_latest_small,28,tag_psychological,0.059248145669698715
ml_latest_small,28,tag_ghosts,0.029866809025406837
ml_latest_small,28,tag_bittersweet,0.054320480674505234
ml_latest_small,28,tag_adolescence,0.03320641815662384
ml_latest_small,28,tag_adultery,0.08861145377159119
ml_latest_small,28,tag_boxing,0.07644670456647873
ml_latest_small,28,tag_drugs,0.006400523707270622
ml_latest_small,28,tag_leonardo_dicaprio,0.07589081674814224
ml_latest_small,28,tag_post_apocalyptic,9.99999993922529e-09
ml_latest_small,28,tag_robots,0.03991248831152916
ml_latest_small,28,tag_cinematography,0.015134547837078571
ml_latest_small,28,tag_india,0.044601425528526306
ml_latest_small,28,tag_remake,0.09011953324079514
ml_latest_small,28,tag_england,0.07993494719266891
ml_latest_small,28,tag_australia,0.09060528874397278
ml_latest_small,28,tag_vietnam,0.0009487535571679473
ml_latest_small,28,tag_philosophical,0.020402034744620323
ml_latest_small,28,tag_will_ferrell,0.03935202583670616
ml_latest_small,28,tag_revenge,0.016137225553393364
ml_latest_small,28,tag_world_war_ii,0.05276796594262123
ml_latest_small,28,tag_adventure,9.99999993922529e-09
ml_latest_small,28,tag_stylized,0.024850213900208473
ml_latest_small,28,tag_mystery,0.08845414966344833
ml_latest_small,28,tag_murder,0.08374505490064621
ml_latest_small,28,tag_hallucinatory,0.01689804345369339
ml_latest_small,28,tag_military,0.07238887250423431
ml_latest_small,28,tag_tense,0.03441965952515602
ml_latest_small,28,tag_creepy,0.0891730785369873
ml_latest_small,28,tag_sexuality,0.007213014643639326
ml_latest_small,28,tag_racism,0.08099543303251266
ml_latest_small,28,tag_heartwarming,0.0733162984251976
ml_latest_small,28,tag_family,0.011494457721710205
ml_latest_small,28,tag_sequel,0.00772866141051054
ml_latest_small,28,tag_police,0.07478103786706924
ml_latest_small,28,tag_violence,0.07651815563440323
ml_latest_small,28,tag_divorce,0.05736493691802025
ml_latest_small,28,tag_coen_brothers,0.04040773585438728
ml_latest_small,28,tag_martial_arts,0.0591031052172184
ml_latest_small,28,tag_serial_killer,0.09115424752235413
ml_latest_small,28,tag_animal_movie,0.03004276007413864
ml_latest_small,28,tag_movie_business,0.08029284328222275
ml_latest_small,28,tag_race,0.0741020068526268
ml_latest_small,28,tag_spoof,0.058435775339603424
ml_latest_small,28,tag_new_york,0.062104612588882446
ml_latest_small,28,tag_bad,0.08779989182949066
ml_latest_small,28,tag_beautiful,9.99999993922529e-09
ml_latest_small,28,tag_inspirational,0.07562243193387985
ml_latest_small,28,tag_clever,0.03461625799536705
ml_latest_small,28,tag_witty,0.08157740533351898
ml_latest_small,28,tag_social_commentary,0.022103432565927505
ml_latest_small,28,tag_romance,0.019236396998167038
ml_latest_small,28,tag_predictable,9.99999993922529e-09
ml_latest_small,28,tag_quentin_tarantino,0.058103296905756
ml_latest_small,28,tag_dark_humor,9.99999993922529e-09
ml_latest_small,28,tag_black_and_white,0.07140901684761047
ml_latest_small,28,tag_magic,0.04813972860574722
ml_latest_small,28,tag_cult_film,0.08576695621013641
ml_latest_small,28,tag_assassination,0.07388743758201599
ml_latest_small,28,tag_kidnapping,0.0194938313215971
ml_latest_small,28,tag_prostitution,0.09175474941730499
ml_latest_small,28,tag_disability,0.009899725206196308
ml_latest_small,28,tag_death,0.021728508174419403
ml_latest_small,28,tag_screwball,0.07635396718978882
ml_latest_small,28,tag_bible,0.03331882134079933
ml_latest_small,28,tag_intelligent,0.0756615623831749
ml_latest_small,28,tag_gritty,0.06367512792348862
ml_latest_small,28,tag_cerebral,0.03565794974565506
ml_latest_small,28,tag_wedding,0.08024492114782333
ml_latest_small,28,tag_fantasy,0.04744590073823929
ml_latest_small,28,tag_gothic,0.026859421283006668
ml_latest_small,28,tag_pixar,0.07484988123178482
ml_latest_small,28,tag_great_soundtrack,0.07263274490833282
ml_latest_small,28,tag_soundtrack,0.08918528258800507
ml_latest_small,28,tag_dystopia,9.99999993922529e-09
ml_latest_small,28,tag_visually_stunning,0.0723448097705841
ml_latest_small,28,tag_future,0.08016642928123474
ml_latest_small,28,tag_zombies,0.06054200604557991
ml_latest_small,28,tag_depressing,0.019659340381622314
ml_latest_small,28,tag_terrorism,0.05462240055203438
ml_latest_small,28,tag_pregnancy,0.028696691617369652
ml_latest_small,28,tag_twins,0.04777416214346886
ml_latest_small,28,tag_hit_men,0.06380503624677658
ml_latest_small,28,tag_men_in_drag,0.02307227812707424
ml_latest_small,28,tag_remade,0.040093451738357544
ml_latest_small,28,tag_gambling,0.03723279386758804
ml_latest_small,28,tag_television,0.03660266473889351
ml_latest_small,28,tag_astaire_and_rogers,0.006493911147117615
ml_latest_small,28,tag_nick_and_nora_charles,9.99999993922529e-09
ml_latest_small,28,tag_business,9.99999993922529e-09
ml_latest_small,28,tag_philosophy,0.0522342249751091
ml_latest_small,28,tag_touching,9.99999993922529e-09
ml_latest_small,28,tag_al_pacino,0.07442618906497955
ml_latest_small,28,tag_epic,0.06767619401216507
ml_latest_small,28,tag_dogs,0.0883345901966095
ml_latest_small,28,tag_adam_sandler,0.05524514988064766
ml_latest_small,28,tag_organized_crime,0.06907787173986435
ml_latest_small,28,tag_stylish,0.08181798458099365
ml_latest_small,28,tag_good_dialogue,0.09060346335172653
ml_latest_small,28,tag_brad_pitt,0.0424933061003685
ml_latest_small,28,tag_ben_stiller,0.031147774308919907
ml_latest_small,28,tag_africa,0.05579721927642822
ml_latest_small,28,tag_corruption,0.06631020456552505
ml_latest_small,28,tag_ryan_reynolds,0.001474014250561595
ml_latest_small,28,tag_thriller,0.07206052541732788
ml_latest_small,28,tag_sarcasm,0.06115597113966942
ml_latest_small,28,tag_based_on_a_book,0.08599202334880829
ml_latest_small,28,tag_humorous,0.0744648426771164
ml_latest_small,28,tag_friendship,0.012169827707111835
ml_latest_small,28,tag_artificial_intelligence,0.04229528829455376
ml_latest_small,28,tag_horror,0.030359461903572083
ml_latest_small,28,tag_paranoia,0.00864899717271328
ml_latest_small,28,tag_wizards,0.06948758661746979
ml_latest_small,28,tag_samurai,0.05119377747178078
ml_latest_small,28,tag_president,0.051724303513765335
ml_latest_small,28,tag_alcoholism,0.058543670922517776
ml_latest_small,28,tag_death_penalty,0.06127617508172989
ml_latest_small,28,tag_ireland,0.07923691719770432
ml_latest_small,28,tag_space_opera,0.06538010388612747
ml_latest_small,28,tag_marriage,0.03154579550027847
ml_latest_small,28,tag_cross_dressing,0.051582831889390945
ml_latest_small,28,tag_biopic,0.08199946582317352
ml_latest_small,28,tag_aardman,0.060671400278806686
ml_latest_small,28,tag_civil_war,0.0037111248821020126
ml_latest_small,28,tag_amnesia,0.0874239057302475
ml_latest_small,28,tag_swashbuckler,0.05631834641098976
ml_latest_small,28,tag_homeless,0.038418129086494446
ml_latest_small,28,tag_baseball,0.017786666750907898
ml_latest_small,28,tag_sports,0.011557800695300102
ml_latest_small,28,tag_lawyers,0.06379242986440659
ml_latest_small,28,tag_judaism,0.029960287734866142
ml_latest_small,28,tag_dickens,0.06694900244474411
ml_latest_small,28,tag_jason,0.010365991853177547
ml_latest_small,28,tag_hepburn_and_tracy,0.07678599655628204
ml_latest_small,28,tag_unique,0.007133922073990107
ml_latest_small,28,tag_sad,0.020879069343209267
ml_latest_small,28,tag_fun,0.03125161677598953
ml_latest_small,28,tag_existentialism,0.00964798778295517
ml_latest_small,28,tag_poignant,0.0687454342842102
ml_latest_small,28,tag_martin_scorsese,0.08626866340637207
ml_latest_small,28,tag_true_story,0.05550091341137886
ml_latest_small,28,tag_tom_hanks,0.07779764384031296
ml_latest_small,28,tag_violent,9.99999993922529e-09
ml_latest_small,28,tag_marvel,0.045068949460983276
ml_latest_small,28,tag_steve_carell,0.07576774805784225
ml_latest_small,28,tag_bad_plot,9.99999993922529e-09
ml_latest_small,28,tag_seth_rogen,0.04925360903143883
ml_latest_small,28,tag_samuel_l_jackson,0.028661277145147324
ml_latest_small,28,tag_plot_holes,0.031218884512782097
ml_latest_small,28,tag_survival,0.016211675480008125
ml_latest_small,28,tag_interesting,0.05311954766511917
ml_latest_small,28,tag_controversial,9.99999993922529e-09
ml_latest_small,28,tag_crude_humor,0.07241243869066238
ml_latest_small,28,tag_assassin,0.044092658907175064
ml_latest_small,28,tag_feel_good,0.05396740138530731
ml_latest_small,28,tag_hugh_jackman,0.009894843213260174
ml_latest_small,29,genre_action,0.004403606988489628
ml_latest_small,29,genre_adventure,0.04192864149808884
ml_latest_small,29,genre_animation,0.055073920637369156
ml_latest_small,29,genre_children,0.04238435626029968
ml_latest_small,29,genre_comedy,0.02432163618505001
ml_latest_small,29,genre_crime,0.09214010834693909
ml_latest_small,29,genre_documentary,0.07253004610538483
ml_latest_small,29,genre_drama,0.030495047569274902
ml_latest_small,29,genre_fantasy,0.07330897450447083
ml_latest_small,29,genre_film_noir,0.014869676902890205
ml_latest_small,29,genre_horror,9.99999993922529e-09
ml_latest_small,29,genre_imax,0.03361039236187935
ml_latest_small,29,genre_musical,0.01945800706744194
ml_latest_small,29,genre_mystery,0.00890562403947115
ml_latest_small,29,genre_no_genres_listed,0.051019757986068726
ml_latest_small,29,genre_romance,0.09091707319021225
ml_latest_small,29,genre_sci_fi,0.03042634204030037
ml_latest_small,29,genre_thriller,0.01573527418076992
ml_latest_small,29,genre_war,0.03433876112103462
ml_latest_small,29,genre_western,0.04102472588419914
ml_latest_small,29,tag_in_netflix_queue,0.01752566359937191
ml_latest_small,29,tag_atmospheric,0.0155493700876832
ml_latest_small,29,tag_thought_provoking,0.001680194167420268
ml_latest_small,29,tag_funny,0.042592354118824005
ml_latest_small,29,tag_superhero,0.007123891264200211
ml_latest_small,29,tag_surreal,0.09259267896413803
ml_latest_small,29,tag_sci_fi,0.07119088619947433
ml_latest_small,29,tag_disney,0.03097943402826786
ml_latest_small,29,tag_quirky,0.07939803600311279
ml_latest_small,29,tag_religion,0.09078658372163773
ml_latest_small,29,tag_dark_comedy,0.06625472754240036
ml_latest_small,29,tag_suspense,0.020445752888917923
ml_latest_small,29,tag_psychology,0.08150717616081238
ml_latest_small,29,tag_twist_ending,0.03005005232989788
ml_latest_small,29,tag_visually_appealing,0.08930902183055878
ml_latest_small,29,tag_comedy,9.99999993922529e-09
ml_latest_small,29,tag_politics,0.020264308899641037
ml_latest_small,29,tag_crime,0.025630712509155273
ml_latest_small,29,tag_time_travel,0.058744702488183975
ml_latest_small,29,tag_music,0.08539273589849472
ml_latest_small,29,tag_dark,0.05430350825190544
ml_latest_small,29,tag_action,0.0874706506729126
ml_latest_small,29,tag_high_school,0.039559852331876755
ml_latest_small,29,tag_mental_illness,0.050284549593925476
ml_latest_small,29,tag_mindfuck,0.02823513373732567
ml_latest_small,29,tag_aliens,0.04107276350259781
ml_latest_small,29,tag_black_comedy,0.07747822254896164
ml_latest_small,29,tag_space,0.05517507717013359
ml_latest_small,29,tag_dreamlike,0.00900593213737011
ml_latest_small,29,tag_mafia,0.02465537004172802
ml_latest_small,29,tag_holocaust,0.04513024166226387
ml_latest_small,29,tag_disturbing,0.030040528625249863
ml_latest_small,29,tag_shakespeare,0.07775915414094925
ml_latest_small,29,tag_emotional,0.08532271534204483
ml_latest_small,29,tag_stephen_king,0.022394517436623573
ml_latest_small,29,tag_journalism,0.06306678801774979
ml_latest_small,29,tag_heist,0.059992775321006775
ml_latest_small,29,tag_classic,0.031745102256536484
ml_latest_small,29,tag_anime,0.018097972497344017
ml_latest_small,29,tag_satire,0.06658530980348587
ml_latest_small,29,tag_court,0.08203525096178055
ml_latest_small,29,tag_christmas,0.0664932057261467
ml_latest_small,29,tag_animation,0.08266501873731613
ml_latest_small,29,tag_imdb_top_250,0.040758728981018066
ml_latest_small,29,tag_comic_book,0.05597513169050217
ml_latest_small,29,tag_psychological,0.04469011351466179
ml_latest_small,29,tag_ghosts,0.03199020400643349
ml_latest_small,29,tag_bittersweet,0.01973949931561947
ml_latest_small,29,tag_adolescence,0.08335886150598526
ml_latest_small,29,tag_adultery,0.07825364917516708
ml_latest_small,29,tag_boxing,0.0063132937066257
ml_latest_small,29,tag_drugs,0.038847729563713074
ml_latest_small,29,tag_leonardo_dicaprio,0.06015526130795479
ml_latest_small,29,tag_post_apocalyptic,0.0408318005502224
ml_latest_small,29,tag_robots,0.024088995531201363
ml_latest_small,29,tag_cinematography,0.06478080153465271
ml_latest_small,29,tag_india,0.08572303503751755
ml_latest_small,29,tag_remake,0.05737021192908287
ml_latest_small,29,tag_england,0.005331952590495348
ml_latest_small,29,tag_australia,0.05009634792804718
ml_latest_small,29,tag_vietnam,0.050073184072971344
ml_latest_small,29,tag_philosophical,0.03885412961244583
ml_latest_small,29,tag_will_ferrell,0.05163176730275154
ml_latest_small,29,tag_revenge,0.07738466560840607
ml_latest_small,29,tag_world_war_ii,0.09187830984592438
ml_latest_small,29,tag_adventure,0.057452697306871414
ml_latest_small,29,tag_stylized,0.05270678177475929
ml_latest_small,29,tag_mystery,0.059324562549591064
ml_latest_small,29,tag_murder,0.036172397434711456
ml_latest_small,29,tag_hallucinatory,0.06370095908641815
ml_latest_small,29,tag_military,0.06213512271642685
ml_latest_small,29,tag_tense,0.0793849527835846
ml_latest_small,29,tag_creepy,0.013278813101351261
ml_latest_small,29,tag_sexuality,0.07156398147344589
ml_latest_small,29,tag_racism,0.061955150216817856
ml_latest_small,29,tag_heartwarming,0.08745262026786804
ml_latest_small,29,tag_family,0.019619716331362724
ml_latest_small,29,tag_sequel,0.05647062882781029
ml_latest_small,29,tag_police,0.0259819608181715
ml_latest_small,29,tag_violence,0.042180296033620834
ml_latest_small,29,tag_divorce,0.050217438489198685
ml_latest_small,29,tag_coen_brothers,0.08678901940584183
ml_latest_small,29,tag_martial_arts,0.04944445565342903
ml_latest_small,29,tag_serial_killer,0.051435794681310654
ml_latest_small,29,tag_animal_movie,0.04764920473098755
ml_latest_small,29,tag_movie_business,0.03617331013083458
ml_latest_small,29,tag_race,0.01961951144039631
ml_latest_small,29,tag_spoof,0.09120728075504303
ml_latest_small,29,tag_new_york,0.03876940533518791
ml_latest_small,29,tag_bad,0.04514012858271599
ml_latest_small,29,tag_beautiful,0.07764466106891632
ml_latest_small,29,tag_inspirational,0.05382084473967552
ml_latest_small,29,tag_clever,0.025485359132289886
ml_latest_small,29,tag_witty,0.08231203258037567
ml_latest_small,29,tag_social_commentary,0.012954416684806347
ml_latest_small,29,tag_romance,0.08837813138961792
ml_latest_small,29,tag_predictable,0.0333532877266407
ml_latest_small,29,tag_quentin_tarantino,0.09005198627710342
ml_latest_small,29,tag_dark_humor,0.05270567536354065
ml_latest_small,29,tag_black_and_white,0.02893444150686264
ml_latest_small,29,tag_magic,0.06836546212434769
ml_latest_small,29,tag_cult_film,0.0020444567780941725
ml_latest_small,29,tag_assassination,0.011187896132469177
ml_latest_small,29,tag_kidnapping,0.03834492713212967
ml_latest_small,29,tag_prostitution,0.025752635672688484
ml_latest_small,29,tag_disability,0.08390489965677261
ml_latest_small,29,tag_death,0.08466899394989014
ml_latest_small,29,tag_screwball,0.01965096965432167
ml_latest_small,29,tag_bible,0.0007062115473672748
ml_latest_small,29,tag_intelligent,0.0873587504029274
ml_latest_small,29,tag_gritty,0.024807486683130264
ml_latest_small,29,tag_cerebral,0.004877377767115831
ml_latest_small,29,tag_wedding,0.005302680656313896
ml_latest_small,29,tag_fantasy,0.024243110790848732
ml_latest_small,29,tag_gothic,0.010516266338527203
ml_latest_small,29,tag_pixar,0.08444573730230331
ml_latest_small,29,tag_great_soundtrack,0.06463496387004852
ml_latest_small,29,tag_soundtrack,0.08301781862974167
ml_latest_small,29,tag_dystopia,0.08093113452196121
ml_latest_small,29,tag_visually_stunning,9.99999993922529e-09
ml_latest_small,29,tag_future,0.06407830864191055
ml_latest_small,29,tag_zombies,0.053681209683418274
ml_latest_small,29,tag_depressing,0.041831985116004944
ml_latest_small,29,tag_terrorism,0.016774429008364677
ml_latest_small,29,tag_pregnancy,0.04976809024810791
ml_latest_small,29,tag_twins,0.08234815299510956
ml_latest_small,29,tag_hit_men,0.02275737002491951
ml_latest_small,29,tag_men_in_drag,0.0651109516620636
ml_latest_small,29,tag_remade,0.005083241034299135
ml_latest_small,29,tag_gambling,0.024055954068899155
ml_latest_small,29,tag_television,0.005961131304502487
ml_latest_small,29,tag_astaire_and_rogers,0.06856554746627808
ml_latest_small,29,tag_nick_and_nora_charles,0.06618059426546097
ml_latest_small,29,tag_business,9.99999993922529e-09
ml_latest_small,29,tag_philosophy,0.007837902754545212
ml_latest_small,29,tag_touching,0.08085273951292038
ml_latest_small,29,tag_al_pacino,0.037995897233486176
ml_latest_small,29,tag_epic,9.99999993922529e-09
ml_latest_small,29,tag_dogs,0.03236249461770058
ml_latest_small,29,tag_adam_sandler,0.056377727538347244
ml_latest_small,29,tag_organized_crime,0.05180582404136658
ml_latest_small,29,tag_stylish,0.07533146440982819
ml_latest_small,29,tag_good_dialogue,0.038760241121053696
ml_latest_small,29,tag_brad_pitt,0.0006549358367919922
ml_latest_small,29,tag_ben_stiller,0.08761205524206161
ml_latest_small,29,tag_africa,0.05018597096204758
ml_latest_small,29,tag_corruption,0.012677352875471115
ml_latest_small,29,tag_ryan_reynolds,0.06227666884660721
ml_latest_small,29,tag_thriller,9.99999993922529e-09
ml_latest_small,29,tag_sarcasm,9.99999993922529e-09
ml_latest_small,29,tag_based_on_a_book,0.08741149306297302
ml_latest_small,29,tag_humorous,0.020570943132042885
ml_latest_small,29,tag_friendship,0.045498523861169815
ml_latest_small,29,tag_artificial_intelligence,0.014148524962365627
ml_latest_small,29,tag_horror,0.03293199464678764
ml_latest_small,29,tag_paranoia,0.0017692850669845939
ml_latest_small,29,tag_wizards,0.016543827950954437
ml_latest_small,29,tag_samurai,0.054354872554540634
ml_latest_small,29,tag_president,0.011399611830711365
ml_latest_small,29,tag_alcoholism,0.04721219465136528
ml_latest_small,29,tag_death_penalty,0.08728501200675964
ml_latest_small,29,tag_ireland,0.012948763556778431
ml_latest_small,29,tag_space_opera,0.04662980139255524
ml_latest_small,29,tag_marriage,0.04813108220696449
ml_latest_small,29,tag_cross_dressing,0.019950177520513535
ml_latest_small,29,tag_biopic,0.04131150618195534
ml_latest_small,29,tag_aardman,0.0835106372833252
ml_latest_small,29,tag_civil_war,0.059744276106357574
ml_latest_small,29,tag_amnesia,0.012040824629366398
ml_latest_small,29,tag_swashbuckler,0.07903826236724854
ml_latest_small,29,tag_homeless,0.08889070898294449
ml_latest_small,29,tag_baseball,0.001790983835235238
ml_latest_small,29,tag_sports,0.01587730087339878
ml_latest_small,29,tag_lawyers,0.08273579925298691
ml_latest_small,29,tag_judaism,0.025356249883770943
ml_latest_small,29,tag_dickens,0.01765494793653488
ml_latest_small,29,tag_jason,0.08904572576284409
ml_latest_small,29,tag_hepburn_and_tracy,0.00392406340688467
ml_latest_small,29,tag_unique,9.99999993922529e-09
ml_latest_small,29,tag_sad,0.00929321814328432
ml_latest_small,29,tag_fun,0.03171691671013832
ml_latest_small,29,tag_existentialism,0.09147895872592926
ml_latest_small,29,tag_poignant,0.007723385468125343
ml_latest_small,29,tag_martin_scorsese,0.060921210795640945
ml_latest_small,29,tag_true_story,0.0773492306470871
ml_latest_small,29,tag_tom_hanks,0.0728517398238182
ml_latest_small,29,tag_violent,0.059038203209638596
ml_latest_small,29,tag_marvel,0.03986532613635063
ml_latest_small,29,tag_steve_carell,0.04772960767149925
ml_latest_small,29,tag_bad_plot,0.011562582105398178
ml_latest_small,29,tag_seth_rogen,0.02369319647550583
ml_latest_small,29,tag_samuel_l_jackson,0.08220461755990982
ml_latest_small,29,tag_plot_holes,0.032816506922245026
ml_latest_small,29,tag_survival,0.0076946960762143135
ml_latest_small,29,tag_interesting,0.002169187180697918
ml_latest_small,29,tag_controversial,0.03348196670413017
ml_latest_small,29,tag_crude_humor,0.04408757761120796
ml_latest_small,29,tag_assassin,0.04504718631505966
ml_latest_small,29,tag_feel_good,0.08956794440746307
ml_latest_small,29,tag_hugh_jackman,0.047393716871738434
ml_latest_small,30,genre_action,0.080203115940094
ml_latest_small,30,genre_adventure,0.06279771775007248
ml_latest_small,30,genre_animation,0.04600029066205025
ml_latest_small,30,genre_children,0.019391225650906563
ml_latest_small,30,genre_comedy,0.022992515936493874
ml_latest_small,30,genre_crime,0.08654192835092545
ml_latest_small,30,genre_documentary,0.08845401555299759
ml_latest_small,30,genre_drama,0.00426096236333251
ml_latest_small,30,genre_fantasy,0.06439922004938126
ml_latest_small,30,genre_film_noir,0.09205082058906555
ml_latest_small,30,genre_horror,0.08096269518136978
ml_latest_small,30,genre_imax,0.023883948102593422
ml_latest_small,30,genre_musical,0.018733887001872063
ml_latest_small,30,genre_mystery,0.004174590110778809
ml_latest_small,30,genre_no_genres_listed,0.06966332346200943
ml_latest_small,30,genre_romance,9.99999993922529e-09
ml_latest_small,30,genre_sci_fi,0.04260683059692383
ml_latest_small,30,genre_thriller,0.005667263641953468
ml_latest_small,30,genre_war,0.03490791842341423
ml_latest_small,30,genre_western,0.08125823736190796
ml_latest_small,30,tag_in_netflix_queue,0.08722449094057083
ml_latest_small,30,tag_atmospheric,0.08353354036808014
ml_latest_small,30,tag_thought_provoking,0.03560430556535721
ml_latest_small,30,tag_funny,0.08631817996501923
ml_latest_small,30,tag_superhero,0.04790131002664566
ml_latest_small,30,tag_surreal,0.07144216448068619
ml_latest_small,30,tag_sci_fi,0.06995777785778046
ml_latest_small,30,tag_disney,0.07662186026573181
ml_latest_small,30,tag_quirky,0.09048964828252792
ml_latest_small,30,tag_religion,9.99999993922529e-09
ml_latest_small,30,tag_dark_comedy,0.07084337621927261
ml_latest_small,30,tag_suspense,0.015573736280202866
ml_latest_small,30,tag_psychology,0.0488799512386322
ml_latest_small,30,tag_twist_ending,0.08627389371395111
ml_latest_small,30,tag_visually_appealing,0.08301231265068054
ml_latest_small,30,tag_comedy,0.06825325638055801
ml_latest_small,30,tag_politics,0.07153842598199844
ml_latest_small,30,tag_crime,0.03813987597823143
ml_latest_small,30,tag_time_travel,0.05432241037487984
ml_latest_small,30,tag_music,0.003854423062875867
ml_latest_small,30,tag_dark,0.04249673709273338
ml_latest_small,30,tag_action,0.06473074853420258
ml_latest_small,30,tag_high_school,0.0696248710155487
ml_latest_small,30,tag_mental_illness,0.0012051458470523357
ml_latest_small,30,tag_mindfuck,0.084377221763134
ml_latest_small,30,tag_aliens,0.06544525921344757
ml_latest_small,30,tag_black_comedy,0.0511741116642952
ml_latest_small,30,tag_space,0.028845474123954773
ml_latest_small,30,tag_dreamlike,0.06036488339304924
ml_latest_small,30,tag_mafia,0.08266790956258774
ml_latest_small,30,tag_holocaust,0.008534188382327557
ml_latest_small,30,tag_disturbing,0.029328618198633194
ml_latest_small,30,tag_shakespeare,0.02725910022854805
ml_latest_small,30,tag_emotional,0.07751956582069397
ml_latest_small,30,tag_stephen_king,0.022999994456768036
ml_latest_small,30,tag_journalism,0.0036156605929136276
ml_latest_small,30,tag_heist,0.0533343143761158
ml_latest_small,30,tag_classic,0.045665204524993896
ml_latest_small,30,tag_anime,0.0336388498544693
ml_latest_small,30,tag_satire,0.018771057948470116
ml_latest_small,30,tag_court,0.08424446731805801
ml_latest_small,30,tag_christmas,9.99999993922529e-09
ml_latest_small,30,tag_animation,0.033498357981443405
ml_latest_small,30,tag_imdb_top_250,0.072343610227108
ml_latest_small,30,tag_comic_book,0.029956629499793053
ml_latest_small,30,tag_psychological,0.0490790419280529
ml_latest_small,30,tag_ghosts,0.045704253017902374
ml_latest_small,30,tag_bittersweet,0.0707148015499115
ml_latest_small,30,tag_adolescence,0.0029004791285842657
ml_latest_small,30,tag_adultery,0.07881583273410797
ml_latest_small,30,tag_boxing,0.062163885682821274
ml_latest_small,30,tag_drugs,0.036223120987415314
ml_latest_small,30,tag_leonardo_dicaprio,0.04659627750515938
ml_latest_small,30,tag_post_apocalyptic,0.06820312142372131
ml_latest_small,30,tag_robots,0.0489063635468483
ml_latest_small,30,tag_cinematography,0.0487530454993248
ml_latest_small,30,tag_india,0.08323320001363754
ml_latest_small,30,tag_remake,0.05292858928442001
ml_latest_small,30,tag_england,0.05597621574997902
ml_latest_small,30,tag_australia,0.00817715935409069
ml_latest_small,30,tag_vietnam,0.06009627878665924
ml_latest_small,30,tag_philosophical,0.09211832284927368
ml_latest_small,30,tag_will_ferrell,0.08327466249465942
ml_latest_small,30,tag_revenge,0.03986232727766037
ml_latest_small,30,tag_world_war_ii,0.08612918853759766
ml_latest_small,30,tag_adventure,0.07313597947359085
ml_latest_small,30,tag_stylized,0.014085683971643448
ml_latest_small,30,tag_mystery,0.08006013184785843
ml_latest_small,30,tag_murder,0.006246208678930998
ml_latest_small,30,tag_hallucinatory,0.0434219166636467
ml_latest_small,30,tag_military,0.08968465030193329
ml_latest_small,30,tag_tense,0.08138508349657059
ml_latest_small,30,tag_creepy,0.007325813174247742
ml_latest_small,30,tag_sexuality,0.07959391921758652
ml_latest_small,30,tag_racism,0.05828980356454849
ml_latest_small,30,tag_heartwarming,0.038198988884687424
ml_latest_small,30,tag_family,0.018106795847415924
ml_latest_small,30,tag_sequel,0.08152720332145691
ml_latest_small,30,tag_police,0.024509189650416374
ml_latest_small,30,tag_violence,0.050086863338947296
ml_latest_small,30,tag_divorce,0.015028784051537514
ml_latest_small,30,tag_coen_brothers,0.02805592305958271
ml_latest_small,30,tag_martial_arts,9.99999993922529e-09
ml_latest_small,30,tag_serial_killer,0.0622587725520134
ml_latest_small,30,tag_animal_movie,0.06385719031095505
ml_latest_small,30,tag_movie_business,0.014454285614192486
ml_latest_small,30,tag_race,0.003238868433982134
ml_latest_small,30,tag_spoof,0.03329462185502052
ml_latest_small,30,tag_new_york,0.08194994926452637
ml_latest_small,30,tag_bad,0.05649327114224434
ml_latest_small,30,tag_beautiful,0.05477086082100868
ml_latest_small,30,tag_inspirational,0.057462550699710846
ml_latest_small,30,tag_clever,0.037911705672740936
ml_latest_small,30,tag_witty,0.025974474847316742
ml_latest_small,30,tag_social_commentary,0.03794790804386139
ml_latest_small,30,tag_romance,0.022380439564585686
ml_latest_small,30,tag_predictable,0.0004635993973352015
ml_latest_small,30,tag_quentin_tarantino,0.02168077789247036
ml_latest_small,30,tag_dark_humor,0.06147371977567673
ml_latest_small,30,tag_black_and_white,0.05816130340099335
ml_latest_small,30,tag_magic,0.0166573878377676
ml_latest_small,30,tag_cult_film,0.0368918813765049
ml_latest_small,30,tag_assassination,0.013085010461509228
ml_latest_small,30,tag_kidnapping,0.09175462275743484
ml_latest_small,30,tag_prostitution,0.0853571966290474
ml_latest_small,30,tag_disability,0.04436751827597618
ml_latest_small,30,tag_death,0.0003843443701043725
ml_latest_small,30,tag_screwball,9.99999993922529e-09
ml_latest_small,30,tag_bible,0.05762707069516182
ml_latest_small,30,tag_intelligent,0.05502743273973465
ml_latest_small,30,tag_gritty,0.02525901235640049
ml_latest_small,30,tag_cerebral,0.018441347405314445
ml_latest_small,30,tag_wedding,0.08003926277160645
ml_latest_small,30,tag_fantasy,0.04053042083978653
ml_latest_small,30,tag_gothic,0.001342050265520811
ml_latest_small,30,tag_pixar,0.08237498253583908
ml_latest_small,30,tag_great_soundtrack,0.045198872685432434
ml_latest_small,30,tag_soundtrack,0.03692536801099777
ml_latest_small,30,tag_dystopia,0.03146170824766159
ml_latest_small,30,tag_visually_stunning,0.07355707138776779
ml_latest_small,30,tag_future,0.05304539203643799
ml_latest_small,30,tag_zombies,0.05895204469561577
ml_latest_small,30,tag_depressing,0.010680094361305237
ml_latest_small,30,tag_terrorism,0.04344261810183525
ml_latest_small,30,tag_pregnancy,0.024955736473202705
ml_latest_small,30,tag_twins,0.02532036043703556
ml_latest_small,30,tag_hit_men,0.06856738775968552
ml_latest_small,30,tag_men_in_drag,0.03860735148191452
ml_latest_small,30,tag_remade,0.06377885490655899
ml_latest_small,30,tag_gambling,0.09074665606021881
ml_latest_small,30,tag_television,0.012959408573806286
ml_latest_small,30,tag_astaire_and_rogers,0.006965551991015673
ml_latest_small,30,tag_nick_and_nora_charles,0.06161448359489441
ml_latest_small,30,tag_business,0.05474800989031792
ml_latest_small,30,tag_philosophy,0.025173453614115715
ml_latest_small,30,tag_touching,0.08923515677452087
ml_latest_small,30,tag_al_pacino,0.023091398179531097
ml_latest_small,30,tag_epic,0.0041633592918515205
ml_latest_small,30,tag_dogs,0.04696514457464218
ml_latest_small,30,tag_adam_sandler,0.02810635417699814
ml_latest_small,30,tag_organized_crime,0.06635715812444687
ml_latest_small,30,tag_stylish,0.037252333015203476
ml_latest_small,30,tag_good_dialogue,0.01885489746928215
ml_latest_small,30,tag_brad_pitt,0.028998538851737976
ml_latest_small,30,tag_ben_stiller,0.08251108229160309
ml_latest_small,30,tag_africa,0.08225084096193314
ml_latest_small,30,tag_corruption,0.01585107110440731
ml_latest_small,30,tag_ryan_reynolds,0.026799272745847702
ml_latest_small,30,tag_thriller,0.0357089526951313
ml_latest_small,30,tag_sarcasm,0.07284809648990631
ml_latest_small,30,tag_based_on_a_book,0.03442953899502754
ml_latest_small,30,tag_humorous,0.06219274178147316
ml_latest_small,30,tag_friendship,0.029873449355363846
ml_latest_small,30,tag_artificial_intelligence,0.07795438915491104
ml_latest_small,30,tag_horror,0.0035231048241257668
ml_latest_small,30,tag_paranoia,0.08106955140829086
ml_latest_small,30,tag_wizards,0.05479218810796738
ml_latest_small,30,tag_samurai,0.04224032908678055
ml_latest_small,30,tag_president,0.014085296541452408
ml_latest_small,30,tag_alcoholism,9.99999993922529e-09
ml_latest_small,30,tag_death_penalty,0.059420108795166016
ml_latest_small,30,tag_ireland,0.06033637374639511
ml_latest_small,30,tag_space_opera,0.053816162049770355
ml_latest_small,30,tag_marriage,0.011503045447170734
ml_latest_small,30,tag_cross_dressing,9.99999993922529e-09
ml_latest_small,30,tag_biopic,0.062168389558792114
ml_latest_small,30,tag_aardman,0.021296123042702675
ml_latest_small,30,tag_civil_war,0.011527982540428638
ml_latest_small,30,tag_amnesia,0.07775794714689255
ml_latest_small,30,tag_swashbuckler,0.022020980715751648
ml_latest_small,30,tag_homeless,0.07498414069414139
ml_latest_small,30,tag_baseball,0.008276417851448059
ml_latest_small,30,tag_sports,0.05813058838248253
ml_latest_small,30,tag_lawyers,0.09133913367986679
ml_latest_small,30,tag_judaism,0.040802713483572006
ml_latest_small,30,tag_dickens,0.052974533289670944
ml_latest_small,30,tag_jason,0.039616022258996964
ml_latest_small,30,tag_hepburn_and_tracy,9.99999993922529e-09
ml_latest_small,30,tag_unique,0.06823097914457321
ml_latest_small,30,tag_sad,0.051327310502529144
ml_latest_small,30,tag_fun,0.0347394160926342
ml_latest_small,30,tag_existentialism,0.08431967347860336
ml_latest_small,30,tag_poignant,0.07700122147798538
ml_latest_small,30,tag_martin_scorsese,0.024364862591028214
ml_latest_small,30,tag_true_story,0.0032925214618444443
ml_latest_small,30,tag_tom_hanks,9.99999993922529e-09
ml_latest_small,30,tag_violent,0.052112359553575516
ml_latest_small,30,tag_marvel,0.0064957402646541595
ml_latest_small,30,tag_steve_carell,0.08495047688484192
ml_latest_small,30,tag_bad_plot,0.004329589661210775
ml_latest_small,30,tag_seth_rogen,0.009928721003234386
ml_latest_small,30,tag_samuel_l_jackson,0.06349236518144608
ml_latest_small,30,tag_plot_holes,0.08523986488580704
ml_latest_small,30,tag_survival,0.06727801263332367
ml_latest_small,30,tag_interesting,0.04578157141804695
ml_latest_small,30,tag_controversial,0.0023784725926816463
ml_latest_small,30,tag_crude_humor,0.06719552725553513
ml_latest_small,30,tag_assassin,0.051643066108226776
ml_latest_small,30,tag_feel_good,0.08788095414638519
ml_latest_small,30,tag_hugh_jackman,0.00026698794681578875
ml_latest_small,31,genre_action,0.038776736706495285
ml_latest_small,31,genre_adventure,0.07100502401590347
ml_latest_small,31,genre_animation,0.013861938379704952
ml_latest_small,31,genre_children,0.08983783423900604
ml_latest_small,31,genre_comedy,0.023023659363389015
ml_latest_small,31,genre_crime,0.013925831764936447
ml_latest_small,31,genre_documentary,0.06477999687194824
ml_latest_small,31,genre_drama,0.003860433353111148
ml_latest_small,31,genre_fantasy,0.07749460637569427
ml_latest_small,31,genre_film_noir,0.06947726756334305
ml_latest_small,31,genre_horror,0.062142156064510345
ml_latest_small,31,genre_imax,0.04194653034210205
ml_latest_small,31,genre_musical,0.03536343201994896
ml_latest_small,31,genre_mystery,0.03158991411328316
ml_latest_small,31,genre_no_genres_listed,0.07091185450553894
ml_latest_small,31,genre_romance,0.0850430577993393
ml_latest_small,31,genre_sci_fi,0.0372154675424099
ml_latest_small,31,genre_thriller,0.01654996909201145
ml_latest_small,31,genre_war,0.036294206976890564
ml_latest_small,31,genre_western,9.99999993922529e-09
ml_latest_small,31,tag_in_netflix_queue,0.05945919081568718
ml_latest_small,31,tag_atmospheric,0.06280361115932465
ml_latest_small,31,tag_thought_provoking,0.021574512124061584
ml_latest_small,31,tag_funny,0.05394544452428818
ml_latest_small,31,tag_superhero,0.03581720218062401
ml_latest_small,31,tag_surreal,0.07086167484521866
ml_latest_small,31,tag_sci_fi,0.0712771937251091
ml_latest_small,31,tag_disney,0.0848177894949913
ml_latest_small,31,tag_quirky,0.028177151456475258
ml_latest_small,31,tag_religion,0.0861193835735321
ml_latest_small,31,tag_dark_comedy,0.06526634842157364
ml_latest_small,31,tag_suspense,0.07939966022968292
ml_latest_small,31,tag_psychology,0.009842470288276672
ml_latest_small,31,tag_twist_ending,0.03563923016190529
ml_latest_small,31,tag_visually_appealing,0.053054265677928925
ml_latest_small,31,tag_comedy,0.022016480565071106
ml_latest_small,31,tag_politics,0.08092741668224335
ml_latest_small,31,tag_crime,0.04280781000852585
ml_latest_small,31,tag_time_travel,0.06479963660240173
ml_latest_small,31,tag_music,0.0789375901222229
ml_latest_small,31,tag_dark,0.052492037415504456
ml_latest_small,31,tag_action,0.004250939469784498
ml_latest_small,31,tag_high_school,0.07069045305252075
ml_latest_small,31,tag_mental_illness,0.050616469234228134
ml_latest_small,31,tag_mindfuck,9.99999993922529e-09
ml_latest_small,31,tag_aliens,0.09018086642026901
ml_latest_small,31,tag_black_comedy,0.05853104218840599
ml_latest_small,31,tag_space,0.056468795984983444
ml_latest_small,31,tag_dreamlike,0.025199662894010544
ml_latest_small,31,tag_mafia,9.99999993922529e-09
ml_latest_small,31,tag_holocaust,0.031615033745765686
ml_latest_small,31,tag_disturbing,0.0278428103774786
ml_latest_small,31,tag_shakespeare,0.025220327079296112
ml_latest_small,31,tag_emotional,0.03949267417192459
ml_latest_small,31,tag_stephen_king,0.03148960322141647
ml_latest_small,31,tag_journalism,0.01103959884494543
ml_latest_small,31,tag_heist,9.99999993922529e-09
ml_latest_small,31,tag_classic,0.0446532741189003
ml_latest_small,31,tag_anime,0.019824212417006493
ml_latest_small,31,tag_satire,0.08854760229587555
ml_latest_small,31,tag_court,9.99999993922529e-09
ml_latest_small,31,tag_christmas,0.05713618919253349
ml_latest_small,31,tag_animation,0.0642452985048294
ml_latest_small,31,tag_imdb_top_250,0.011646735481917858
ml_latest_small,31,tag_comic_book,0.08150730282068253
ml_latest_small,31,tag_psychological,0.0503837913274765
ml_latest_small,31,tag_ghosts,0.083893321454525
ml_latest_small,31,tag_bittersweet,0.053086791187524796
ml_latest_small,31,tag_adolescence,0.06226557865738869
ml_latest_small,31,tag_adultery,0.048168834298849106
ml_latest_small,31,tag_boxing,0.007534072268754244
ml_latest_small,31,tag_drugs,0.07342773675918579
ml_latest_small,31,tag_leonardo_dicaprio,0.019536523148417473
ml_latest_small,31,tag_post_apocalyptic,0.08386369049549103
ml_latest_small,31,tag_robots,0.04868682101368904
ml_latest_small,31,tag_cinematography,0.01719004288315773
ml_latest_small,31,tag_india,0.07322828471660614
ml_latest_small,31,tag_remake,9.99999993922529e-09
ml_latest_small,31,tag_england,0.06829750537872314
ml_latest_small,31,tag_australia,0.00285583408549428
ml_latest_small,31,tag_vietnam,0.061788443475961685
ml_latest_small,31,tag_philosophical,0.04592589661478996
ml_latest_small,31,tag_will_ferrell,0.08191074430942535
ml_latest_small,31,tag_revenge,0.08715777099132538
ml_latest_small,31,tag_world_war_ii,0.022077064961194992
ml_latest_small,31,tag_adventure,0.06440525501966476
ml_latest_small,31,tag_stylized,0.07180020958185196
ml_latest_small,31,tag_mystery,0.08984138816595078
ml_latest_small,31,tag_murder,0.08376063406467438
ml_latest_small,31,tag_hallucinatory,0.023810015991330147
ml_latest_small,31,tag_military,0.023401936516165733
ml_latest_small,31,tag_tense,0.05191521719098091
ml_latest_small,31,tag_creepy,0.06635107100009918
ml_latest_small,31,tag_sexuality,0.05807047337293625
ml_latest_small,31,tag_racism,0.04607847332954407
ml_latest_small,31,tag_heartwarming,0.06894462555646896
ml_latest_small,31,tag_family,0.0409981794655323
ml_latest_small,31,tag_sequel,0.02569594606757164
ml_latest_small,31,tag_police,0.0639873594045639
ml_latest_small,31,tag_violence,0.06506176292896271
ml_latest_small,31,tag_divorce,0.07679042965173721
ml_latest_small,31,tag_coen_brothers,0.003216141602024436
ml_latest_small,31,tag_martial_arts,0.020740173757076263
ml_latest_small,31,tag_serial_killer,0.07918788492679596
ml_latest_small,31,tag_animal_movie,0.021671229973435402
ml_latest_small,31,tag_movie_business,0.007218942977488041
ml_latest_small,31,tag_race,0.02697918191552162
ml_latest_small,31,tag_spoof,0.010267038829624653
ml_latest_small,31,tag_new_york,0.028644656762480736
ml_latest_small,31,tag_bad,0.06399641931056976
ml_latest_small,31,tag_beautiful,0.09123283624649048
ml_latest_small,31,tag_inspirational,0.06415912508964539
ml_latest_small,31,tag_clever,0.04515566676855087
ml_latest_small,31,tag_witty,0.07293689250946045
ml_latest_small,31,tag_social_commentary,0.019160335883498192
ml_latest_small,31,tag_romance,0.06204025819897652
ml_latest_small,31,tag_predictable,0.02427208423614502
ml_latest_small,31,tag_quentin_tarantino,0.058604706078767776
ml_latest_small,31,tag_dark_humor,0.022724511101841927
ml_latest_small,31,tag_black_and_white,0.04769044369459152
ml_latest_small,31,tag_magic,0.0021164286881685257
ml_latest_small,31,tag_cult_film,0.06911715865135193
ml_latest_small,31,tag_assassination,0.07905524969100952
ml_latest_small,31,tag_kidnapping,0.007218535989522934
ml_latest_small,31,tag_prostitution,0.07709020376205444
ml_latest_small,31,tag_disability,0.008052603341639042
ml_latest_small,31,tag_death,0.011990847066044807
ml_latest_small,31,tag_screwball,0.050164952874183655
ml_latest_small,31,tag_bible,0.041062239557504654
ml_latest_small,31,tag_intelligent,0.06124284863471985
ml_latest_small,31,tag_gritty,0.07656220346689224
ml_latest_small,31,tag_cerebral,0.0767083391547203
ml_latest_small,31,tag_wedding,0.03443554416298866
ml_latest_small,31,tag_fantasy,0.06452158838510513
ml_latest_small,31,tag_gothic,0.02754180133342743
ml_latest_small,31,tag_pixar,0.051379505544900894
ml_latest_small,31,tag_great_soundtrack,0.03528454899787903
ml_latest_small,31,tag_soundtrack,0.08609631657600403
ml_latest_small,31,tag_dystopia,0.005522698163986206
ml_latest_small,31,tag_visually_stunning,0.014033453539013863
ml_latest_small,31,tag_future,0.01477249525487423
ml_latest_small,31,tag_zombies,0.03341665491461754
ml_latest_small,31,tag_depressing,0.0856405645608902
ml_latest_small,31,tag_terrorism,0.08332163840532303
ml_latest_small,31,tag_pregnancy,0.034443169832229614
ml_latest_small,31,tag_twins,9.99999993922529e-09
ml_latest_small,31,tag_hit_men,0.02839723974466324
ml_latest_small,31,tag_men_in_drag,0.051028940826654434
ml_latest_small,31,tag_remade,0.041349224746227264
ml_latest_small,31,tag_gambling,0.03723203390836716
ml_latest_small,31,tag_television,0.008315859362483025
ml_latest_small,31,tag_astaire_and_rogers,0.01014734897762537
ml_latest_small,31,tag_nick_and_nora_charles,0.016415594145655632
ml_latest_small,31,tag_business,0.002185448305681348
ml_latest_small,31,tag_philosophy,0.08182351291179657
ml_latest_small,31,tag_touching,0.017663011327385902
ml_latest_small,31,tag_al_pacino,0.06825383007526398
ml_latest_small,31,tag_epic,0.07260321080684662
ml_latest_small,31,tag_dogs,0.02490856871008873
ml_latest_small,31,tag_adam_sandler,0.07562614232301712
ml_latest_small,31,tag_organized_crime,0.004961209371685982
ml_latest_small,31,tag_stylish,0.08358646184206009
ml_latest_small,31,tag_good_dialogue,0.0683618113398552
ml_latest_small,31,tag_brad_pitt,9.99999993922529e-09
ml_latest_small,31,tag_ben_stiller,0.08296682685613632
ml_latest_small,31,tag_africa,0.07463837414979935
ml_latest_small,31,tag_corruption,0.02966984547674656
ml_latest_small,31,tag_ryan_reynolds,0.0807294100522995
ml_latest_small,31,tag_thriller,0.04739248380064964
ml_latest_small,31,tag_sarcasm,0.04277162253856659
ml_latest_small,31,tag_based_on_a_book,0.07030820846557617
ml_latest_small,31,tag_humorous,0.07804300636053085
ml_latest_small,31,tag_friendship,9.99999993922529e-09
ml_latest_small,31,tag_artificial_intelligence,0.06526926159858704
ml_latest_small,31,tag_horror,0.08895177394151688
ml_latest_small,31,tag_paranoia,0.058570168912410736
ml_latest_small,31,tag_wizards,0.0223710797727108
ml_latest_small,31,tag_samurai,0.03502107784152031
ml_latest_small,31,tag_president,0.054863959550857544
ml_latest_small,31,tag_alcoholism,0.03769203647971153
ml_latest_small,31,tag_death_penalty,0.03775055333971977
ml_latest_small,31,tag_ireland,0.005808893591165543
ml_latest_small,31,tag_space_opera,0.025670649483799934
ml_latest_small,31,tag_marriage,0.05927257239818573
ml_latest_small,31,tag_cross_dressing,0.0860867127776146
ml_latest_small,31,tag_biopic,0.01358201913535595
ml_latest_small,31,tag_aardman,0.0913626179099083
ml_latest_small,31,tag_civil_war,0.04696396365761757
ml_latest_small,31,tag_amnesia,9.99999993922529e-09
ml_latest_small,31,tag_swashbuckler,0.07522076368331909
ml_latest_small,31,tag_homeless,0.0620541088283062
ml_latest_small,31,tag_baseball,0.0034489550162106752
ml_latest_small,31,tag_sports,0.003456300124526024
ml_latest_small,31,tag_lawyers,0.07488929480314255
ml_latest_small,31,tag_judaism,0.07537204027175903
ml_latest_small,31,tag_dickens,0.052472133189439774
ml_latest_small,31,tag_jason,0.016008632257580757
ml_latest_small,31,tag_hepburn_and_tracy,0.08288538455963135
ml_latest_small,31,tag_unique,0.014242435805499554
ml_latest_small,31,tag_sad,0.06475993245840073
ml_latest_small,31,tag_fun,0.04183593764901161
ml_latest_small,31,tag_existentialism,0.038042932748794556
ml_latest_small,31,tag_poignant,0.02092122659087181
ml_latest_small,31,tag_martin_scorsese,0.07011666893959045
ml_latest_small,31,tag_true_story,0.05168648436665535
ml_latest_small,31,tag_tom_hanks,0.08545198291540146
ml_latest_small,31,tag_violent,0.0622108057141304
ml_latest_small,31,tag_marvel,0.020345978438854218
ml_latest_small,31,tag_steve_carell,0.07813412696123123
ml_latest_small,31,tag_bad_plot,0.07499474287033081
ml_latest_small,31,tag_seth_rogen,0.05864276364445686
ml_latest_small,31,tag_samuel_l_jackson,0.048186253756284714
ml_latest_small,31,tag_plot_holes,0.024927644059062004
ml_latest_small,31,tag_survival,0.03402771055698395
ml_latest_small,31,tag_interesting,0.011279698461294174
ml_latest_small,31,tag_controversial,0.007282441947609186
ml_latest_small,31,tag_crude_humor,0.00032207780168391764
ml_latest_small,31,tag_assassin,0.015653252601623535
ml_latest_small,31,tag_feel_good,0.04406255483627319
ml_latest_small,31,tag_hugh_jackman,0.06256625056266785
ml_latest_small,32,genre_action,0.020453481003642082
ml_latest_small,32,genre_adventure,0.0130724236369133
ml_latest_small,32,genre_animation,0.05489519238471985
ml_latest_small,32,genre_children,0.010252878069877625
ml_latest_small,32,genre_comedy,0.062346450984478
ml_latest_small,32,genre_crime,0.04650002345442772
ml_latest_small,32,genre_documentary,0.09071260690689087
ml_latest_small,32,genre_drama,0.09551343321800232
ml_latest_small,32,genre_fantasy,0.049437228590250015
ml_latest_small,32,genre_film_noir,0.05775212123990059
ml_latest_small,32,genre_horror,0.06114359572529793
ml_latest_small,32,genre_imax,0.07242663204669952
ml_latest_small,32,genre_musical,0.06315752118825912
ml_latest_small,32,genre_mystery,0.04901996627449989
ml_latest_small,32,genre_no_genres_listed,0.05927387997508049
ml_latest_small,32,genre_romance,0.0175176989287138
ml_latest_small,32,genre_sci_fi,0.016393546015024185
ml_latest_small,32,genre_thriller,0.03636394068598747
ml_latest_small,32,genre_war,0.06510321795940399
ml_latest_small,32,genre_western,0.05125246196985245
ml_latest_small,32,tag_in_netflix_queue,0.021121732890605927
ml_latest_small,32,tag_atmospheric,0.07249632477760315
ml_latest_small,32,tag_thought_provoking,9.99999993922529e-09
ml_latest_small,32,tag_funny,0.07451798766851425
ml_latest_small,32,tag_superhero,0.012425952591001987
ml_latest_small,32,tag_surreal,0.020961318165063858
ml_latest_small,32,tag_sci_fi,0.024917414411902428
ml_latest_small,32,tag_disney,0.01226168405264616
ml_latest_small,32,tag_quirky,0.03662071004509926
ml_latest_small,32,tag_religion,0.08259448409080505
ml_latest_small,32,tag_dark_comedy,9.99999993922529e-09
ml_latest_small,32,tag_suspense,0.0871061459183693
ml_latest_small,32,tag_psychology,0.05656559765338898
ml_latest_small,32,tag_twist_ending,0.0766303688287735
ml_latest_small,32,tag_visually_appealing,0.02504078298807144
ml_latest_small,32,tag_comedy,0.07323996722698212
ml_latest_small,32,tag_politics,0.0009173000580631196
ml_latest_small,32,tag_crime,0.08372411131858826
ml_latest_small,32,tag_time_travel,0.05032297596335411
ml_latest_small,32,tag_music,0.09119650721549988
ml_latest_small,32,tag_dark,0.04429982602596283
ml_latest_small,32,tag_action,0.07319283485412598
ml_latest_small,32,tag_high_school,0.056465163826942444
ml_latest_small,32,tag_mental_illness,0.0010811607353389263
ml_latest_small,32,tag_mindfuck,9.99999993922529e-09
ml_latest_small,32,tag_aliens,0.06265576928853989
ml_latest_small,32,tag_black_comedy,0.028922580182552338
ml_latest_small,32,tag_space,0.021113809198141098
ml_latest_small,32,tag_dreamlike,0.07757803797721863
ml_latest_small,32,tag_mafia,0.06454160809516907
ml_latest_small,32,tag_holocaust,0.04507399722933769
ml_latest_small,32,tag_disturbing,0.07352852821350098
ml_latest_small,32,tag_shakespeare,0.012699649669229984
ml_latest_small,32,tag_emotional,0.04232635349035263
ml_latest_small,32,tag_stephen_king,9.99999993922529e-09
ml_latest_small,32,tag_journalism,0.005837323609739542
ml_latest_small,32,tag_heist,0.03538964316248894
ml_latest_small,32,tag_classic,0.06195909157395363
ml_latest_small,32,tag_anime,0.044208791106939316
ml_latest_small,32,tag_satire,9.99999993922529e-09
ml_latest_small,32,tag_court,0.06922899931669235
ml_latest_small,32,tag_christmas,0.03753161430358887
ml_latest_small,32,tag_animation,0.08454403281211853
ml_latest_small,32,tag_imdb_top_250,9.99999993922529e-09
ml_latest_small,32,tag_comic_book,0.036719854921102524
ml_latest_small,32,tag_psychological,0.043524038046598434
ml_latest_small,32,tag_ghosts,0.04332001879811287
ml_latest_small,32,tag_bittersweet,9.99999993922529e-09
ml_latest_small,32,tag_adolescence,0.06072341650724411
ml_latest_small,32,tag_adultery,0.047231629490852356
ml_latest_small,32,tag_boxing,0.05756787955760956
ml_latest_small,32,tag_drugs,0.035485949367284775
ml_latest_small,32,tag_leonardo_dicaprio,0.0059502143412828445
ml_latest_small,32,tag_post_apocalyptic,0.015854287892580032
ml_latest_small,32,tag_robots,0.02537154033780098
ml_latest_small,32,tag_cinematography,0.029850559309124947
ml_latest_small,32,tag_india,0.02776716835796833
ml_latest_small,32,tag_remake,9.99999993922529e-09
ml_latest_small,32,tag_england,0.08850802481174469
ml_latest_small,32,tag_australia,0.042949676513671875
ml_latest_small,32,tag_vietnam,0.08955611288547516
ml_latest_small,32,tag_philosophical,9.99999993922529e-09
ml_latest_small,32,tag_will_ferrell,0.08320652693510056
ml_latest_small,32,tag_revenge,9.99999993922529e-09
ml_latest_small,32,tag_world_war_ii,0.09221489727497101
ml_latest_small,32,tag_adventure,0.01988891325891018
ml_latest_small,32,tag_stylized,0.057409510016441345
ml_latest_small,32,tag_mystery,0.06353265792131424
ml_latest_small,32,tag_murder,0.029661666601896286
ml_latest_small,32,tag_hallucinatory,0.017673753201961517
ml_latest_small,32,tag_military,0.030570393428206444
ml_latest_small,32,tag_tense,9.99999993922529e-09
ml_latest_small,32,tag_creepy,0.08048763871192932
ml_latest_small,32,tag_sexuality,0.05495673045516014
ml_latest_small,32,tag_racism,0.0014108848990872502
ml_latest_small,32,tag_heartwarming,0.04216042160987854
ml_latest_small,32,tag_family,0.0575033575296402
ml_latest_small,32,tag_sequel,0.07790619134902954
ml_latest_small,32,tag_police,0.08608740568161011
ml_latest_small,32,tag_violence,0.015673428773880005
ml_latest_small,32,tag_divorce,0.06817755103111267
ml_latest_small,32,tag_coen_brothers,0.04003603383898735
ml_latest_small,32,tag_martial_arts,0.019551744684576988
ml_latest_small,32,tag_serial_killer,0.03395231440663338
ml_latest_small,32,tag_animal_movie,0.09149568527936935
ml_latest_small,32,tag_movie_business,0.07026582211256027
ml_latest_small,32,tag_race,0.0835864394903183
ml_latest_small,32,tag_spoof,0.08426861464977264
ml_latest_small,32,tag_new_york,0.057307034730911255
ml_latest_small,32,tag_bad,0.07060247659683228
ml_latest_small,32,tag_beautiful,0.01940617337822914
ml_latest_small,32,tag_inspirational,0.027795063331723213
ml_latest_small,32,tag_clever,0.0073927477933466434
ml_latest_small,32,tag_witty,0.04308798164129257
ml_latest_small,32,tag_social_commentary,0.09114958345890045
ml_latest_small,32,tag_romance,9.99999993922529e-09
ml_latest_small,32,tag_predictable,0.02066352777183056
ml_latest_small,32,tag_quentin_tarantino,9.99999993922529e-09
ml_latest_small,32,tag_dark_humor,0.04723445326089859
ml_latest_small,32,tag_black_and_white,0.04031945765018463
ml_latest_small,32,tag_magic,9.99999993922529e-09
ml_latest_small,32,tag_cult_film,0.09131480753421783
ml_latest_small,32,tag_assassination,0.050934091210365295
ml_latest_small,32,tag_kidnapping,0.0746779590845108
ml_latest_small,32,tag_prostitution,0.06044120714068413
ml_latest_small,32,tag_disability,9.99999993922529e-09
ml_latest_small,32,tag_death,0.07965986430644989
ml_latest_small,32,tag_screwball,0.06286300718784332
ml_latest_small,32,tag_bible,0.025326259434223175
ml_latest_small,32,tag_intelligent,0.07688821852207184
ml_latest_small,32,tag_gritty,0.03552344813942909
ml_latest_small,32,tag_cerebral,9.99999993922529e-09
ml_latest_small,32,tag_wedding,0.013151643797755241
ml_latest_small,32,tag_fantasy,9.99999993922529e-09
ml_latest_small,32,tag_gothic,0.0719851478934288
ml_latest_small,32,tag_pixar,0.07301339507102966
ml_latest_small,32,tag_great_soundtrack,0.05546697601675987
ml_latest_small,32,tag_soundtrack,9.99999993922529e-09
ml_latest_small,32,tag_dystopia,0.01294203195720911
ml_latest_small,32,tag_visually_stunning,0.09046336263418198
ml_latest_small,32,tag_future,0.004905283451080322
ml_latest_small,32,tag_zombies,0.07305672019720078
ml_latest_small,32,tag_depressing,0.07799258828163147
ml_latest_small,32,tag_terrorism,0.042292434722185135
ml_latest_small,32,tag_pregnancy,0.06364700198173523
ml_latest_small,32,tag_twins,0.0048276339657604694
ml_latest_small,32,tag_hit_men,0.02853948250412941
ml_latest_small,32,tag_men_in_drag,0.040940169245004654
ml_latest_small,32,tag_remade,0.017114583402872086
ml_latest_small,32,tag_gambling,0.08562000840902328
ml_latest_small,32,tag_television,0.00653549749404192
ml_latest_small,32,tag_astaire_and_rogers,0.03379395604133606
ml_latest_small,32,tag_nick_and_nora_charles,0.0064169494435191154
ml_latest_small,32,tag_business,0.046771079301834106
ml_latest_small,32,tag_philosophy,0.06137844920158386
ml_latest_small,32,tag_touching,0.0793880894780159
ml_latest_small,32,tag_al_pacino,0.0331091545522213
ml_latest_small,32,tag_epic,0.00042571674566715956
ml_latest_small,32,tag_dogs,0.08788654208183289
ml_latest_small,32,tag_adam_sandler,0.04376605525612831
ml_latest_small,32,tag_organized_crime,0.05299898982048035
ml_latest_small,32,tag_stylish,0.0033945993054658175
ml_latest_small,32,tag_good_dialogue,0.08335623890161514
ml_latest_small,32,tag_brad_pitt,0.03520990163087845
ml_latest_small,32,tag_ben_stiller,0.042714137583971024
ml_latest_small,32,tag_africa,0.04047540947794914
ml_latest_small,32,tag_corruption,0.03921589255332947
ml_latest_small,32,tag_ryan_reynolds,0.07033912092447281
ml_latest_small,32,tag_thriller,0.05840590223670006
ml_latest_small,32,tag_sarcasm,9.99999993922529e-09
ml_latest_small,32,tag_based_on_a_book,0.08374495804309845
ml_latest_small,32,tag_humorous,0.020611947402358055
ml_latest_small,32,tag_friendship,0.028224023059010506
ml_latest_small,32,tag_artificial_intelligence,0.034968964755535126
ml_latest_small,32,tag_horror,0.055109161883592606
ml_latest_small,32,tag_paranoia,0.0751878097653389
ml_latest_small,32,tag_wizards,0.017200956121087074
ml_latest_small,32,tag_samurai,0.09170068055391312
ml_latest_small,32,tag_president,0.08534108102321625
ml_latest_small,32,tag_alcoholism,0.026300564408302307
ml_latest_small,32,tag_death_penalty,0.08672872185707092
ml_latest_small,32,tag_ireland,0.07132021337747574
ml_latest_small,32,tag_space_opera,0.028688473626971245
ml_latest_small,32,tag_marriage,0.04408121854066849
ml_latest_small,32,tag_cross_dressing,0.05386974290013313
ml_latest_small,32,tag_biopic,0.03832139074802399
ml_latest_small,32,tag_aardman,9.99999993922529e-09
ml_latest_small,32,tag_civil_war,0.08226939290761948
ml_latest_small,32,tag_amnesia,0.036040425300598145
ml_latest_small,32,tag_swashbuckler,0.05644746869802475
ml_latest_small,32,tag_homeless,0.08866877853870392
ml_latest_small,32,tag_baseball,0.06491471081972122
ml_latest_small,32,tag_sports,0.08097557723522186
ml_latest_small,32,tag_lawyers,0.06118832528591156
ml_latest_small,32,tag_judaism,0.04311133548617363
ml_latest_small,32,tag_dickens,0.02536744624376297
ml_latest_small,32,tag_jason,0.02234303206205368
ml_latest_small,32,tag_hepburn_and_tracy,0.018356677144765854
ml_latest_small,32,tag_unique,0.008033761754631996
ml_latest_small,32,tag_sad,0.03115668147802353
ml_latest_small,32,tag_fun,0.07262177765369415
ml_latest_small,32,tag_existentialism,0.028368400409817696
ml_latest_small,32,tag_poignant,0.0024335174821317196
ml_latest_small,32,tag_martin_scorsese,0.021533414721488953
ml_latest_small,32,tag_true_story,0.007551082409918308
ml_latest_small,32,tag_tom_hanks,0.08006708323955536
ml_latest_small,32,tag_violent,0.00973813608288765
ml_latest_small,32,tag_marvel,0.055074598640203476
ml_latest_small,32,tag_steve_carell,0.0011877481592819095
ml_latest_small,32,tag_bad_plot,0.005060608498752117
ml_latest_small,32,tag_seth_rogen,0.0014237635768949986
ml_latest_small,32,tag_samuel_l_jackson,0.049029700458049774
ml_latest_small,32,tag_plot_holes,0.026287950575351715
ml_latest_small,32,tag_survival,0.034785494208335876
ml_latest_small,32,tag_interesting,0.0168888159096241
ml_latest_small,32,tag_controversial,0.014648186974227428
ml_latest_small,32,tag_crude_humor,0.026140712201595306
ml_latest_small,32,tag_assassin,0.05122588947415352
ml_latest_small,32,tag_feel_good,0.015271489508450031
ml_latest_small,32,tag_hugh_jackman,0.01952696032822132
ml_latest_small,33,genre_action,0.0801650807261467
ml_latest_small,33,genre_adventure,0.0294692013412714
ml_latest_small,33,genre_animation,0.026388224214315414
ml_latest_small,33,genre_children,0.03916730731725693
ml_latest_small,33,genre_comedy,0.0650932788848877
ml_latest_small,33,genre_crime,0.04141159728169441
ml_latest_small,33,genre_documentary,0.016048293560743332
ml_latest_small,33,genre_drama,0.04168581962585449
ml_latest_small,33,genre_fantasy,0.08412057161331177
ml_latest_small,33,genre_film_noir,0.012264972552657127
ml_latest_small,33,genre_horror,0.04441656172275543
ml_latest_small,33,genre_imax,0.04430016130208969
ml_latest_small,33,genre_musical,9.99999993922529e-09
ml_latest_small,33,genre_mystery,0.041491031646728516
ml_latest_small,33,genre_no_genres_listed,9.99999993922529e-09
ml_latest_small,33,genre_romance,0.09035270661115646
ml_latest_small,33,genre_sci_fi,0.02329438552260399
ml_latest_small,33,genre_thriller,0.026590140536427498
ml_latest_small,33,genre_war,0.021105341613292694
ml_latest_small,33,genre_western,0.016013871878385544
ml_latest_small,33,tag_in_netflix_queue,0.061980895698070526
ml_latest_small,33,tag_atmospheric,0.07454489171504974
ml_latest_small,33,tag_thought_provoking,0.07612418383359909
ml_latest_small,33,tag_funny,0.07261718809604645
ml_latest_small,33,tag_superhero,0.020003270357847214
ml_latest_small,33,tag_surreal,0.02419227920472622
ml_latest_small,33,tag_sci_fi,0.04648197814822197
ml_latest_small,33,tag_disney,9.99999993922529e-09
ml_latest_small,33,tag_quirky,9.99999993922529e-09
ml_latest_small,33,tag_religion,0.07715976983308792
ml_latest_small,33,tag_dark_comedy,0.013233796693384647
ml_latest_small,33,tag_suspense,0.08093389123678207
ml_latest_small,33,tag_psychology,0.0418202206492424
ml_latest_small,33,tag_twist_ending,0.04679727554321289
ml_latest_small,33,tag_visually_appealing,0.03672883287072182
ml_latest_small,33,tag_comedy,0.04848778620362282
ml_latest_small,33,tag_politics,0.07858435809612274
ml_latest_small,33,tag_crime,0.04327824339270592
ml_latest_small,33,tag_time_travel,0.04918212071061134
ml_latest_small,33,tag_music,0.06788226962089539
ml_latest_small,33,tag_dark,9.99999993922529e-09
ml_latest_small,33,tag_action,0.0049810344353318214
ml_latest_small,33,tag_high_school,0.0036816084757447243
ml_latest_small,33,tag_mental_illness,0.06706127524375916
ml_latest_small,33,tag_mindfuck,0.019646385684609413
ml_latest_small,33,tag_aliens,0.02923661656677723
ml_latest_small,33,tag_black_comedy,0.07416996359825134
ml_latest_small,33,tag_space,0.06713693588972092
ml_latest_small,33,tag_dreamlike,0.03712300956249237
ml_latest_small,33,tag_mafia,0.04400536045432091
ml_latest_small,33,tag_holocaust,0.02490251511335373
ml_latest_small,33,tag_disturbing,0.03870261833071709
ml_latest_small,33,tag_shakespeare,0.004596866201609373
ml_latest_small,33,tag_emotional,0.08086676150560379
ml_latest_small,33,tag_stephen_king,0.03089451976120472
ml_latest_small,33,tag_journalism,0.017025478184223175
ml_latest_small,33,tag_heist,0.023515544831752777
ml_latest_small,33,tag_classic,0.059177663177251816
ml_latest_small,33,tag_anime,0.014640637673437595
ml_latest_small,33,tag_satire,0.0023380527272820473
ml_latest_small,33,tag_court,0.013067139312624931
ml_latest_small,33,tag_christmas,0.07103440910577774
ml_latest_small,33,tag_animation,9.99999993922529e-09
ml_latest_small,33,tag_imdb_top_250,0.08197426050901413
ml_latest_small,33,tag_comic_book,0.057016439735889435
ml_latest_small,33,tag_psychological,0.02754320204257965
ml_latest_small,33,tag_ghosts,0.03206940367817879
ml_latest_small,33,tag_bittersweet,0.06242678686976433
ml_latest_small,33,tag_adolescence,0.030021756887435913
ml_latest_small,33,tag_adultery,0.022757191210985184
ml_latest_small,33,tag_boxing,0.03902812674641609
ml_latest_small,33,tag_drugs,0.07579882442951202
ml_latest_small,33,tag_leonardo_dicaprio,0.0790291279554367
ml_latest_small,33,tag_post_apocalyptic,0.05078631639480591
ml_latest_small,33,tag_robots,0.06966753304004669
ml_latest_small,33,tag_cinematography,0.04054201394319534
ml_latest_small,33,tag_india,0.06394610553979874
ml_latest_small,33,tag_remake,0.04277437925338745
ml_latest_small,33,tag_england,0.017934484407305717
ml_latest_small,33,tag_australia,0.0438375398516655
ml_latest_small,33,tag_vietnam,0.029050223529338837
ml_latest_small,33,tag_philosophical,0.05051439255475998
ml_latest_small,33,tag_will_ferrell,0.03500538319349289
ml_latest_small,33,tag_revenge,9.99999993922529e-09
ml_latest_small,33,tag_world_war_ii,0.0614495724439621
ml_latest_small,33,tag_adventure,0.0629013329744339
ml_latest_small,33,tag_stylized,0.09130042791366577
ml_latest_small,33,tag_mystery,0.03229890763759613
ml_latest_small,33,tag_murder,0.05225123092532158
ml_latest_small,33,tag_hallucinatory,0.07297887653112411
ml_latest_small,33,tag_military,0.08551394939422607
ml_latest_small,33,tag_tense,0.03663617745041847
ml_latest_small,33,tag_creepy,0.08745423704385757
ml_latest_small,33,tag_sexuality,0.040508005768060684
ml_latest_small,33,tag_racism,0.0650438442826271
ml_latest_small,33,tag_heartwarming,0.0070876507088541985
ml_latest_small,33,tag_family,0.015963613986968994
ml_latest_small,33,tag_sequel,9.99999993922529e-09
ml_latest_small,33,tag_police,9.99999993922529e-09
ml_latest_small,33,tag_violence,0.035735972225666046
ml_latest_small,33,tag_divorce,0.08017352968454361
ml_latest_small,33,tag_coen_brothers,9.99999993922529e-09
ml_latest_small,33,tag_martial_arts,0.05791536346077919
ml_latest_small,33,tag_serial_killer,0.028648942708969116
ml_latest_small,33,tag_animal_movie,0.036304738372564316
ml_latest_small,33,tag_movie_business,0.019422011449933052
ml_latest_small,33,tag_race,0.048013944178819656
ml_latest_small,33,tag_spoof,9.99999993922529e-09
ml_latest_small,33,tag_new_york,0.06163567304611206
ml_latest_small,33,tag_bad,0.060033828020095825
ml_latest_small,33,tag_beautiful,0.057224202901124954
ml_latest_small,33,tag_inspirational,0.08251939713954926
ml_latest_small,33,tag_clever,0.0835970863699913
ml_latest_small,33,tag_witty,0.035976383835077286
ml_latest_small,33,tag_social_commentary,0.02343302220106125
ml_latest_small,33,tag_romance,0.01692952774465084
ml_latest_small,33,tag_predictable,0.08217491209506989
ml_latest_small,33,tag_quentin_tarantino,0.006723718252032995
ml_latest_small,33,tag_dark_humor,0.014187829568982124
ml_latest_small,33,tag_black_and_white,0.06290982663631439
ml_latest_small,33,tag_magic,0.04878179728984833
ml_latest_small,33,tag_cult_film,0.0796583741903305
ml_latest_small,33,tag_assassination,0.04917307570576668
ml_latest_small,33,tag_kidnapping,0.024957118555903435
ml_latest_small,33,tag_prostitution,0.07037288695573807
ml_latest_small,33,tag_disability,0.002369610359892249
ml_latest_small,33,tag_death,0.05990971624851227
ml_latest_small,33,tag_screwball,0.01901681162416935
ml_latest_small,33,tag_bible,0.017109915614128113
ml_latest_small,33,tag_intelligent,0.06373622268438339
ml_latest_small,33,tag_gritty,0.04700703173875809
ml_latest_small,33,tag_cerebral,0.007790843956172466
ml_latest_small,33,tag_wedding,0.08456555753946304
ml_latest_small,33,tag_fantasy,0.02786542847752571
ml_latest_small,33,tag_gothic,0.05863548070192337
ml_latest_small,33,tag_pixar,0.0289994515478611
ml_latest_small,33,tag_great_soundtrack,0.08002538979053497
ml_latest_small,33,tag_soundtrack,0.013465858064591885
ml_latest_small,33,tag_dystopia,0.060765545815229416
ml_latest_small,33,tag_visually_stunning,0.08875083923339844
ml_latest_small,33,tag_future,0.0023136932868510485
ml_latest_small,33,tag_zombies,0.0534638836979866
ml_latest_small,33,tag_depressing,0.06434698402881622
ml_latest_small,33,tag_terrorism,0.06202089041471481
ml_latest_small,33,tag_pregnancy,0.08413297683000565
ml_latest_small,33,tag_twins,0.06472937017679214
ml_latest_small,33,tag_hit_men,0.06371438503265381
ml_latest_small,33,tag_men_in_drag,0.05016246438026428
ml_latest_small,33,tag_remade,0.020451994612812996
ml_latest_small,33,tag_gambling,0.09196063131093979
ml_latest_small,33,tag_television,0.03194074705243111
ml_latest_small,33,tag_astaire_and_rogers,0.07253260910511017
ml_latest_small,33,tag_nick_and_nora_charles,0.045283686369657516
ml_latest_small,33,tag_business,0.08297639340162277
ml_latest_small,33,tag_philosophy,0.028739606961607933
ml_latest_small,33,tag_touching,0.04607095569372177
ml_latest_small,33,tag_al_pacino,9.99999993922529e-09
ml_latest_small,33,tag_epic,0.012299424968659878
ml_latest_small,33,tag_dogs,0.03495829924941063
ml_latest_small,33,tag_adam_sandler,0.07386723905801773
ml_latest_small,33,tag_organized_crime,0.0893130898475647
ml_latest_small,33,tag_stylish,0.07490411400794983
ml_latest_small,33,tag_good_dialogue,0.08085168898105621
ml_latest_small,33,tag_brad_pitt,0.03381041809916496
ml_latest_small,33,tag_ben_stiller,0.00192228052765131
ml_latest_small,33,tag_africa,0.02742207609117031
ml_latest_small,33,tag_corruption,0.08685985207557678
ml_latest_small,33,tag_ryan_reynolds,9.99999993922529e-09
ml_latest_small,33,tag_thriller,9.99999993922529e-09
ml_latest_small,33,tag_sarcasm,0.0016144996043294668
ml_latest_small,33,tag_based_on_a_book,0.052542027086019516
ml_latest_small,33,tag_humorous,0.07363096624612808
ml_latest_small,33,tag_friendship,0.06028620898723602
ml_latest_small,33,tag_artificial_intelligence,0.01645374298095703
ml_latest_small,33,tag_horror,0.019837070256471634
ml_latest_small,33,tag_paranoia,0.046500157564878464
ml_latest_small,33,tag_wizards,0.06254961341619492
ml_latest_small,33,tag_samurai,0.0316498689353466
ml_latest_small,33,tag_president,9.99999993922529e-09
ml_latest_small,33,tag_alcoholism,0.005643806420266628
ml_latest_small,33,tag_death_penalty,0.032741330564022064
ml_latest_small,33,tag_ireland,0.030343977734446526
ml_latest_small,33,tag_space_opera,0.059325624257326126
ml_latest_small,33,tag_marriage,0.08450132608413696
ml_latest_small,33,tag_cross_dressing,0.06086593121290207
ml_latest_small,33,tag_biopic,0.0733632892370224
ml_latest_small,33,tag_aardman,0.0058413236401975155
ml_latest_small,33,tag_civil_war,0.0670134499669075
ml_latest_small,33,tag_amnesia,0.04967731609940529
ml_latest_small,33,tag_swashbuckler,0.043188098818063736
ml_latest_small,33,tag_homeless,0.04236916825175285
ml_latest_small,33,tag_baseball,0.06224978715181351
ml_latest_small,33,tag_sports,0.028356147930026054
ml_latest_small,33,tag_lawyers,0.05217351019382477
ml_latest_small,33,tag_judaism,0.026730941608548164
ml_latest_small,33,tag_dickens,0.043598346412181854
ml_latest_small,33,tag_jason,0.03951866552233696
ml_latest_small,33,tag_hepburn_and_tracy,0.037193961441516876
ml_latest_small,33,tag_unique,0.0887431800365448
ml_latest_small,33,tag_sad,0.016639184206724167
ml_latest_small,33,tag_fun,0.06211881712079048
ml_latest_small,33,tag_existentialism,0.0627889335155487
ml_latest_small,33,tag_poignant,0.05727915093302727
ml_latest_small,33,tag_martin_scorsese,0.019813647493720055
ml_latest_small,33,tag_true_story,0.013332491740584373
ml_latest_small,33,tag_tom_hanks,0.09149563312530518
ml_latest_small,33,tag_violent,0.04005925729870796
ml_latest_small,33,tag_marvel,0.09123535454273224
ml_latest_small,33,tag_steve_carell,0.08245419710874557
ml_latest_small,33,tag_bad_plot,0.014538186602294445
ml_latest_small,33,tag_seth_rogen,0.09145811200141907
ml_latest_small,33,tag_samuel_l_jackson,0.07782874256372452
ml_latest_small,33,tag_plot_holes,0.017234455794095993
ml_latest_small,33,tag_survival,0.08352669328451157
ml_latest_small,33,tag_interesting,0.0350777730345726
ml_latest_small,33,tag_controversial,0.06365586072206497
ml_latest_small,33,tag_crude_humor,0.07810548692941666
ml_latest_small,33,tag_assassin,0.08114908635616302
ml_latest_small,33,tag_feel_good,0.033807046711444855
ml_latest_small,33,tag_hugh_jackman,0.012067119590938091
ml_latest_small,34,genre_action,0.06299080699682236
ml_latest_small,34,genre_adventure,0.06926097720861435
ml_latest_small,34,genre_animation,0.055396948009729385
ml_latest_small,34,genre_children,0.04086799547076225
ml_latest_small,34,genre_comedy,0.09719181060791016
ml_latest_small,34,genre_crime,0.005245819687843323
ml_latest_small,34,genre_documentary,0.025379417464137077
ml_latest_small,34,genre_drama,0.05951683968305588
ml_latest_small,34,genre_fantasy,0.0029515442438423634
ml_latest_small,34,genre_film_noir,0.07058514654636383
ml_latest_small,34,genre_horror,9.99999993922529e-09
ml_latest_small,34,genre_imax,0.07283524423837662
ml_latest_small,34,genre_musical,0.05601559951901436
ml_latest_small,34,genre_mystery,0.0009712593746371567
ml_latest_small,34,genre_no_genres_listed,9.99999993922529e-09
ml_latest_small,34,genre_romance,0.029472189024090767
ml_latest_small,34,genre_sci_fi,0.007136831060051918
ml_latest_small,34,genre_thriller,0.05101655423641205
ml_latest_small,34,genre_war,0.008603477850556374
ml_latest_small,34,genre_western,0.028519969433546066
ml_latest_small,34,tag_in_netflix_queue,0.08942071348428726
ml_latest_small,34,tag_atmospheric,9.99999993922529e-09
ml_latest_small,34,tag_thought_provoking,0.04345119744539261
ml_latest_small,34,tag_funny,0.0845651626586914
ml_latest_small,34,tag_superhero,0.06625574827194214
ml_latest_small,34,tag_surreal,0.09115508198738098
ml_latest_small,34,tag_sci_fi,0.014767920598387718
ml_latest_small,34,tag_disney,0.026801180094480515
ml_latest_small,34,tag_quirky,0.005674048326909542
ml_latest_small,34,tag_religion,0.005626357160508633
ml_latest_small,34,tag_dark_comedy,0.04239267110824585
ml_latest_small,34,tag_suspense,0.026123078539967537
ml_latest_small,34,tag_psychology,0.08317064493894577
ml_latest_small,34,tag_twist_ending,0.060357771813869476
ml_latest_small,34,tag_visually_appealing,0.025368845090270042
ml_latest_small,34,tag_comedy,0.05814444646239281
ml_latest_small,34,tag_politics,0.06379920989274979
ml_latest_small,34,tag_crime,0.05413663387298584
ml_latest_small,34,tag_time_travel,0.007002606987953186
ml_latest_small,34,tag_music,0.048426903784275055
ml_latest_small,34,tag_dark,0.04338764399290085
ml_latest_small,34,tag_action,0.034365102648735046
ml_latest_small,34,tag_high_school,0.08201940357685089
ml_latest_small,34,tag_mental_illness,0.039215561002492905
ml_latest_small,34,tag_mindfuck,0.053324345499277115
ml_latest_small,34,tag_aliens,9.99999993922529e-09
ml_latest_small,34,tag_black_comedy,0.05162327364087105
ml_latest_small,34,tag_space,0.033129092305898666
ml_latest_small,34,tag_dreamlike,0.026185322552919388
ml_latest_small,34,tag_mafia,0.01798953302204609
ml_latest_small,34,tag_holocaust,0.053926315158605576
ml_latest_small,34,tag_disturbing,0.004478713031858206
ml_latest_small,34,tag_shakespeare,0.05969614163041115
ml_latest_small,34,tag_emotional,0.07963253557682037
ml_latest_small,34,tag_stephen_king,0.046068307012319565
ml_latest_small,34,tag_journalism,0.07229311019182205
ml_latest_small,34,tag_heist,0.04397789388895035
ml_latest_small,34,tag_classic,0.06585454195737839
ml_latest_small,34,tag_anime,0.052188940346241
ml_latest_small,34,tag_satire,0.053349822759628296
ml_latest_small,34,tag_court,0.032080233097076416
ml_latest_small,34,tag_christmas,9.99999993922529e-09
ml_latest_small,34,tag_animation,0.06229967251420021
ml_latest_small,34,tag_imdb_top_250,0.07352806627750397
ml_latest_small,34,tag_comic_book,0.004852380603551865
ml_latest_small,34,tag_psychological,0.04001031443476677
ml_latest_small,34,tag_ghosts,0.058973006904125214
ml_latest_small,34,tag_bittersweet,0.018910588696599007
ml_latest_small,34,tag_adolescence,0.010461379773914814
ml_latest_small,34,tag_adultery,0.06768084317445755
ml_latest_small,34,tag_boxing,0.010770550929009914
ml_latest_small,34,tag_drugs,0.008465375751256943
ml_latest_small,34,tag_leonardo_dicaprio,0.08781746029853821
ml_latest_small,34,tag_post_apocalyptic,0.07344626635313034
ml_latest_small,34,tag_robots,0.008644187822937965
ml_latest_small,34,tag_cinematography,0.07210712879896164
ml_latest_small,34,tag_india,0.03956111893057823
ml_latest_small,34,tag_remake,0.044811949133872986
ml_latest_small,34,tag_england,0.026364248245954514
ml_latest_small,34,tag_australia,0.07774698734283447
ml_latest_small,34,tag_vietnam,9.99999993922529e-09
ml_latest_small,34,tag_philosophical,0.08075354993343353
ml_latest_small,34,tag_will_ferrell,0.07130177319049835
ml_latest_small,34,tag_revenge,0.005640123039484024
ml_latest_small,34,tag_world_war_ii,0.008553306572139263
ml_latest_small,34,tag_adventure,0.07489398866891861
ml_latest_small,34,tag_stylized,0.049273114651441574
ml_latest_small,34,tag_mystery,0.06284642964601517
ml_latest_small,34,tag_murder,0.08801470696926117
ml_latest_small,34,tag_hallucinatory,0.05923040956258774
ml_latest_small,34,tag_military,9.99999993922529e-09
ml_latest_small,34,tag_tense,0.041111189872026443
ml_latest_small,34,tag_creepy,0.08831355720758438
ml_latest_small,34,tag_sexuality,0.04302972927689552
ml_latest_small,34,tag_racism,0.025326741859316826
ml_latest_small,34,tag_heartwarming,0.05252308025956154
ml_latest_small,34,tag_family,9.99999993922529e-09
ml_latest_small,34,tag_sequel,0.068081334233284
ml_latest_small,34,tag_police,0.005313395522534847
ml_latest_small,34,tag_violence,0.03112768568098545
ml_latest_small,34,tag_divorce,0.027319513261318207
ml_latest_small,34,tag_coen_brothers,0.07237579673528671
ml_latest_small,34,tag_martial_arts,0.005598090123385191
ml_latest_small,34,tag_serial_killer,0.09319721162319183
ml_latest_small,34,tag_animal_movie,0.06740108132362366
ml_latest_small,34,tag_movie_business,0.057603076100349426
ml_latest_small,34,tag_race,0.09188897907733917
ml_latest_small,34,tag_spoof,0.038850877434015274
ml_latest_small,34,tag_new_york,0.0008077488746494055
ml_latest_small,34,tag_bad,0.08287080377340317
ml_latest_small,34,tag_beautiful,0.03832480311393738
ml_latest_small,34,tag_inspirational,0.06732812523841858
ml_latest_small,34,tag_clever,0.04162242263555527
ml_latest_small,34,tag_witty,0.022422993555665016
ml_latest_small,34,tag_social_commentary,0.053589828312397
ml_latest_small,34,tag_romance,0.04758944734930992
ml_latest_small,34,tag_predictable,0.061392731964588165
ml_latest_small,34,tag_quentin_tarantino,0.05705566331744194
ml_latest_small,34,tag_dark_humor,0.06340232491493225
ml_latest_small,34,tag_black_and_white,0.06019614264369011
ml_latest_small,34,tag_magic,0.03469431400299072
ml_latest_small,34,tag_cult_film,0.02948599122464657
ml_latest_small,34,tag_assassination,0.05230819433927536
ml_latest_small,34,tag_kidnapping,0.07796274125576019
ml_latest_small,34,tag_prostitution,0.04762496054172516
ml_latest_small,34,tag_disability,0.03464110195636749
ml_latest_small,34,tag_death,0.016283757984638214
ml_latest_small,34,tag_screwball,0.0238485224545002
ml_latest_small,34,tag_bible,0.04251931607723236
ml_latest_small,34,tag_intelligent,0.0489845797419548
ml_latest_small,34,tag_gritty,0.0060780225321650505
ml_latest_small,34,tag_cerebral,9.99999993922529e-09
ml_latest_small,34,tag_wedding,0.07583998888731003
ml_latest_small,34,tag_fantasy,0.014539273455739021
ml_latest_small,34,tag_gothic,9.99999993922529e-09
ml_latest_small,34,tag_pixar,0.004529134836047888
ml_latest_small,34,tag_great_soundtrack,0.04453191161155701
ml_latest_small,34,tag_soundtrack,0.0583232156932354
ml_latest_small,34,tag_dystopia,0.0018323883414268494
ml_latest_small,34,tag_visually_stunning,9.99999993922529e-09
ml_latest_small,34,tag_future,0.022908007726073265
ml_latest_small,34,tag_zombies,9.99999993922529e-09
ml_latest_small,34,tag_depressing,0.02625555545091629
ml_latest_small,34,tag_terrorism,0.06812823563814163
ml_latest_small,34,tag_pregnancy,0.01633595861494541
ml_latest_small,34,tag_twins,0.08422931283712387
ml_latest_small,34,tag_hit_men,0.019034158438444138
ml_latest_small,34,tag_men_in_drag,0.06440252810716629
ml_latest_small,34,tag_remade,0.04280439391732216
ml_latest_small,34,tag_gambling,9.99999993922529e-09
ml_latest_small,34,tag_television,0.0737583264708519
ml_latest_small,34,tag_astaire_and_rogers,0.033165693283081055
ml_latest_small,34,tag_nick_and_nora_charles,0.002103605540469289
ml_latest_small,34,tag_business,0.07712805271148682
ml_latest_small,34,tag_philosophy,9.99999993922529e-09
ml_latest_small,34,tag_touching,0.04276885464787483
ml_latest_small,34,tag_al_pacino,0.04834646359086037
ml_latest_small,34,tag_epic,0.08397708833217621
ml_latest_small,34,tag_dogs,0.033271677792072296
ml_latest_small,34,tag_adam_sandler,0.04954400286078453
ml_latest_small,34,tag_organized_crime,0.07217162847518921
ml_latest_small,34,tag_stylish,9.99999993922529e-09
ml_latest_small,34,tag_good_dialogue,0.009248277172446251
ml_latest_small,34,tag_brad_pitt,0.041401807218790054
ml_latest_small,34,tag_ben_stiller,0.07700884342193604
ml_latest_small,34,tag_africa,0.08729487657546997
ml_latest_small,34,tag_corruption,0.019174685701727867
ml_latest_small,34,tag_ryan_reynolds,0.08672638237476349
ml_latest_small,34,tag_thriller,0.022967219352722168
ml_latest_small,34,tag_sarcasm,9.99999993922529e-09
ml_latest_small,34,tag_based_on_a_book,0.08156035095453262
ml_latest_small,34,tag_humorous,0.020533494651317596
ml_latest_small,34,tag_friendship,0.06779121607542038
ml_latest_small,34,tag_artificial_intelligence,0.038972169160842896
ml_latest_small,34,tag_horror,9.99999993922529e-09
ml_latest_small,34,tag_paranoia,0.05109788849949837
ml_latest_small,34,tag_wizards,0.08608541637659073
ml_latest_small,34,tag_samurai,0.07364033907651901
ml_latest_small,34,tag_president,0.031181203201413155
ml_latest_small,34,tag_alcoholism,0.09094773232936859
ml_latest_small,34,tag_death_penalty,0.05942855030298233
ml_latest_small,34,tag_ireland,0.06983442604541779
ml_latest_small,34,tag_space_opera,0.055158864706754684
ml_latest_small,34,tag_marriage,0.025472890585660934
ml_latest_small,34,tag_cross_dressing,0.06566275656223297
ml_latest_small,34,tag_biopic,0.016264533624053
ml_latest_small,34,tag_aardman,0.024520495906472206
ml_latest_small,34,tag_civil_war,9.99999993922529e-09
ml_latest_small,34,tag_amnesia,0.019614659249782562
ml_latest_small,34,tag_swashbuckler,0.0511249341070652
ml_latest_small,34,tag_homeless,9.99999993922529e-09
ml_latest_small,34,tag_baseball,0.07185369729995728
ml_latest_small,34,tag_sports,0.053588803857564926
ml_latest_small,34,tag_lawyers,0.0807797908782959
ml_latest_small,34,tag_judaism,0.08354345709085464
ml_latest_small,34,tag_dickens,0.08768215030431747
ml_latest_small,34,tag_jason,0.027528807520866394
ml_latest_small,34,tag_hepburn_and_tracy,0.09110080450773239
ml_latest_small,34,tag_unique,0.06662904471158981
ml_latest_small,34,tag_sad,0.008955759927630424
ml_latest_small,34,tag_fun,0.00234942976385355
ml_latest_small,34,tag_existentialism,0.031126901507377625
ml_latest_small,34,tag_poignant,0.005399239715188742
ml_latest_small,34,tag_martin_scorsese,0.01922321319580078
ml_latest_small,34,tag_true_story,0.06583985686302185
ml_latest_small,34,tag_tom_hanks,0.05514194443821907
ml_latest_small,34,tag_violent,0.04792173579335213
ml_latest_small,34,tag_marvel,0.0058836196549236774
ml_latest_small,34,tag_steve_carell,9.99999993922529e-09
ml_latest_small,34,tag_bad_plot,0.09234979003667831
ml_latest_small,34,tag_seth_rogen,0.042142562568187714
ml_latest_small,34,tag_samuel_l_jackson,0.054203666746616364
ml_latest_small,34,tag_plot_holes,0.030557651072740555
ml_latest_small,34,tag_survival,0.0891508236527443
ml_latest_small,34,tag_interesting,0.03738829493522644
ml_latest_small,34,tag_controversial,0.04893696680665016
ml_latest_small,34,tag_crude_humor,0.00949607603251934
ml_latest_small,34,tag_assassin,0.001435086247511208
ml_latest_small,34,tag_feel_good,0.021144861355423927
ml_latest_small,34,tag_hugh_jackman,0.07286081463098526
ml_latest_small,35,genre_action,0.004912982229143381
ml_latest_small,35,genre_adventure,0.0731988474726677
ml_latest_small,35,genre_animation,0.0071423910558223724
ml_latest_small,35,genre_children,0.04892410710453987
ml_latest_small,35,genre_comedy,0.019684433937072754
ml_latest_small,35,genre_crime,0.035956550389528275
ml_latest_small,35,genre_documentary,0.07413610816001892
ml_latest_small,35,genre_drama,0.05228693038225174
ml_latest_small,35,genre_fantasy,0.005785523913800716
ml_latest_small,35,genre_film_noir,0.031326040625572205
ml_latest_small,35,genre_horror,0.039336271584033966
ml_latest_small,35,genre_imax,0.08472385257482529
ml_latest_small,35,genre_musical,0.034049876034259796
ml_latest_small,35,genre_mystery,0.04944382980465889
ml_latest_small,35,genre_no_genres_listed,0.06758230924606323
ml_latest_small,35,genre_romance,0.026147589087486267
ml_latest_small,35,genre_sci_fi,0.07018180936574936
ml_latest_small,35,genre_thriller,0.07420684397220612
ml_latest_small,35,genre_war,0.05421334505081177
ml_latest_small,35,genre_western,0.06828996539115906
ml_latest_small,35,tag_in_netflix_queue,0.06916892528533936
ml_latest_small,35,tag_atmospheric,0.07808082550764084
ml_latest_small,35,tag_thought_provoking,0.0807933509349823
ml_latest_small,35,tag_funny,0.04512966424226761
ml_latest_small,35,tag_superhero,9.99999993922529e-09
ml_latest_small,35,tag_surreal,0.05535394325852394
ml_latest_small,35,tag_sci_fi,0.04555077478289604
ml_latest_small,35,tag_disney,0.00453103007748723
ml_latest_small,35,tag_quirky,0.07360249012708664
ml_latest_small,35,tag_religion,0.03199386224150658
ml_latest_small,35,tag_dark_comedy,0.06259859353303909
ml_latest_small,35,tag_suspense,0.0023457014467567205
ml_latest_small,35,tag_psychology,0.05781606584787369
ml_latest_small,35,tag_twist_ending,0.057765379548072815
ml_latest_small,35,tag_visually_appealing,0.034428905695676804
ml_latest_small,35,tag_comedy,0.060330238193273544
ml_latest_small,35,tag_politics,0.08519817143678665
ml_latest_small,35,tag_crime,0.07863529026508331
ml_latest_small,35,tag_time_travel,0.054169487208127975
ml_latest_small,35,tag_music,0.012411420233547688
ml_latest_small,35,tag_dark,0.06837864220142365
ml_latest_small,35,tag_action,0.03465171530842781
ml_latest_small,35,tag_high_school,0.0625411868095398
ml_latest_small,35,tag_mental_illness,0.0881994366645813
ml_latest_small,35,tag_mindfuck,0.027978235855698586
ml_latest_small,35,tag_aliens,0.08112376928329468
ml_latest_small,35,tag_black_comedy,0.0012355668004602194
ml_latest_small,35,tag_space,0.055826496332883835
ml_latest_small,35,tag_dreamlike,0.06512395292520523
ml_latest_small,35,tag_mafia,0.036706287413835526
ml_latest_small,35,tag_holocaust,0.06907843798398972
ml_latest_small,35,tag_disturbing,0.08266029506921768
ml_latest_small,35,tag_shakespeare,0.045837584882974625
ml_latest_small,35,tag_emotional,0.030032111331820488
ml_latest_small,35,tag_stephen_king,0.033206768333911896
ml_latest_small,35,tag_journalism,0.0750996321439743
ml_latest_small,35,tag_heist,0.052464425563812256
ml_latest_small,35,tag_classic,0.04918202757835388
ml_latest_small,35,tag_anime,0.08041093498468399
ml_latest_small,35,tag_satire,0.05291208624839783
ml_latest_small,35,tag_court,0.07836990058422089
ml_latest_small,35,tag_christmas,0.08303651213645935
ml_latest_small,35,tag_animation,0.0822770819067955
ml_latest_small,35,tag_imdb_top_250,0.06797818839550018
ml_latest_small,35,tag_comic_book,0.08619828522205353
ml_latest_small,35,tag_psychological,0.09070725739002228
ml_latest_small,35,tag_ghosts,0.006653582211583853
ml_latest_small,35,tag_bittersweet,0.08041606098413467
ml_latest_small,35,tag_adolescence,0.0779171735048294
ml_latest_small,35,tag_adultery,0.024594509974122047
ml_latest_small,35,tag_boxing,0.013478035107254982
ml_latest_small,35,tag_drugs,0.09201131016016006
ml_latest_small,35,tag_leonardo_dicaprio,0.0591881088912487
ml_latest_small,35,tag_post_apocalyptic,0.06646324694156647
ml_latest_small,35,tag_robots,0.06932526081800461
ml_latest_small,35,tag_cinematography,9.99999993922529e-09
ml_latest_small,35,tag_india,0.06859215348958969
ml_latest_small,35,tag_remake,0.0354815274477005
ml_latest_small,35,tag_england,0.017557265236973763
ml_latest_small,35,tag_australia,0.042830947786569595
ml_latest_small,35,tag_vietnam,0.08807162940502167
ml_latest_small,35,tag_philosophical,0.01607033982872963
ml_latest_small,35,tag_will_ferrell,0.021916931495070457
ml_latest_small,35,tag_revenge,0.08744823187589645
ml_latest_small,35,tag_world_war_ii,0.02574685402214527
ml_latest_small,35,tag_adventure,0.04602644965052605
ml_latest_small,35,tag_stylized,0.07256582379341125
ml_latest_small,35,tag_mystery,0.05470266193151474
ml_latest_small,35,tag_murder,0.08191613852977753
ml_latest_small,35,tag_hallucinatory,0.07891590893268585
ml_latest_small,35,tag_military,0.07481982558965683
ml_latest_small,35,tag_tense,0.06367382407188416
ml_latest_small,35,tag_creepy,0.021134348586201668
ml_latest_small,35,tag_sexuality,0.002248808741569519
ml_latest_small,35,tag_racism,0.005672423169016838
ml_latest_small,35,tag_heartwarming,0.08807393163442612
ml_latest_small,35,tag_family,0.03227589279413223
ml_latest_small,35,tag_sequel,0.08795035630464554
ml_latest_small,35,tag_police,0.010601050220429897
ml_latest_small,35,tag_violence,0.02083759754896164
ml_latest_small,35,tag_divorce,0.047940272837877274
ml_latest_small,35,tag_coen_brothers,0.08395105600357056
ml_latest_small,35,tag_martial_arts,0.03132248669862747
ml_latest_small,35,tag_serial_killer,0.05033797025680542
ml_latest_small,35,tag_animal_movie,0.042497120797634125
ml_latest_small,35,tag_movie_business,0.049048054963350296
ml_latest_small,35,tag_race,0.018842292949557304
ml_latest_small,35,tag_spoof,0.059151679277420044
ml_latest_small,35,tag_new_york,0.08883047848939896
ml_latest_small,35,tag_bad,0.03087085671722889
ml_latest_small,35,tag_beautiful,0.05623173341155052
ml_latest_small,35,tag_inspirational,0.036864593625068665
ml_latest_small,35,tag_clever,0.04961709678173065
ml_latest_small,35,tag_witty,0.0005100200651213527
ml_latest_small,35,tag_social_commentary,0.06793548911809921
ml_latest_small,35,tag_romance,0.04416763037443161
ml_latest_small,35,tag_predictable,0.018183251842856407
ml_latest_small,35,tag_quentin_tarantino,0.024616504088044167
ml_latest_small,35,tag_dark_humor,0.06430260092020035
ml_latest_small,35,tag_black_and_white,0.07289176434278488
ml_latest_small,35,tag_magic,0.058656346052885056
ml_latest_small,35,tag_cult_film,0.05570080131292343
ml_latest_small,35,tag_assassination,0.028862405568361282
ml_latest_small,35,tag_kidnapping,0.04650501906871796
ml_latest_small,35,tag_prostitution,0.06000443920493126
ml_latest_small,35,tag_disability,0.01795562356710434
ml_latest_small,35,tag_death,0.027543051168322563
ml_latest_small,35,tag_screwball,0.06071918457746506
ml_latest_small,35,tag_bible,0.004539119079709053
ml_latest_small,35,tag_intelligent,0.0350840799510479
ml_latest_small,35,tag_gritty,0.028371036052703857
ml_latest_small,35,tag_cerebral,9.99999993922529e-09
ml_latest_small,35,tag_wedding,0.005428231321275234
ml_latest_small,35,tag_fantasy,0.02592386119067669
ml_latest_small,35,tag_gothic,9.99999993922529e-09
ml_latest_small,35,tag_pixar,0.0012634927406907082
ml_latest_small,35,tag_great_soundtrack,0.06160469353199005
ml_latest_small,35,tag_soundtrack,0.07004117965698242
ml_latest_small,35,tag_dystopia,0.03354720026254654
ml_latest_small,35,tag_visually_stunning,0.05750342831015587
ml_latest_small,35,tag_future,0.0722455233335495
ml_latest_small,35,tag_zombies,0.02961706928908825
ml_latest_small,35,tag_depressing,0.006849448196589947
ml_latest_small,35,tag_terrorism,0.08557485044002533
ml_latest_small,35,tag_pregnancy,0.04681536182761192
ml_latest_small,35,tag_twins,0.06321929395198822
ml_latest_small,35,tag_hit_men,0.021571768447756767
ml_latest_small,35,tag_men_in_drag,0.021610504016280174
ml_latest_small,35,tag_remade,0.052838388830423355
ml_latest_small,35,tag_gambling,0.006874233949929476
ml_latest_small,35,tag_television,0.0316116139292717
ml_latest_small,35,tag_astaire_and_rogers,0.0062662470154464245
ml_latest_small,35,tag_nick_and_nora_charles,0.022848935797810555
ml_latest_small,35,tag_business,0.05661395937204361
ml_latest_small,35,tag_philosophy,0.07685346901416779
ml_latest_small,35,tag_touching,0.08345416188240051
ml_latest_small,35,tag_al_pacino,0.00612019095569849
ml_latest_small,35,tag_epic,0.06480208039283752
ml_latest_small,35,tag_dogs,0.06724552065134048
ml_latest_small,35,tag_adam_sandler,0.02848290465772152
ml_latest_small,35,tag_organized_crime,0.07260511070489883
ml_latest_small,35,tag_stylish,0.003450200892984867
ml_latest_small,35,tag_good_dialogue,9.99999993922529e-09
ml_latest_small,35,tag_brad_pitt,0.09190041571855545
ml_latest_small,35,tag_ben_stiller,0.03405284509062767
ml_latest_small,35,tag_africa,0.05285197123885155
ml_latest_small,35,tag_corruption,0.08290314674377441
ml_latest_small,35,tag_ryan_reynolds,0.08858925849199295
ml_latest_small,35,tag_thriller,0.018423138186335564
ml_latest_small,35,tag_sarcasm,0.03395698964595795
ml_latest_small,35,tag_based_on_a_book,0.06049898639321327
ml_latest_small,35,tag_humorous,0.054077304899692535
ml_latest_small,35,tag_friendship,0.06804502010345459
ml_latest_small,35,tag_artificial_intelligence,0.03806191682815552
ml_latest_small,35,tag_horror,0.0883903056383133
ml_latest_small,35,tag_paranoia,0.022127844393253326
ml_latest_small,35,tag_wizards,0.07199347019195557
ml_latest_small,35,tag_samurai,0.001286030630581081
ml_latest_small,35,tag_president,0.012264283373951912
ml_latest_small,35,tag_alcoholism,0.0465858019888401
ml_latest_small,35,tag_death_penalty,0.06938298046588898
ml_latest_small,35,tag_ireland,9.99999993922529e-09
ml_latest_small,35,tag_space_opera,0.06257203221321106
ml_latest_small,35,tag_marriage,0.06938964128494263
ml_latest_small,35,tag_cross_dressing,0.07294931262731552
ml_latest_small,35,tag_biopic,0.03205764293670654
ml_latest_small,35,tag_aardman,0.02453937940299511
ml_latest_small,35,tag_civil_war,0.09090267866849899
ml_latest_small,35,tag_amnesia,0.05679628998041153
ml_latest_small,35,tag_swashbuckler,0.09076623618602753
ml_latest_small,35,tag_homeless,0.08347325772047043
ml_latest_small,35,tag_baseball,0.012523708865046501
ml_latest_small,35,tag_sports,0.04560031369328499
ml_latest_small,35,tag_lawyers,9.99999993922529e-09
ml_latest_small,35,tag_judaism,0.032249435782432556
ml_latest_small,35,tag_dickens,0.004279733635485172
ml_latest_small,35,tag_jason,0.08295678347349167
ml_latest_small,35,tag_hepburn_and_tracy,0.06533047556877136
ml_latest_small,35,tag_unique,0.0186992846429348
ml_latest_small,35,tag_sad,0.04415347799658775
ml_latest_small,35,tag_fun,0.006799031980335712
ml_latest_small,35,tag_existentialism,0.008715154603123665
ml_latest_small,35,tag_poignant,0.049845922738313675
ml_latest_small,35,tag_martin_scorsese,0.06372503936290741
ml_latest_small,35,tag_true_story,0.07953168451786041
ml_latest_small,35,tag_tom_hanks,0.06228961423039436
ml_latest_small,35,tag_violent,0.0768340453505516
ml_latest_small,35,tag_marvel,0.05551517754793167
ml_latest_small,35,tag_steve_carell,0.07204433530569077
ml_latest_small,35,tag_bad_plot,0.006468023639172316
ml_latest_small,35,tag_seth_rogen,0.06769905984401703
ml_latest_small,35,tag_samuel_l_jackson,0.01358872652053833
ml_latest_small,35,tag_plot_holes,0.02072954922914505
ml_latest_small,35,tag_survival,0.006424898747354746
ml_latest_small,35,tag_interesting,0.005328896455466747
ml_latest_small,35,tag_controversial,0.07094959169626236
ml_latest_small,35,tag_crude_humor,0.04401680454611778
ml_latest_small,35,tag_assassin,0.01017274521291256
ml_latest_small,35,tag_feel_good,0.04291312023997307
ml_latest_small,35,tag_hugh_jackman,0.057911768555641174
ml_latest_small,36,genre_action,0.024003366008400917
ml_latest_small,36,genre_adventure,0.01743827760219574
ml_latest_small,36,genre_animation,0.04596644639968872
ml_latest_small,36,genre_children,0.01739908754825592
ml_latest_small,36,genre_comedy,0.008305853232741356
ml_latest_small,36,genre_crime,0.05935530737042427
ml_latest_small,36,genre_documentary,9.99999993922529e-09
ml_latest_small,36,genre_drama,0.08339834958314896
ml_latest_small,36,genre_fantasy,0.0016290097264572978
ml_latest_small,36,genre_film_noir,0.05743475258350372
ml_latest_small,36,genre_horror,0.08889126777648926
ml_latest_small,36,genre_imax,0.04292834550142288
ml_latest_small,36,genre_musical,0.055343203246593475
ml_latest_small,36,genre_mystery,0.05692196637392044
ml_latest_small,36,genre_no_genres_listed,0.08772062510251999
ml_latest_small,36,genre_romance,0.060903776437044144
ml_latest_small,36,genre_sci_fi,0.016425838693976402
ml_latest_small,36,genre_thriller,0.07048696279525757
ml_latest_small,36,genre_war,9.99999993922529e-09
ml_latest_small,36,genre_western,0.07347245514392853
ml_latest_small,36,tag_in_netflix_queue,0.07053348422050476
ml_latest_small,36,tag_atmospheric,0.0022432515397667885
ml_latest_small,36,tag_thought_provoking,0.05477152019739151
ml_latest_small,36,tag_funny,0.01964116096496582
ml_latest_small,36,tag_superhero,0.08028741180896759
ml_latest_small,36,tag_surreal,0.004736151080578566
ml_latest_small,36,tag_sci_fi,0.04347758740186691
ml_latest_small,36,tag_disney,9.99999993922529e-09
ml_latest_small,36,tag_quirky,0.024734674021601677
ml_latest_small,36,tag_religion,0.05853899568319321
ml_latest_small,36,tag_dark_comedy,0.08913319557905197
ml_latest_small,36,tag_suspense,0.08901995420455933
ml_latest_small,36,tag_psychology,0.08849597722291946
ml_latest_small,36,tag_twist_ending,0.004516920540481806
ml_latest_small,36,tag_visually_appealing,0.02905089408159256
ml_latest_small,36,tag_comedy,0.012855865992605686
ml_latest_small,36,tag_politics,0.08437790721654892
ml_latest_small,36,tag_crime,0.08749096095561981
ml_latest_small,36,tag_time_travel,0.03780452534556389
ml_latest_small,36,tag_music,0.025924285873770714
ml_latest_small,36,tag_dark,0.07950446754693985
ml_latest_small,36,tag_action,0.029150012880563736
ml_latest_small,36,tag_high_school,0.0664275735616684
ml_latest_small,36,tag_mental_illness,0.001833233516663313
ml_latest_small,36,tag_mindfuck,0.07556133717298508
ml_latest_small,36,tag_aliens,9.99999993922529e-09
ml_latest_small,36,tag_black_comedy,0.06517581641674042
ml_latest_small,36,tag_space,0.018827587366104126
ml_latest_small,36,tag_dreamlike,0.031216833740472794
ml_latest_small,36,tag_mafia,0.02078714594244957
ml_latest_small,36,tag_holocaust,0.053875960409641266
ml_latest_small,36,tag_disturbing,0.05306254327297211
ml_latest_small,36,tag_shakespeare,0.053180743008852005
ml_latest_small,36,tag_emotional,0.06333520263433456
ml_latest_small,36,tag_stephen_king,0.041270025074481964
ml_latest_small,36,tag_journalism,0.09177650511264801
ml_latest_small,36,tag_heist,0.04396788403391838
ml_latest_small,36,tag_classic,0.09012441337108612
ml_latest_small,36,tag_anime,0.02601342462003231
ml_latest_small,36,tag_satire,0.06557431817054749
ml_latest_small,36,tag_court,0.09072494506835938
ml_latest_small,36,tag_christmas,0.08055294305086136
ml_latest_small,36,tag_animation,0.0820007473230362
ml_latest_small,36,tag_imdb_top_250,0.074811190366745
ml_latest_small,36,tag_comic_book,0.04399527236819267
ml_latest_small,36,tag_psychological,0.0007302961312234402
ml_latest_small,36,tag_ghosts,0.09251318871974945
ml_latest_small,36,tag_bittersweet,9.99999993922529e-09
ml_latest_small,36,tag_adolescence,0.07172459363937378
ml_latest_small,36,tag_adultery,0.025898391380906105
ml_latest_small,36,tag_boxing,0.03779386729001999
ml_latest_small,36,tag_drugs,0.012236286886036396
ml_latest_small,36,tag_leonardo_dicaprio,0.09037759155035019
ml_latest_small,36,tag_post_apocalyptic,0.08993010967969894
ml_latest_small,36,tag_robots,9.99999993922529e-09
ml_latest_small,36,tag_cinematography,0.06812573969364166
ml_latest_small,36,tag_india,0.08523086458444595
ml_latest_small,36,tag_remake,0.08610905706882477
ml_latest_small,36,tag_england,0.04739239066839218
ml_latest_small,36,tag_australia,0.03140968829393387
ml_latest_small,36,tag_vietnam,0.04508843645453453
ml_latest_small,36,tag_philosophical,0.08721180260181427
ml_latest_small,36,tag_will_ferrell,9.99999993922529e-09
ml_latest_small,36,tag_revenge,0.004681344144046307
ml_latest_small,36,tag_world_war_ii,0.01644863374531269
ml_latest_small,36,tag_adventure,0.057861749082803726
ml_latest_small,36,tag_stylized,0.025433547794818878
ml_latest_small,36,tag_mystery,0.07856454700231552
ml_latest_small,36,tag_murder,0.07559467107057571
ml_latest_small,36,tag_hallucinatory,0.08884772658348083
ml_latest_small,36,tag_military,0.06678792089223862
ml_latest_small,36,tag_tense,0.019328922033309937
ml_latest_small,36,tag_creepy,0.07239747792482376
ml_latest_small,36,tag_sexuality,0.008628590032458305
ml_latest_small,36,tag_racism,0.028200779110193253
ml_latest_small,36,tag_heartwarming,0.03551476448774338
ml_latest_small,36,tag_family,0.04394269362092018
ml_latest_small,36,tag_sequel,0.04348559305071831
ml_latest_small,36,tag_police,0.05710017308592796
ml_latest_small,36,tag_violence,0.04830807447433472
ml_latest_small,36,tag_divorce,9.99999993922529e-09
ml_latest_small,36,tag_coen_brothers,0.013780113309621811
ml_latest_small,36,tag_martial_arts,0.038503676652908325
ml_latest_small,36,tag_serial_killer,0.015455899760127068
ml_latest_small,36,tag_animal_movie,0.08718983829021454
ml_latest_small,36,tag_movie_business,0.0859803855419159
ml_latest_small,36,tag_race,0.05986461415886879
ml_latest_small,36,tag_spoof,0.004251700825989246
ml_latest_small,36,tag_new_york,0.05688145011663437
ml_latest_small,36,tag_bad,0.06245538219809532
ml_latest_small,36,tag_beautiful,0.010826900601387024
ml_latest_small,36,tag_inspirational,0.05485965311527252
ml_latest_small,36,tag_clever,0.043566133826971054
ml_latest_small,36,tag_witty,0.03905963525176048
ml_latest_small,36,tag_social_commentary,0.08696845918893814
ml_latest_small,36,tag_romance,0.006795994937419891
ml_latest_small,36,tag_predictable,0.05802455544471741
ml_latest_small,36,tag_quentin_tarantino,0.04922673851251602
ml_latest_small,36,tag_dark_humor,0.06394866108894348
ml_latest_small,36,tag_black_and_white,0.04752392694354057
ml_latest_small,36,tag_magic,0.07452411949634552
ml_latest_small,36,tag_cult_film,0.001814168761484325
ml_latest_small,36,tag_assassination,0.0872233584523201
ml_latest_small,36,tag_kidnapping,9.99999993922529e-09
ml_latest_small,36,tag_prostitution,0.02035309560596943
ml_latest_small,36,tag_disability,0.08920340985059738
ml_latest_small,36,tag_death,0.08586050570011139
ml_latest_small,36,tag_screwball,0.04700466990470886
ml_latest_small,36,tag_bible,0.05356983095407486
ml_latest_small,36,tag_intelligent,0.07863805443048477
ml_latest_small,36,tag_gritty,0.05878409370779991
ml_latest_small,36,tag_cerebral,0.08632562309503555
ml_latest_small,36,tag_wedding,0.05717167258262634
ml_latest_small,36,tag_fantasy,0.05947694927453995
ml_latest_small,36,tag_gothic,0.0793394148349762
ml_latest_small,36,tag_pixar,0.011155536398291588
ml_latest_small,36,tag_great_soundtrack,0.048322465270757675
ml_latest_small,36,tag_soundtrack,0.005104324780404568
ml_latest_small,36,tag_dystopia,0.09023412317037582
ml_latest_small,36,tag_visually_stunning,0.03076525591313839
ml_latest_small,36,tag_future,0.06911009550094604
ml_latest_small,36,tag_zombies,0.07924970984458923
ml_latest_small,36,tag_depressing,9.99999993922529e-09
ml_latest_small,36,tag_terrorism,0.014318245463073254
ml_latest_small,36,tag_pregnancy,0.07958388328552246
ml_latest_small,36,tag_twins,9.99999993922529e-09
ml_latest_small,36,tag_hit_men,0.04742022976279259
ml_latest_small,36,tag_men_in_drag,0.04059400036931038
ml_latest_small,36,tag_remade,0.07268088310956955
ml_latest_small,36,tag_gambling,0.048827894032001495
ml_latest_small,36,tag_television,0.022996120154857635
ml_latest_small,36,tag_astaire_and_rogers,0.007143501657992601
ml_latest_small,36,tag_nick_and_nora_charles,0.06539911776781082
ml_latest_small,36,tag_business,0.02415052428841591
ml_latest_small,36,tag_philosophy,0.02223898097872734
ml_latest_small,36,tag_touching,0.0692172646522522
ml_latest_small,36,tag_al_pacino,0.09072449803352356
ml_latest_small,36,tag_epic,0.08415698260068893
ml_latest_small,36,tag_dogs,0.02171226590871811
ml_latest_small,36,tag_adam_sandler,0.018680239096283913
ml_latest_small,36,tag_organized_crime,0.010858166962862015
ml_latest_small,36,tag_stylish,9.99999993922529e-09
ml_latest_small,36,tag_good_dialogue,0.058700110763311386
ml_latest_small,36,tag_brad_pitt,0.0484515018761158
ml_latest_small,36,tag_ben_stiller,0.07330845296382904
ml_latest_small,36,tag_africa,0.07179626822471619
ml_latest_small,36,tag_corruption,9.99999993922529e-09
ml_latest_small,36,tag_ryan_reynolds,0.01825498603284359
ml_latest_small,36,tag_thriller,0.031317129731178284
ml_latest_small,36,tag_sarcasm,0.04530809447169304
ml_latest_small,36,tag_based_on_a_book,9.99999993922529e-09
ml_latest_small,36,tag_humorous,0.0256503839045763
ml_latest_small,36,tag_friendship,0.021649092435836792
ml_latest_small,36,tag_artificial_intelligence,0.029066110029816628
ml_latest_small,36,tag_horror,9.99999993922529e-09
ml_latest_small,36,tag_paranoia,0.0016836085123941302
ml_latest_small,36,tag_wizards,0.04321225360035896
ml_latest_small,36,tag_samurai,0.08687984198331833
ml_latest_small,36,tag_president,0.007426233030855656
ml_latest_small,36,tag_alcoholism,0.08862669765949249
ml_latest_small,36,tag_death_penalty,0.054109346121549606
ml_latest_small,36,tag_ireland,0.0597248300909996
ml_latest_small,36,tag_space_opera,0.0076434919610619545
ml_latest_small,36,tag_marriage,0.010127420537173748
ml_latest_small,36,tag_cross_dressing,0.0777367651462555
ml_latest_small,36,tag_biopic,0.0522698238492012
ml_latest_small,36,tag_aardman,0.0529952272772789
ml_latest_small,36,tag_civil_war,0.05529402941465378
ml_latest_small,36,tag_amnesia,0.04956766590476036
ml_latest_small,36,tag_swashbuckler,0.058332107961177826
ml_latest_small,36,tag_homeless,0.0029749139212071896
ml_latest_small,36,tag_baseball,0.08386538177728653
ml_latest_small,36,tag_sports,0.060081422328948975
ml_latest_small,36,tag_lawyers,0.018091732636094093
ml_latest_small,36,tag_judaism,0.08030863106250763
ml_latest_small,36,tag_dickens,0.038781169801950455
ml_latest_small,36,tag_jason,0.029678242281079292
ml_latest_small,36,tag_hepburn_and_tracy,0.05685499683022499
ml_latest_small,36,tag_unique,0.06399276107549667
ml_latest_small,36,tag_sad,9.99999993922529e-09
ml_latest_small,36,tag_fun,0.05327286198735237
ml_latest_small,36,tag_existentialism,0.01766209490597248
ml_latest_small,36,tag_poignant,9.99999993922529e-09
ml_latest_small,36,tag_martin_scorsese,0.09070095419883728
ml_latest_small,36,tag_true_story,0.08250005543231964
ml_latest_small,36,tag_tom_hanks,0.019330300390720367
ml_latest_small,36,tag_violent,0.012245592661201954
ml_latest_small,36,tag_marvel,0.08098401129245758
ml_latest_small,36,tag_steve_carell,0.029138285666704178
ml_latest_small,36,tag_bad_plot,0.017892170697450638
ml_latest_small,36,tag_seth_rogen,0.07836227118968964
ml_latest_small,36,tag_samuel_l_jackson,0.04704073816537857
ml_latest_small,36,tag_plot_holes,0.06273223459720612
ml_latest_small,36,tag_survival,0.07677008956670761
ml_latest_small,36,tag_interesting,0.053377095609903336
ml_latest_small,36,tag_controversial,0.026774486526846886
ml_latest_small,36,tag_crude_humor,0.07213864475488663
ml_latest_small,36,tag_assassin,9.99999993922529e-09
ml_latest_small,36,tag_feel_good,0.009216894395649433
ml_latest_small,36,tag_hugh_jackman,0.0019311303040012717
ml_latest_small,37,genre_action,0.04228007793426514
ml_latest_small,37,genre_adventure,0.027948563918471336
ml_latest_small,37,genre_animation,0.0435950830578804
ml_latest_small,37,genre_children,0.08828875422477722
ml_latest_small,37,genre_comedy,0.09320293366909027
ml_latest_small,37,genre_crime,0.006682278588414192
ml_latest_small,37,genre_documentary,0.01134535949677229
ml_latest_small,37,genre_drama,0.0874888002872467
ml_latest_small,37,genre_fantasy,0.02674015611410141
ml_latest_small,37,genre_film_noir,0.058326441794633865
ml_latest_small,37,genre_horror,0.040276627987623215
ml_latest_small,37,genre_imax,0.0738569125533104
ml_latest_small,37,genre_musical,9.99999993922529e-09
ml_latest_small,37,genre_mystery,0.023174960166215897
ml_latest_small,37,genre_no_genres_listed,0.01905493065714836
ml_latest_small,37,genre_romance,0.07411380857229233
ml_latest_small,37,genre_sci_fi,0.09264983236789703
ml_latest_small,37,genre_thriller,0.07873860746622086
ml_latest_small,37,genre_war,0.09158534556627274
ml_latest_small,37,genre_western,9.99999993922529e-09
ml_latest_small,37,tag_in_netflix_queue,0.01470471452921629
ml_latest_small,37,tag_atmospheric,0.04774566739797592
ml_latest_small,37,tag_thought_provoking,0.042733240872621536
ml_latest_small,37,tag_funny,0.03438630327582359
ml_latest_small,37,tag_superhero,0.009825366549193859
ml_latest_small,37,tag_surreal,0.0002075878728646785
ml_latest_small,37,tag_sci_fi,9.99999993922529e-09
ml_latest_small,37,tag_disney,0.0742180272936821
ml_latest_small,37,tag_quirky,0.03594831004738808
ml_latest_small,37,tag_religion,0.01362564042210579
ml_latest_small,37,tag_dark_comedy,0.02292773500084877
ml_latest_small,37,tag_suspense,0.04800399765372276
ml_latest_small,37,tag_psychology,0.09020780771970749
ml_latest_small,37,tag_twist_ending,0.07163634896278381
ml_latest_small,37,tag_visually_appealing,0.03689476475119591
ml_latest_small,37,tag_comedy,0.039082035422325134
ml_latest_small,37,tag_politics,9.99999993922529e-09
ml_latest_small,37,tag_crime,0.0825958400964737
ml_latest_small,37,tag_time_travel,0.0178446713835001
ml_latest_small,37,tag_music,0.047680675983428955
ml_latest_small,37,tag_dark,0.0034933078568428755
ml_latest_small,37,tag_action,0.04232256859540939
ml_latest_small,37,tag_high_school,0.057828642427921295
ml_latest_small,37,tag_mental_illness,0.07998290657997131
ml_latest_small,37,tag_mindfuck,0.002017512684687972
ml_latest_small,37,tag_aliens,0.04431866481900215
ml_latest_small,37,tag_black_comedy,0.021716682240366936
ml_latest_small,37,tag_space,9.99999993922529e-09
ml_latest_small,37,tag_dreamlike,0.07194282859563828
ml_latest_small,37,tag_mafia,0.055503565818071365
ml_latest_small,37,tag_holocaust,0.050018761307001114
ml_latest_small,37,tag_disturbing,0.03184644505381584
ml_latest_small,37,tag_shakespeare,0.009047907777130604
ml_latest_small,37,tag_emotional,0.05264335870742798
ml_latest_small,37,tag_stephen_king,0.01565297320485115
ml_latest_small,37,tag_journalism,0.005631335079669952
ml_latest_small,37,tag_heist,0.033857062458992004
ml_latest_small,37,tag_classic,0.07887522131204605
ml_latest_small,37,tag_anime,0.04818558320403099
ml_latest_small,37,tag_satire,0.05704775080084801
ml_latest_small,37,tag_court,0.07183222472667694
ml_latest_small,37,tag_christmas,0.06198922544717789
ml_latest_small,37,tag_animation,0.0659852996468544
ml_latest_small,37,tag_imdb_top_250,0.06315867602825165
ml_latest_small,37,tag_comic_book,0.04045020416378975
ml_latest_small,37,tag_psychological,0.009314951486885548
ml_latest_small,37,tag_ghosts,0.0618169941008091
ml_latest_small,37,tag_bittersweet,0.030062349513173103
ml_latest_small,37,tag_adolescence,0.07750889658927917
ml_latest_small,37,tag_adultery,0.0866452157497406
ml_latest_small,37,tag_boxing,0.030444541946053505
ml_latest_small,37,tag_drugs,0.051982730627059937
ml_latest_small,37,tag_leonardo_dicaprio,0.013685496523976326
ml_latest_small,37,tag_post_apocalyptic,0.001370869344100356
ml_latest_small,37,tag_robots,0.017579657956957817
ml_latest_small,37,tag_cinematography,0.00044593558413907886
ml_latest_small,37,tag_india,0.06530950963497162
ml_latest_small,37,tag_remake,0.025854380801320076
ml_latest_small,37,tag_england,0.053860489279031754
ml_latest_small,37,tag_australia,0.023439936339855194
ml_latest_small,37,tag_vietnam,0.055397190153598785
ml_latest_small,37,tag_philosophical,0.06887839734554291
ml_latest_small,37,tag_will_ferrell,0.08532153069972992
ml_latest_small,37,tag_revenge,0.06301212310791016
ml_latest_small,37,tag_world_war_ii,0.07335701584815979
ml_latest_small,37,tag_adventure,0.07464256137609482
ml_latest_small,37,tag_stylized,0.06191176921129227
ml_latest_small,37,tag_mystery,0.0778983011841774
ml_latest_small,37,tag_murder,0.027728615328669548
ml_latest_small,37,tag_hallucinatory,0.05586791783571243
ml_latest_small,37,tag_military,0.05105523020029068
ml_latest_small,37,tag_tense,0.050125863403081894
ml_latest_small,37,tag_creepy,0.05989137291908264
ml_latest_small,37,tag_sexuality,0.06229090318083763
ml_latest_small,37,tag_racism,0.027798082679510117
ml_latest_small,37,tag_heartwarming,0.04692881181836128
ml_latest_small,37,tag_family,0.06071636080741882
ml_latest_small,37,tag_sequel,0.05218705162405968
ml_latest_small,37,tag_police,0.03550754487514496
ml_latest_small,37,tag_violence,0.03535641357302666
ml_latest_small,37,tag_divorce,0.05254111811518669
ml_latest_small,37,tag_coen_brothers,9.99999993922529e-09
ml_latest_small,37,tag_martial_arts,0.06686440855264664
ml_latest_small,37,tag_serial_killer,0.07926475256681442
ml_latest_small,37,tag_animal_movie,0.05843937769532204
ml_latest_small,37,tag_movie_business,0.06500077247619629
ml_latest_small,37,tag_race,0.011606228537857533
ml_latest_small,37,tag_spoof,0.02359083481132984
ml_latest_small,37,tag_new_york,0.017324309796094894
ml_latest_small,37,tag_bad,0.05338285118341446
ml_latest_small,37,tag_beautiful,0.04251135140657425
ml_latest_small,37,tag_inspirational,0.08797639608383179
ml_latest_small,37,tag_clever,0.08679312467575073
ml_latest_small,37,tag_witty,0.060212038457393646
ml_latest_small,37,tag_social_commentary,0.061316851526498795
ml_latest_small,37,tag_romance,9.99999993922529e-09
ml_latest_small,37,tag_predictable,0.07698383182287216
ml_latest_small,37,tag_quentin_tarantino,0.08681943267583847
ml_latest_small,37,tag_dark_humor,0.04442673176527023
ml_latest_small,37,tag_black_and_white,0.05785851180553436
ml_latest_small,37,tag_magic,0.09081289917230606
ml_latest_small,37,tag_cult_film,0.004705235827714205
ml_latest_small,37,tag_assassination,0.04828326404094696
ml_latest_small,37,tag_kidnapping,0.004091361537575722
ml_latest_small,37,tag_prostitution,9.99999993922529e-09
ml_latest_small,37,tag_disability,0.04046090319752693
ml_latest_small,37,tag_death,0.05340147018432617
ml_latest_small,37,tag_screwball,0.021687719970941544
ml_latest_small,37,tag_bible,0.0031680839601904154
ml_latest_small,37,tag_intelligent,0.024543417617678642
ml_latest_small,37,tag_gritty,0.04683607071638107
ml_latest_small,37,tag_cerebral,0.09295067191123962
ml_latest_small,37,tag_wedding,0.0795525461435318
ml_latest_small,37,tag_fantasy,0.015070677734911442
ml_latest_small,37,tag_gothic,0.07183107733726501
ml_latest_small,37,tag_pixar,0.06468614190816879
ml_latest_small,37,tag_great_soundtrack,0.05639829486608505
ml_latest_small,37,tag_soundtrack,0.022271644324064255
ml_latest_small,37,tag_dystopia,0.03625112026929855
ml_latest_small,37,tag_visually_stunning,0.0179295651614666
ml_latest_small,37,tag_future,0.07122040539979935
ml_latest_small,37,tag_zombies,0.017685575410723686
ml_latest_small,37,tag_depressing,0.030548755079507828
ml_latest_small,37,tag_terrorism,0.08402345329523087
ml_latest_small,37,tag_pregnancy,9.99999993922529e-09
ml_latest_small,37,tag_twins,0.033834926784038544
ml_latest_small,37,tag_hit_men,0.025993337854743004
ml_latest_small,37,tag_men_in_drag,0.033630404621362686
ml_latest_small,37,tag_remade,0.05020250380039215
ml_latest_small,37,tag_gambling,0.0014794034650549293
ml_latest_small,37,tag_television,0.048355523496866226
ml_latest_small,37,tag_astaire_and_rogers,0.019526366144418716
ml_latest_small,37,tag_nick_and_nora_charles,0.011151588521897793
ml_latest_small,37,tag_business,0.044938668608665466
ml_latest_small,37,tag_philosophy,0.05379754304885864
ml_latest_small,37,tag_touching,0.07996195554733276
ml_latest_small,37,tag_al_pacino,0.026176219806075096
ml_latest_small,37,tag_epic,0.01963343843817711
ml_latest_small,37,tag_dogs,0.029430102556943893
ml_latest_small,37,tag_adam_sandler,9.99999993922529e-09
ml_latest_small,37,tag_organized_crime,0.020543431863188744
ml_latest_small,37,tag_stylish,0.001094555133022368
ml_latest_small,37,tag_good_dialogue,0.022452708333730698
ml_latest_small,37,tag_brad_pitt,0.008048663847148418
ml_latest_small,37,tag_ben_stiller,9.99999993922529e-09
ml_latest_small,37,tag_africa,0.006952770985662937
ml_latest_small,37,tag_corruption,0.043451227247714996
ml_latest_small,37,tag_ryan_reynolds,0.054596636444330215
ml_latest_small,37,tag_thriller,0.06150900572538376
ml_latest_small,37,tag_sarcasm,0.017301931977272034
ml_latest_small,37,tag_based_on_a_book,0.05288773402571678
ml_latest_small,37,tag_humorous,0.055832572281360626
ml_latest_small,37,tag_friendship,0.0590592660009861
ml_latest_small,37,tag_artificial_intelligence,0.07643753290176392
ml_latest_small,37,tag_horror,0.012012719176709652
ml_latest_small,37,tag_paranoia,0.0641670897603035
ml_latest_small,37,tag_wizards,0.08323299139738083
ml_latest_small,37,tag_samurai,0.06806997954845428
ml_latest_small,37,tag_president,0.028541410341858864
ml_latest_small,37,tag_alcoholism,0.08377308398485184
ml_latest_small,37,tag_death_penalty,0.023945262655615807
ml_latest_small,37,tag_ireland,0.01885940320789814
ml_latest_small,37,tag_space_opera,0.01239995751529932
ml_latest_small,37,tag_marriage,0.0028140025679022074
ml_latest_small,37,tag_cross_dressing,0.07974357903003693
ml_latest_small,37,tag_biopic,0.01277846097946167
ml_latest_small,37,tag_aardman,0.07948572188615799
ml_latest_small,37,tag_civil_war,0.07577724754810333
ml_latest_small,37,tag_amnesia,0.08496569842100143
ml_latest_small,37,tag_swashbuckler,0.03521342948079109
ml_latest_small,37,tag_homeless,0.01915859617292881
ml_latest_small,37,tag_baseball,0.03138686716556549
ml_latest_small,37,tag_sports,0.028961515054106712
ml_latest_small,37,tag_lawyers,9.99999993922529e-09
ml_latest_small,37,tag_judaism,0.05669449642300606
ml_latest_small,37,tag_dickens,0.026954717934131622
ml_latest_small,37,tag_jason,0.03982146456837654
ml_latest_small,37,tag_hepburn_and_tracy,9.99999993922529e-09
ml_latest_small,37,tag_unique,0.04270084947347641
ml_latest_small,37,tag_sad,0.06144219636917114
ml_latest_small,37,tag_fun,0.07688187062740326
ml_latest_small,37,tag_existentialism,0.05489787086844444
ml_latest_small,37,tag_poignant,0.0667906180024147
ml_latest_small,37,tag_martin_scorsese,0.07781575620174408
ml_latest_small,37,tag_true_story,0.06897951662540436
ml_latest_small,37,tag_tom_hanks,0.007825867272913456
ml_latest_small,37,tag_violent,0.06255275011062622
ml_latest_small,37,tag_marvel,0.0679067075252533
ml_latest_small,37,tag_steve_carell,0.02731127105653286
ml_latest_small,37,tag_bad_plot,0.07529322803020477
ml_latest_small,37,tag_seth_rogen,0.07298347353935242
ml_latest_small,37,tag_samuel_l_jackson,0.0548502616584301
ml_latest_small,37,tag_plot_holes,0.0732221007347107
ml_latest_small,37,tag_survival,0.05529133230447769
ml_latest_small,37,tag_interesting,0.033498961478471756
ml_latest_small,37,tag_controversial,0.0016440249746665359
ml_latest_small,37,tag_crude_humor,0.044466111809015274
ml_latest_small,37,tag_assassin,0.04145645350217819
ml_latest_small,37,tag_feel_good,0.0344458743929863
ml_latest_small,37,tag_hugh_jackman,0.07904509454965591
ml_latest_small,38,genre_action,0.06009049713611603
ml_latest_small,38,genre_adventure,0.07373280078172684
ml_latest_small,38,genre_animation,0.07058466225862503
ml_latest_small,38,genre_children,0.03207771107554436
ml_latest_small,38,genre_comedy,0.04990141838788986
ml_latest_small,38,genre_crime,0.03273622319102287
ml_latest_small,38,genre_documentary,0.06480201333761215
ml_latest_small,38,genre_drama,0.07691790163516998
ml_latest_small,38,genre_fantasy,0.009474092163145542
ml_latest_small,38,genre_film_noir,0.07385637611150742
ml_latest_small,38,genre_horror,0.001139956177212298
ml_latest_small,38,genre_imax,0.006580821704119444
ml_latest_small,38,genre_musical,0.07904870808124542
ml_latest_small,38,genre_mystery,0.051491085439920425
ml_latest_small,38,genre_no_genres_listed,0.047829266637563705
ml_latest_small,38,genre_romance,0.03297560289502144
ml_latest_small,38,genre_sci_fi,0.09197164326906204
ml_latest_small,38,genre_thriller,0.026255685836076736
ml_latest_small,38,genre_war,0.08334507793188095
ml_latest_small,38,genre_western,0.057833120226860046
ml_latest_small,38,tag_in_netflix_queue,0.01131440605968237
ml_latest_small,38,tag_atmospheric,0.059489790350198746
ml_latest_small,38,tag_thought_provoking,0.017891772091388702
ml_latest_small,38,tag_funny,9.99999993922529e-09
ml_latest_small,38,tag_superhero,0.0694645419716835
ml_latest_small,38,tag_surreal,0.0788876861333847
ml_latest_small,38,tag_sci_fi,0.0009952877881005406
ml_latest_small,38,tag_disney,0.0017289313254877925
ml_latest_small,38,tag_quirky,0.02808256261050701
ml_latest_small,38,tag_religion,0.017337406054139137
ml_latest_small,38,tag_dark_comedy,0.07017195969820023
ml_latest_small,38,tag_suspense,0.09055941551923752
ml_latest_small,38,tag_psychology,0.016791941598057747
ml_latest_small,38,tag_twist_ending,0.09058292210102081
ml_latest_small,38,tag_visually_appealing,0.0422486774623394
ml_latest_small,38,tag_comedy,0.07114772498607635
ml_latest_small,38,tag_politics,0.03762573376297951
ml_latest_small,38,tag_crime,0.003984934184700251
ml_latest_small,38,tag_time_travel,0.04158347100019455
ml_latest_small,38,tag_music,0.002989936387166381
ml_latest_small,38,tag_dark,0.06220213696360588
ml_latest_small,38,tag_action,0.008362986147403717
ml_latest_small,38,tag_high_school,0.044942475855350494
ml_latest_small,38,tag_mental_illness,0.03465878218412399
ml_latest_small,38,tag_mindfuck,0.03034210205078125
ml_latest_small,38,tag_aliens,0.0005161755252629519
ml_latest_small,38,tag_black_comedy,0.07696742564439774
ml_latest_small,38,tag_space,0.09312878549098969
ml_latest_small,38,tag_dreamlike,0.06161210313439369
ml_latest_small,38,tag_mafia,0.0895131453871727
ml_latest_small,38,tag_holocaust,0.057894520461559296
ml_latest_small,38,tag_disturbing,0.06388584524393082
ml_latest_small,38,tag_shakespeare,0.091460682451725
ml_latest_small,38,tag_emotional,0.0044722240418195724
ml_latest_small,38,tag_stephen_king,0.005765344947576523
ml_latest_small,38,tag_journalism,0.04884491115808487
ml_latest_small,38,tag_heist,9.99999993922529e-09
ml_latest_small,38,tag_classic,0.0868629440665245
ml_latest_small,38,tag_anime,0.06524454057216644
ml_latest_small,38,tag_satire,0.01877814345061779
ml_latest_small,38,tag_court,0.011335642077028751
ml_latest_small,38,tag_christmas,0.05548685044050217
ml_latest_small,38,tag_animation,0.08522216230630875
ml_latest_small,38,tag_imdb_top_250,0.07270987331867218
ml_latest_small,38,tag_comic_book,0.020670119673013687
ml_latest_small,38,tag_psychological,9.99999993922529e-09
ml_latest_small,38,tag_ghosts,0.037545934319496155
ml_latest_small,38,tag_bittersweet,9.99999993922529e-09
ml_latest_small,38,tag_adolescence,0.02560361847281456
ml_latest_small,38,tag_adultery,9.99999993922529e-09
ml_latest_small,38,tag_boxing,0.03901234269142151
ml_latest_small,38,tag_drugs,0.04293273389339447
ml_latest_small,38,tag_leonardo_dicaprio,0.04325159639120102
ml_latest_small,38,tag_post_apocalyptic,9.99999993922529e-09
ml_latest_small,38,tag_robots,0.03313727304339409
ml_latest_small,38,tag_cinematography,0.07859359681606293
ml_latest_small,38,tag_india,0.04224149137735367
ml_latest_small,38,tag_remake,0.0910060852766037
ml_latest_small,38,tag_england,0.012987489812076092
ml_latest_small,38,tag_australia,0.04260510951280594
ml_latest_small,38,tag_vietnam,0.04586462303996086
ml_latest_small,38,tag_philosophical,9.99999993922529e-09
ml_latest_small,38,tag_will_ferrell,0.0830984115600586
ml_latest_small,38,tag_revenge,0.06264737993478775
ml_latest_small,38,tag_world_war_ii,0.05754080414772034
ml_latest_small,38,tag_adventure,0.04141486808657646
ml_latest_small,38,tag_stylized,0.08619986474514008
ml_latest_small,38,tag_mystery,0.009404947981238365
ml_latest_small,38,tag_murder,0.059353526681661606
ml_latest_small,38,tag_hallucinatory,9.99999993922529e-09
ml_latest_small,38,tag_military,0.004689435474574566
ml_latest_small,38,tag_tense,0.06755359470844269
ml_latest_small,38,tag_creepy,0.026452604681253433
ml_latest_small,38,tag_sexuality,0.04904759302735329
ml_latest_small,38,tag_racism,0.032004453241825104
ml_latest_small,38,tag_heartwarming,0.06550288200378418
ml_latest_small,38,tag_family,0.006272215861827135
ml_latest_small,38,tag_sequel,0.019878916442394257
ml_latest_small,38,tag_police,0.04355304688215256
ml_latest_small,38,tag_violence,9.99999993922529e-09
ml_latest_small,38,tag_divorce,0.043833836913108826
ml_latest_small,38,tag_coen_brothers,0.0679517388343811
ml_latest_small,38,tag_martial_arts,0.007853569462895393
ml_latest_small,38,tag_serial_killer,0.06987448036670685
ml_latest_small,38,tag_animal_movie,0.06540326029062271
ml_latest_small,38,tag_movie_business,0.07077043503522873
ml_latest_small,38,tag_race,0.03588467463850975
ml_latest_small,38,tag_spoof,0.004464176017791033
ml_latest_small,38,tag_new_york,0.07524650543928146
ml_latest_small,38,tag_bad,0.06965232640504837
ml_latest_small,38,tag_beautiful,0.0912012904882431
ml_latest_small,38,tag_inspirational,0.028359122574329376
ml_latest_small,38,tag_clever,0.09122604131698608
ml_latest_small,38,tag_witty,0.08030612021684647
ml_latest_small,38,tag_social_commentary,0.018863495439291
ml_latest_small,38,tag_romance,0.077218197286129
ml_latest_small,38,tag_predictable,0.013027776032686234
ml_latest_small,38,tag_quentin_tarantino,0.07000497728586197
ml_latest_small,38,tag_dark_humor,0.07760244607925415
ml_latest_small,38,tag_black_and_white,0.021080831065773964
ml_latest_small,38,tag_magic,0.02564934454858303
ml_latest_small,38,tag_cult_film,0.06329954415559769
ml_latest_small,38,tag_assassination,9.99999993922529e-09
ml_latest_small,38,tag_kidnapping,0.07547061890363693
ml_latest_small,38,tag_prostitution,0.055514488369226456
ml_latest_small,38,tag_disability,0.06731265783309937
ml_latest_small,38,tag_death,0.024646740406751633
ml_latest_small,38,tag_screwball,0.07687444239854813
ml_latest_small,38,tag_bible,0.014883758500218391
ml_latest_small,38,tag_intelligent,0.04855138435959816
ml_latest_small,38,tag_gritty,0.02427135407924652
ml_latest_small,38,tag_cerebral,0.06759817898273468
ml_latest_small,38,tag_wedding,0.06073606759309769
ml_latest_small,38,tag_fantasy,0.04806280508637428
ml_latest_small,38,tag_gothic,0.07204193621873856
ml_latest_small,38,tag_pixar,0.03275465965270996
ml_latest_small,38,tag_great_soundtrack,0.06054243445396423
ml_latest_small,38,tag_soundtrack,0.0020622406154870987
ml_latest_small,38,tag_dystopia,0.010021613910794258
ml_latest_small,38,tag_visually_stunning,0.08897426724433899
ml_latest_small,38,tag_future,0.059907395392656326
ml_latest_small,38,tag_zombies,0.08756230026483536
ml_latest_small,38,tag_depressing,0.07534070312976837
ml_latest_small,38,tag_terrorism,0.054173968732357025
ml_latest_small,38,tag_pregnancy,9.99999993922529e-09
ml_latest_small,38,tag_twins,0.027582993730902672
ml_latest_small,38,tag_hit_men,0.03136933222413063
ml_latest_small,38,tag_men_in_drag,9.99999993922529e-09
ml_latest_small,38,tag_remade,0.04798078536987305
ml_latest_small,38,tag_gambling,0.05816435441374779
ml_latest_small,38,tag_television,0.057942718267440796
ml_latest_small,38,tag_astaire_and_rogers,0.002521889517083764
ml_latest_small,38,tag_nick_and_nora_charles,0.07061399519443512
ml_latest_small,38,tag_business,0.003948819357901812
ml_latest_small,38,tag_philosophy,0.01699530892074108
ml_latest_small,38,tag_touching,0.07937902212142944
ml_latest_small,38,tag_al_pacino,0.0246974378824234
ml_latest_small,38,tag_epic,0.06618127971887589
ml_latest_small,38,tag_dogs,0.07669679075479507
ml_latest_small,38,tag_adam_sandler,0.04616887494921684
ml_latest_small,38,tag_organized_crime,0.07445807009935379
ml_latest_small,38,tag_stylish,0.01194368489086628
ml_latest_small,38,tag_good_dialogue,0.023052988573908806
ml_latest_small,38,tag_brad_pitt,0.05618857592344284
ml_latest_small,38,tag_ben_stiller,0.0022549850400537252
ml_latest_small,38,tag_africa,0.028453132137656212
ml_latest_small,38,tag_corruption,0.07666052132844925
ml_latest_small,38,tag_ryan_reynolds,0.05761169269680977
ml_latest_small,38,tag_thriller,0.0006205270765349269
ml_latest_small,38,tag_sarcasm,0.09004753082990646
ml_latest_small,38,tag_based_on_a_book,0.016365403309464455
ml_latest_small,38,tag_humorous,0.007951096631586552
ml_latest_small,38,tag_friendship,0.025793908163905144
ml_latest_small,38,tag_artificial_intelligence,0.0297962985932827
ml_latest_small,38,tag_horror,0.08189156651496887
ml_latest_small,38,tag_paranoia,0.009819470345973969
ml_latest_small,38,tag_wizards,0.07456996291875839
ml_latest_small,38,tag_samurai,0.07487412542104721
ml_latest_small,38,tag_president,0.012510053813457489
ml_latest_small,38,tag_alcoholism,0.09068231284618378
ml_latest_small,38,tag_death_penalty,0.06340917199850082
ml_latest_small,38,tag_ireland,0.032903142273426056
ml_latest_small,38,tag_space_opera,0.023252282291650772
ml_latest_small,38,tag_marriage,0.06854746490716934
ml_latest_small,38,tag_cross_dressing,0.011692306958138943
ml_latest_small,38,tag_biopic,0.05185694620013237
ml_latest_small,38,tag_aardman,0.00343917915597558
ml_latest_small,38,tag_civil_war,9.99999993922529e-09
ml_latest_small,38,tag_amnesia,0.08542293310165405
ml_latest_small,38,tag_swashbuckler,0.09126108139753342
ml_latest_small,38,tag_homeless,0.0827426165342331
ml_latest_small,38,tag_baseball,0.008926351554691792
ml_latest_small,38,tag_sports,0.06336057186126709
ml_latest_small,38,tag_lawyers,0.01706230826675892
ml_latest_small,38,tag_judaism,9.99999993922529e-09
ml_latest_small,38,tag_dickens,0.01361905224621296
ml_latest_small,38,tag_jason,0.018831288442015648
ml_latest_small,38,tag_hepburn_and_tracy,0.032308850437402725
ml_latest_small,38,tag_unique,9.99999993922529e-09
ml_latest_small,38,tag_sad,0.07529325783252716
ml_latest_small,38,tag_fun,0.08930722624063492
ml_latest_small,38,tag_existentialism,0.0890955850481987
ml_latest_small,38,tag_poignant,0.00571946008130908
ml_latest_small,38,tag_martin_scorsese,0.04677879810333252
ml_latest_small,38,tag_true_story,0.0446353405714035
ml_latest_small,38,tag_tom_hanks,0.002160381991416216
ml_latest_small,38,tag_violent,0.06190548837184906
ml_latest_small,38,tag_marvel,0.07397621870040894
ml_latest_small,38,tag_steve_carell,0.07370319962501526
ml_latest_small,38,tag_bad_plot,0.007837971672415733
ml_latest_small,38,tag_seth_rogen,0.042859725654125214
ml_latest_small,38,tag_samuel_l_jackson,9.99999993922529e-09
ml_latest_small,38,tag_plot_holes,0.067207470536232
ml_latest_small,38,tag_survival,0.07049489766359329
ml_latest_small,38,tag_interesting,0.07975547015666962
ml_latest_small,38,tag_controversial,0.049910880625247955
ml_latest_small,38,tag_crude_humor,0.09043476730585098
ml_latest_small,38,tag_assassin,0.017158718779683113
ml_latest_small,38,tag_feel_good,0.002294291043654084
ml_latest_small,38,tag_hugh_jackman,0.05815105512738228
ml_latest_small,39,genre_action,0.07768692076206207
ml_latest_small,39,genre_adventure,0.030306553468108177
ml_latest_small,39,genre_animation,0.08439911156892776
ml_latest_small,39,genre_children,0.06523607671260834
ml_latest_small,39,genre_comedy,0.034324198961257935
ml_latest_small,39,genre_crime,0.021365933120250702
ml_latest_small,39,genre_documentary,0.033313341438770294
ml_latest_small,39,genre_drama,0.09688188135623932
ml_latest_small,39,genre_fantasy,9.99999993922529e-09
ml_latest_small,39,genre_film_noir,0.07682988047599792
ml_latest_small,39,genre_horror,0.043475016951560974
ml_latest_small,39,genre_imax,0.050338201224803925
ml_latest_small,39,genre_musical,0.05108308047056198
ml_latest_small,39,genre_mystery,0.030195100232958794
ml_latest_small,39,genre_no_genres_listed,9.99999993922529e-09
ml_latest_small,39,genre_romance,0.0774996355175972
ml_latest_small,39,genre_sci_fi,0.06223950535058975
ml_latest_small,39,genre_thriller,0.08958376199007034
ml_latest_small,39,genre_war,0.03147498890757561
ml_latest_small,39,genre_western,0.032240111380815506
ml_latest_small,39,tag_in_netflix_queue,0.04884394258260727
ml_latest_small,39,tag_atmospheric,0.08326804637908936
ml_latest_small,39,tag_thought_provoking,0.052226472645998
ml_latest_small,39,tag_funny,0.06147754192352295
ml_latest_small,39,tag_superhero,0.05658451467752457
ml_latest_small,39,tag_surreal,0.006251216866075993
ml_latest_small,39,tag_sci_fi,0.08717240393161774
ml_latest_small,39,tag_disney,0.0011836722260341048
ml_latest_small,39,tag_quirky,0.08446411043405533
ml_latest_small,39,tag_religion,0.049309007823467255
ml_latest_small,39,tag_dark_comedy,0.05903499200940132
ml_latest_small,39,tag_suspense,0.01042142603546381
ml_latest_small,39,tag_psychology,0.022366873919963837
ml_latest_small,39,tag_twist_ending,0.031153731048107147
ml_latest_small,39,tag_visually_appealing,0.056536801159381866
ml_latest_small,39,tag_comedy,0.01705627515912056
ml_latest_small,39,tag_politics,0.0009833043441176414
ml_latest_small,39,tag_crime,0.004798380192369223
ml_latest_small,39,tag_time_travel,0.07622704654932022
ml_latest_small,39,tag_music,0.06348135322332382
ml_latest_small,39,tag_dark,0.00532552832737565
ml_latest_small,39,tag_action,0.058834414929151535
ml_latest_small,39,tag_high_school,0.049327585846185684
ml_latest_small,39,tag_mental_illness,0.04201652109622955
ml_latest_small,39,tag_mindfuck,0.05702870339155197
ml_latest_small,39,tag_aliens,0.08113411068916321
ml_latest_small,39,tag_black_comedy,0.05651000514626503
ml_latest_small,39,tag_space,0.05916665494441986
ml_latest_small,39,tag_dreamlike,0.08064914494752884
ml_latest_small,39,tag_mafia,0.04370015114545822
ml_latest_small,39,tag_holocaust,0.021093523129820824
ml_latest_small,39,tag_disturbing,0.02790093421936035
ml_latest_small,39,tag_shakespeare,9.99999993922529e-09
ml_latest_small,39,tag_emotional,0.005358812399208546
ml_latest_small,39,tag_stephen_king,0.0827626958489418
ml_latest_small,39,tag_journalism,0.07449622452259064
ml_latest_small,39,tag_heist,0.07300762087106705
ml_latest_small,39,tag_classic,0.06353508681058884
ml_latest_small,39,tag_anime,0.0008847087156027555
ml_latest_small,39,tag_satire,0.007497740909457207
ml_latest_small,39,tag_court,9.99999993922529e-09
ml_latest_small,39,tag_christmas,0.06374862790107727
ml_latest_small,39,tag_animation,0.05268573760986328
ml_latest_small,39,tag_imdb_top_250,0.08871667832136154
ml_latest_small,39,tag_comic_book,0.05413114279508591
ml_latest_small,39,tag_psychological,0.05556159093976021
ml_latest_small,39,tag_ghosts,0.002341493731364608
ml_latest_small,39,tag_bittersweet,0.05656842142343521
ml_latest_small,39,tag_adolescence,0.08791404962539673
ml_latest_small,39,tag_adultery,0.0044017452746629715
ml_latest_small,39,tag_boxing,0.03712070733308792
ml_latest_small,39,tag_drugs,0.0021761467214673758
ml_latest_small,39,tag_leonardo_dicaprio,0.009546615183353424
ml_latest_small,39,tag_post_apocalyptic,0.062046125531196594
ml_latest_small,39,tag_robots,0.03476468846201897
ml_latest_small,39,tag_cinematography,0.00434222212061286
ml_latest_small,39,tag_india,0.09116657823324203
ml_latest_small,39,tag_remake,0.019265929237008095
ml_latest_small,39,tag_england,9.99999993922529e-09
ml_latest_small,39,tag_australia,0.018409373238682747
ml_latest_small,39,tag_vietnam,0.04114408418536186
ml_latest_small,39,tag_philosophical,0.09120713174343109
ml_latest_small,39,tag_will_ferrell,0.010903922840952873
ml_latest_small,39,tag_revenge,0.07966461777687073
ml_latest_small,39,tag_world_war_ii,0.07135658711194992
ml_latest_small,39,tag_adventure,0.008365670219063759
ml_latest_small,39,tag_stylized,0.07466092705726624
ml_latest_small,39,tag_mystery,0.0798344537615776
ml_latest_small,39,tag_murder,0.025806758552789688
ml_latest_small,39,tag_hallucinatory,0.08622252941131592
ml_latest_small,39,tag_military,0.05329110100865364
ml_latest_small,39,tag_tense,0.04924212768673897
ml_latest_small,39,tag_creepy,9.99999993922529e-09
ml_latest_small,39,tag_sexuality,0.011599737219512463
ml_latest_small,39,tag_racism,0.021153539419174194
ml_latest_small,39,tag_heartwarming,0.07572660595178604
ml_latest_small,39,tag_family,0.062407925724983215
ml_latest_small,39,tag_sequel,0.07215028256177902
ml_latest_small,39,tag_police,0.025234434753656387
ml_latest_small,39,tag_violence,0.002653052331879735
ml_latest_small,39,tag_divorce,0.0744013637304306
ml_latest_small,39,tag_coen_brothers,0.06098887696862221
ml_latest_small,39,tag_martial_arts,0.05348757654428482
ml_latest_small,39,tag_serial_killer,0.0337907113134861
ml_latest_small,39,tag_animal_movie,0.06905616819858551
ml_latest_small,39,tag_movie_business,0.04281435161828995
ml_latest_small,39,tag_race,0.03048759326338768
ml_latest_small,39,tag_spoof,0.07813668251037598
ml_latest_small,39,tag_new_york,0.03129106014966965
ml_latest_small,39,tag_bad,0.08507493883371353
ml_latest_small,39,tag_beautiful,0.07693880051374435
ml_latest_small,39,tag_inspirational,0.08195043355226517
ml_latest_small,39,tag_clever,0.006131382659077644
ml_latest_small,39,tag_witty,0.034755438566207886
ml_latest_small,39,tag_social_commentary,0.0483148917555809
ml_latest_small,39,tag_romance,0.01821453869342804
ml_latest_small,39,tag_predictable,0.05037042871117592
ml_latest_small,39,tag_quentin_tarantino,0.02809324488043785
ml_latest_small,39,tag_dark_humor,0.001853270805440843
ml_latest_small,39,tag_black_and_white,0.039455998688936234
ml_latest_small,39,tag_magic,0.004695388488471508
ml_latest_small,39,tag_cult_film,0.024302789941430092
ml_latest_small,39,tag_assassination,0.0216691717505455
ml_latest_small,39,tag_kidnapping,0.07194069027900696
ml_latest_small,39,tag_prostitution,0.0732463002204895
ml_latest_small,39,tag_disability,0.018073393031954765
ml_latest_small,39,tag_death,0.007588985841721296
ml_latest_small,39,tag_screwball,0.08342579752206802
ml_latest_small,39,tag_bible,0.0445481576025486
ml_latest_small,39,tag_intelligent,9.99999993922529e-09
ml_latest_small,39,tag_gritty,9.99999993922529e-09
ml_latest_small,39,tag_cerebral,0.0036166461650282145
ml_latest_small,39,tag_wedding,0.03980885446071625
ml_latest_small,39,tag_fantasy,0.03135698661208153
ml_latest_small,39,tag_gothic,0.07862824201583862
ml_latest_small,39,tag_pixar,0.07336654514074326
ml_latest_small,39,tag_great_soundtrack,9.99999993922529e-09
ml_latest_small,39,tag_soundtrack,0.003441502805799246
ml_latest_small,39,tag_dystopia,0.06885473430156708
ml_latest_small,39,tag_visually_stunning,0.03250736743211746
ml_latest_small,39,tag_future,0.04472149536013603
ml_latest_small,39,tag_zombies,0.07337085902690887
ml_latest_small,39,tag_depressing,0.02923993393778801
ml_latest_small,39,tag_terrorism,0.07634835690259933
ml_latest_small,39,tag_pregnancy,0.054798420518636703
ml_latest_small,39,tag_twins,0.08344507962465286
ml_latest_small,39,tag_hit_men,0.026756849139928818
ml_latest_small,39,tag_men_in_drag,0.07826214283704758
ml_latest_small,39,tag_remade,0.05356687679886818
ml_latest_small,39,tag_gambling,9.99999993922529e-09
ml_latest_small,39,tag_television,0.02856282703578472
ml_latest_small,39,tag_astaire_and_rogers,0.026976391673088074
ml_latest_small,39,tag_nick_and_nora_charles,0.08176808804273605
ml_latest_small,39,tag_business,0.06722599267959595
ml_latest_small,39,tag_philosophy,0.07213098555803299
ml_latest_small,39,tag_touching,0.06381607800722122
ml_latest_small,39,tag_al_pacino,0.07739424705505371
ml_latest_small,39,tag_epic,0.05298123508691788
ml_latest_small,39,tag_dogs,9.99999993922529e-09
ml_latest_small,39,tag_adam_sandler,0.04822247847914696
ml_latest_small,39,tag_organized_crime,0.033229101449251175
ml_latest_small,39,tag_stylish,0.02914075367152691
ml_latest_small,39,tag_good_dialogue,9.99999993922529e-09
ml_latest_small,39,tag_brad_pitt,0.09069597721099854
ml_latest_small,39,tag_ben_stiller,0.027222443372011185
ml_latest_small,39,tag_africa,0.019448665902018547
ml_latest_small,39,tag_corruption,0.023623941466212273
ml_latest_small,39,tag_ryan_reynolds,9.99999993922529e-09
ml_latest_small,39,tag_thriller,0.06729865074157715
ml_latest_small,39,tag_sarcasm,9.99999993922529e-09
ml_latest_small,39,tag_based_on_a_book,0.05119946599006653
ml_latest_small,39,tag_humorous,0.07382667809724808
ml_latest_small,39,tag_friendship,0.057860974222421646
ml_latest_small,39,tag_artificial_intelligence,0.004374651238322258
ml_latest_small,39,tag_horror,0.027524147182703018
ml_latest_small,39,tag_paranoia,0.08003278821706772
ml_latest_small,39,tag_wizards,0.08357623964548111
ml_latest_small,39,tag_samurai,0.02458551712334156
ml_latest_small,39,tag_president,0.01780344359576702
ml_latest_small,39,tag_alcoholism,0.01631138101220131
ml_latest_small,39,tag_death_penalty,0.023523256182670593
ml_latest_small,39,tag_ireland,0.017165789380669594
ml_latest_small,39,tag_space_opera,0.03219690918922424
ml_latest_small,39,tag_marriage,0.08191586285829544
ml_latest_small,39,tag_cross_dressing,0.02275617979466915
ml_latest_small,39,tag_biopic,0.05391443520784378
ml_latest_small,39,tag_aardman,0.06766453385353088
ml_latest_small,39,tag_civil_war,0.08407621085643768
ml_latest_small,39,tag_amnesia,0.07331626117229462
ml_latest_small,39,tag_swashbuckler,0.06120770052075386
ml_latest_small,39,tag_homeless,0.08084293454885483
ml_latest_small,39,tag_baseball,0.009943101555109024
ml_latest_small,39,tag_sports,0.010843047872185707
ml_latest_small,39,tag_lawyers,0.016339648514986038
ml_latest_small,39,tag_judaism,0.042237330228090286
ml_latest_small,39,tag_dickens,0.04107660427689552
ml_latest_small,39,tag_jason,0.06304807215929031
ml_latest_small,39,tag_hepburn_and_tracy,0.04481600224971771
ml_latest_small,39,tag_unique,0.01992633007466793
ml_latest_small,39,tag_sad,0.07582182437181473
ml_latest_small,39,tag_fun,0.08245181292295456
ml_latest_small,39,tag_existentialism,0.05839533731341362
ml_latest_small,39,tag_poignant,0.059856973588466644
ml_latest_small,39,tag_martin_scorsese,9.99999993922529e-09
ml_latest_small,39,tag_true_story,0.03610691428184509
ml_latest_small,39,tag_tom_hanks,0.010312228463590145
ml_latest_small,39,tag_violent,0.0524618998169899
ml_latest_small,39,tag_marvel,0.08386793732643127
ml_latest_small,39,tag_steve_carell,0.020392339676618576
ml_latest_small,39,tag_bad_plot,0.017246341332793236
ml_latest_small,39,tag_seth_rogen,0.002155504422262311
ml_latest_small,39,tag_samuel_l_jackson,0.005888596177101135
ml_latest_small,39,tag_plot_holes,0.07376705855131149
ml_latest_small,39,tag_survival,0.08616804331541061
ml_latest_small,39,tag_interesting,0.05418988689780235
ml_latest_small,39,tag_controversial,0.0898052304983139
ml_latest_small,39,tag_crude_humor,0.07807071506977081
ml_latest_small,39,tag_assassin,0.052199482917785645
ml_latest_small,39,tag_feel_good,0.09119623154401779
ml_latest_small,39,tag_hugh_jackman,0.019087281078100204
ml_latest_small,40,genre_action,0.03393111377954483
ml_latest_small,40,genre_adventure,0.003836106974631548
ml_latest_small,40,genre_animation,0.08410190790891647
ml_latest_small,40,genre_children,0.05735408514738083
ml_latest_small,40,genre_comedy,0.028297875076532364
ml_latest_small,40,genre_crime,0.03138106316328049
ml_latest_small,40,genre_documentary,0.018509596586227417
ml_latest_small,40,genre_drama,0.020954251289367676
ml_latest_small,40,genre_fantasy,0.07526769489049911
ml_latest_small,40,genre_film_noir,0.03243916481733322
ml_latest_small,40,genre_horror,0.009102636016905308
ml_latest_small,40,genre_imax,0.04024023190140724
ml_latest_small,40,genre_musical,0.018779149278998375
ml_latest_small,40,genre_mystery,0.0007502444786950946
ml_latest_small,40,genre_no_genres_listed,0.01104599330574274
ml_latest_small,40,genre_romance,9.99999993922529e-09
ml_latest_small,40,genre_sci_fi,0.09372211992740631
ml_latest_small,40,genre_thriller,0.08322108536958694
ml_latest_small,40,genre_war,0.0628724917769432
ml_latest_small,40,genre_western,0.06779137253761292
ml_latest_small,40,tag_in_netflix_queue,0.020803997293114662
ml_latest_small,40,tag_atmospheric,0.06545289605855942
ml_latest_small,40,tag_thought_provoking,0.06565304845571518
ml_latest_small,40,tag_funny,0.054585158824920654
ml_latest_small,40,tag_superhero,0.0001833914138842374
ml_latest_small,40,tag_surreal,0.06275653839111328
ml_latest_small,40,tag_sci_fi,0.04740830883383751
ml_latest_small,40,tag_disney,0.029509836807847023
ml_latest_small,40,tag_quirky,0.0805034339427948
ml_latest_small,40,tag_religion,0.07720981538295746
ml_latest_small,40,tag_dark_comedy,0.019559228792786598
ml_latest_small,40,tag_suspense,0.08740402013063431
ml_latest_small,40,tag_psychology,0.01415504701435566
ml_latest_small,40,tag_twist_ending,0.026756862178444862
ml_latest_small,40,tag_visually_appealing,0.08077725768089294
ml_latest_small,40,tag_comedy,0.004944225307554007
ml_latest_small,40,tag_politics,9.99999993922529e-09
ml_latest_small,40,tag_crime,0.036922305822372437
ml_latest_small,40,tag_time_travel,0.03915054351091385
ml_latest_small,40,tag_music,0.08414442837238312
ml_latest_small,40,tag_dark,9.99999993922529e-09
ml_latest_small,40,tag_action,0.06026584282517433
ml_latest_small,40,tag_high_school,0.005051064770668745
ml_latest_small,40,tag_mental_illness,0.06280172616243362
ml_latest_small,40,tag_mindfuck,0.05320759490132332
ml_latest_small,40,tag_aliens,9.99999993922529e-09
ml_latest_small,40,tag_black_comedy,0.012418749742209911
ml_latest_small,40,tag_space,0.05837376043200493
ml_latest_small,40,tag_dreamlike,0.03535075485706329
ml_latest_small,40,tag_mafia,0.06336398422718048
ml_latest_small,40,tag_holocaust,0.05539111793041229
ml_latest_small,40,tag_disturbing,0.05208373814821243
ml_latest_small,40,tag_shakespeare,0.03811894729733467
ml_latest_small,40,tag_emotional,0.001338941277936101
ml_latest_small,40,tag_stephen_king,0.09159950911998749
ml_latest_small,40,tag_journalism,0.0885598286986351
ml_latest_small,40,tag_heist,0.0732593759894371
ml_latest_small,40,tag_classic,0.015991603955626488
ml_latest_small,40,tag_anime,0.028129007667303085
ml_latest_small,40,tag_satire,0.08841503411531448
ml_latest_small,40,tag_court,0.09199390560388565
ml_latest_small,40,tag_christmas,0.009591137990355492
ml_latest_small,40,tag_animation,9.99999993922529e-09
ml_latest_small,40,tag_imdb_top_250,0.07975270599126816
ml_latest_small,40,tag_comic_book,9.99999993922529e-09
ml_latest_small,40,tag_psychological,0.02616703137755394
ml_latest_small,40,tag_ghosts,0.025329655036330223
ml_latest_small,40,tag_bittersweet,0.0410110168159008
ml_latest_small,40,tag_adolescence,0.06727082282304764
ml_latest_small,40,tag_adultery,0.070124551653862
ml_latest_small,40,tag_boxing,9.99999993922529e-09
ml_latest_small,40,tag_drugs,0.045488521456718445
ml_latest_small,40,tag_leonardo_dicaprio,0.04504979029297829
ml_latest_small,40,tag_post_apocalyptic,0.030333545058965683
ml_latest_small,40,tag_robots,0.05535015091300011
ml_latest_small,40,tag_cinematography,0.01705322414636612
ml_latest_small,40,tag_india,0.0782860517501831
ml_latest_small,40,tag_remake,0.025335630401968956
ml_latest_small,40,tag_england,0.007328599691390991
ml_latest_small,40,tag_australia,0.06615574657917023
ml_latest_small,40,tag_vietnam,0.008864717558026314
ml_latest_small,40,tag_philosophical,0.055305492132902145
ml_latest_small,40,tag_will_ferrell,0.011554999276995659
ml_latest_small,40,tag_revenge,0.053921353071928024
ml_latest_small,40,tag_world_war_ii,0.008414002135396004
ml_latest_small,40,tag_adventure,0.09009771049022675
ml_latest_small,40,tag_stylized,0.07010413706302643
ml_latest_small,40,tag_mystery,0.0617537647485733
ml_latest_small,40,tag_murder,0.047051675617694855
ml_latest_small,40,tag_hallucinatory,0.00586214242503047
ml_latest_small,40,tag_military,0.03601474314928055
ml_latest_small,40,tag_tense,0.07566570490598679
ml_latest_small,40,tag_creepy,0.05776813253760338
ml_latest_small,40,tag_sexuality,0.029374416917562485
ml_latest_small,40,tag_racism,0.08679882436990738
ml_latest_small,40,tag_heartwarming,9.99999993922529e-09
ml_latest_small,40,tag_family,0.00983835756778717
ml_latest_small,40,tag_sequel,0.07660804688930511
ml_latest_small,40,tag_police,0.03593570739030838
ml_latest_small,40,tag_violence,0.05707666650414467
ml_latest_small,40,tag_divorce,0.06561466306447983
ml_latest_small,40,tag_coen_brothers,0.07123703509569168
ml_latest_small,40,tag_martial_arts,0.04756674915552139
ml_latest_small,40,tag_serial_killer,0.020792633295059204
ml_latest_small,40,tag_animal_movie,0.02474050596356392
ml_latest_small,40,tag_movie_business,0.04630127549171448
ml_latest_small,40,tag_race,0.05606193095445633
ml_latest_small,40,tag_spoof,0.019278142601251602
ml_latest_small,40,tag_new_york,0.0016163872787728906
ml_latest_small,40,tag_bad,0.0005425517447292805
ml_latest_small,40,tag_beautiful,0.013551655225455761
ml_latest_small,40,tag_inspirational,9.99999993922529e-09
ml_latest_small,40,tag_clever,0.06442132592201233
ml_latest_small,40,tag_witty,0.007415146101266146
ml_latest_small,40,tag_social_commentary,9.99999993922529e-09
ml_latest_small,40,tag_romance,0.06847124546766281
ml_latest_small,40,tag_predictable,0.0427301824092865
ml_latest_small,40,tag_quentin_tarantino,0.06121378019452095
ml_latest_small,40,tag_dark_humor,0.03478743135929108
ml_latest_small,40,tag_black_and_white,0.07374491542577744
ml_latest_small,40,tag_magic,0.06786885857582092
ml_latest_small,40,tag_cult_film,0.048359595239162445
ml_latest_small,40,tag_assassination,0.08955247700214386
ml_latest_small,40,tag_kidnapping,0.014799941331148148
ml_latest_small,40,tag_prostitution,0.07621190696954727
ml_latest_small,40,tag_disability,0.0004987175343558192
ml_latest_small,40,tag_death,0.03436574339866638
ml_latest_small,40,tag_screwball,0.0655750036239624
ml_latest_small,40,tag_bible,0.06752137094736099
ml_latest_small,40,tag_intelligent,0.05721624195575714
ml_latest_small,40,tag_gritty,0.04857460409402847
ml_latest_small,40,tag_cerebral,0.0638076514005661
ml_latest_small,40,tag_wedding,9.99999993922529e-09
ml_latest_small,40,tag_fantasy,9.99999993922529e-09
ml_latest_small,40,tag_gothic,0.05631241202354431
ml_latest_small,40,tag_pixar,0.02561163157224655
ml_latest_small,40,tag_great_soundtrack,0.0038121514953672886
ml_latest_small,40,tag_soundtrack,9.99999993922529e-09
ml_latest_small,40,tag_dystopia,0.03626163676381111
ml_latest_small,40,tag_visually_stunning,0.04742248356342316
ml_latest_small,40,tag_future,0.028762105852365494
ml_latest_small,40,tag_zombies,0.09055856615304947
ml_latest_small,40,tag_depressing,0.07176675647497177
ml_latest_small,40,tag_terrorism,0.019418993964791298
ml_latest_small,40,tag_pregnancy,0.007706936448812485
ml_latest_small,40,tag_twins,0.04545675590634346
ml_latest_small,40,tag_hit_men,0.05480468273162842
ml_latest_small,40,tag_men_in_drag,0.06152476742863655
ml_latest_small,40,tag_remade,0.052518684417009354
ml_latest_small,40,tag_gambling,0.07643874734640121
ml_latest_small,40,tag_television,9.99999993922529e-09
ml_latest_small,40,tag_astaire_and_rogers,0.002309115370735526
ml_latest_small,40,tag_nick_and_nora_charles,0.012112836353480816
ml_latest_small,40,tag_business,0.006618833635002375
ml_latest_small,40,tag_philosophy,0.027925565838813782
ml_latest_small,40,tag_touching,0.037871893495321274
ml_latest_small,40,tag_al_pacino,9.99999993922529e-09
ml_latest_small,40,tag_epic,0.08076991885900497
ml_latest_small,40,tag_dogs,9.99999993922529e-09
ml_latest_small,40,tag_adam_sandler,0.0861779972910881
ml_latest_small,40,tag_organized_crime,0.04921926185488701
ml_latest_small,40,tag_stylish,0.02881443127989769
ml_latest_small,40,tag_good_dialogue,0.08793167769908905
ml_latest_small,40,tag_brad_pitt,0.01416102796792984
ml_latest_small,40,tag_ben_stiller,0.07901851087808609
ml_latest_small,40,tag_africa,0.037552837282419205
ml_latest_small,40,tag_corruption,0.01491707842797041
ml_latest_small,40,tag_ryan_reynolds,0.06634001433849335
ml_latest_small,40,tag_thriller,0.002658389275893569
ml_latest_small,40,tag_sarcasm,0.09004174172878265
ml_latest_small,40,tag_based_on_a_book,0.07185550034046173
ml_latest_small,40,tag_humorous,0.00658424524590373
ml_latest_small,40,tag_friendship,9.99999993922529e-09
ml_latest_small,40,tag_artificial_intelligence,0.07178723067045212
ml_latest_small,40,tag_horror,0.08031616359949112
ml_latest_small,40,tag_paranoia,0.002150655956938863
ml_latest_small,40,tag_wizards,9.99999993922529e-09
ml_latest_small,40,tag_samurai,0.058095354586839676
ml_latest_small,40,tag_president,0.0368758849799633
ml_latest_small,40,tag_alcoholism,0.07454641163349152
ml_latest_small,40,tag_death_penalty,0.04071682691574097
ml_latest_small,40,tag_ireland,0.03352681174874306
ml_latest_small,40,tag_space_opera,0.04703398048877716
ml_latest_small,40,tag_marriage,0.08280608057975769
ml_latest_small,40,tag_cross_dressing,9.99999993922529e-09
ml_latest_small,40,tag_biopic,0.04548318311572075
ml_latest_small,40,tag_aardman,0.07501174509525299
ml_latest_small,40,tag_civil_war,0.06442442536354065
ml_latest_small,40,tag_amnesia,0.07059254497289658
ml_latest_small,40,tag_swashbuckler,0.0198513250797987
ml_latest_small,40,tag_homeless,0.00243862415663898
ml_latest_small,40,tag_baseball,0.026142125949263573
ml_latest_small,40,tag_sports,0.025759804993867874
ml_latest_small,40,tag_lawyers,0.03794015198945999
ml_latest_small,40,tag_judaism,0.06193610653281212
ml_latest_small,40,tag_dickens,0.004390949383378029
ml_latest_small,40,tag_jason,0.06865975260734558
ml_latest_small,40,tag_hepburn_and_tracy,0.0007699094130657613
ml_latest_small,40,tag_unique,0.06995301693677902
ml_latest_small,40,tag_sad,0.02204606495797634
ml_latest_small,40,tag_fun,0.058081064373254776
ml_latest_small,40,tag_existentialism,0.05380503088235855
ml_latest_small,40,tag_poignant,0.07494964450597763
ml_latest_small,40,tag_martin_scorsese,0.08902829885482788
ml_latest_small,40,tag_true_story,0.009505544789135456
ml_latest_small,40,tag_tom_hanks,0.08919087797403336
ml_latest_small,40,tag_violent,0.0021589775569736958
ml_latest_small,40,tag_marvel,0.0576845183968544
ml_latest_small,40,tag_steve_carell,0.08316141366958618
ml_latest_small,40,tag_bad_plot,0.0733928233385086
ml_latest_small,40,tag_seth_rogen,0.002339995699003339
ml_latest_small,40,tag_samuel_l_jackson,0.03968498855829239
ml_latest_small,40,tag_plot_holes,0.05424903333187103
ml_latest_small,40,tag_survival,0.024865228682756424
ml_latest_small,40,tag_interesting,0.08122808486223221
ml_latest_small,40,tag_controversial,0.058181051164865494
ml_latest_small,40,tag_crude_humor,0.0028092237189412117
ml_latest_small,40,tag_assassin,9.99999993922529e-09
ml_latest_small,40,tag_feel_good,9.99999993922529e-09
ml_latest_small,40,tag_hugh_jackman,0.03182758390903473
